AY31	AY32	AY33	AY34	AY35	AY36	AY37	AY38	AY39	AY40	AY41	AY42	AY1	AY2	AY3	AY4	AY5	AY6	AY7	AY8	AY9	AY10	AY11	AY12
YDL246C	18	18	28	37	38	30	31	28	16	27	18	26	16	66	41	48	39	45	59	78	13	14	18	44
YDL243C	76	97	86	131	135	98	104	78	74	94	72	85	46	172	140	102	99	85	104	130	54	48	55	97
YDR387C	636	496	624	639	1090	816	1147	809	845	725	908	594	278	791	382	422	675	577	744	1010	303	401	325	482
YDL094C	3	6	3	12	2	3	2	4	4	1	5	3	1	11	5	6	4	3	2	10	1	0	4	0
YDR438W	138	115	140	187	194	126	189	121	149	120	158	95	104	254	139	167	218	220	186	267	61	113	70	121
YDR523C	15	7	13	17	32	34	27	28	11	24	16	19	8	34	18	21	40	20	43	54	9	6	13	16
YDR542W	12	9	14	14	33	20	19	17	22	13	16	15	6	45	18	19	24	37	28	38	8	11	9	15
YDR492W	2364	551	1876	584	3152	1981	3062	1847	2800	847	3570	683	2233	5134	444	496	5766	4202	2492	2674	1888	2932	568	950
YDR018C	65	143	69	204	81	118	100	89	60	130	83	116	39	91	140	158	88	67	133	127	28	37	86	117
YDL189W	434	312	430	357	806	636	732	555	549	515	602	302	374	858	312	348	769	770	758	974	216	326	202	307
YDR508C	2120	1406	2303	1490	3808	3380	3502	3196	2560	2557	2875	2082	1515	3560	1140	1245	3924	3849	4337	6493	1382	1835	1318	2173
YDR462W	149	130	156	227	344	268	254	233	181	168	177	130	121	298	189	172	235	247	310	354	103	105	112	176
YDR175C	102	65	117	101	183	154	155	130	90	81	133	76	71	192	79	67	128	146	171	149	55	56	38	75
YDR186C	2546	1310	2305	1715	3549	2535	3260	2299	2556	2160	3345	1588	1923	4735	1253	1287	4615	4055	2805	3584	1556	2177	952	1368
YDR150W	3830	4476	4093	5876	7016	5755	5891	5042	4169	4893	4656	3576	2760	8124	5366	6240	6679	6690	8504	11455	1843	2431	3283	4545
YDR243C	181	116	158	153	301	253	291	200	168	181	251	148	99	317	96	99	249	244	243	312	67	101	60	106
YDL182W	1185	328	1359	308	3369	3786	2738	3121	1360	584	1344	474	1127	3337	199	290	4044	2844	4574	4128	1180	1152	237	482
YDR362C	162	126	156	193	274	218	219	187	184	193	179	120	131	298	171	164	233	245	261	342	97	103	98	164
YDR232W	1814	1005	1855	1241	3367	2266	2889	2008	2457	1648	2435	1447	1092	3223	957	897	2731	2840	2321	3158	887	1364	779	1220
YDR158W	3229	2725	3168	3317	5988	5504	4918	5060	3704	3711	4107	3206	2489	6336	2195	2406	5075	3850	4999	4870	1962	2594	1726	2838
YDR439W	242	209	236	274	363	258	318	249	288	301	319	215	146	430	166	207	299	300	288	356	103	130	116	217
YDL206W	336	337	323	430	595	534	588	516	425	427	528	360	262	522	286	310	498	442	564	949	195	269	227	300
YDR125C	150	66	177	105	355	290	345	271	236	87	244	62	96	270	54	59	289	222	270	430	87	99	41	48
YDR338C	403	238	400	311	702	500	609	425	484	361	514	286	285	662	211	229	629	534	543	704	185	294	168	289
YDR526C	2	0	0	2	8	4	5	2	7	0	3	0	1	5	1	2	4	2	6	6	0	3	1	0
YDR533C	252	228	318	339	654	876	694	713	379	458	384	354	110	374	202	207	327	215	593	532	116	129	184	340
YDR272W	412	400	462	557	681	542	594	456	456	449	482	369	395	939	460	494	655	585	527	664	185	304	259	450
YDR197W	480	377	512	429	676	559	600	525	549	420	656	348	230	595	204	214	469	362	410	558	182	249	155	270
YDR512C	118	80	142	138	203	212	186	183	109	124	126	99	144	310	173	149	262	226	247	257	104	124	106	204
YDR489W	204	185	190	201	346	305	318	274	230	281	266	218	113	337	150	155	287	259	290	355	85	114	126	240
YDR299W	745	339	692	399	1033	982	947	769	707	625	836	403	469	1265	317	355	1049	892	1029	1167	300	405	296	466
YDL015C	2203	1553	2287	1839	3506	2856	3333	2613	2929	2427	3060	1928	1522	3255	1294	1440	2741	2415	2562	3332	1281	1764	1205	1874
YDR304C	1081	1071	1078	1293	1274	1030	1161	886	1163	1088	1219	929	938	2311	1314	1325	1268	1281	1151	1429	687	939	745	1253
YDR271C	8	16	10	16	24	19	21	2	14	12	20	14	13	28	7	16	22	9	16	26	11	15	10	21
YDL181W	172	186	202	261	296	351	316	256	208	336	228	272	99	288	226	189	194	137	274	282	134	97	204	309
YDR367W	283	130	277	169	581	396	558	362	325	185	286	119	184	552	131	164	557	480	482	587	205	236	111	207
YDR085C	1057	1496	1113	2158	1188	1017	1080	957	1183	4048	1378	3167	838	2028	1696	1814	895	716	1065	1391	465	688	2051	3190
YDL097C	1578	1637	1639	1981	2845	2143	2508	1983	1789	1976	2042	1387	1234	3000	1564	1707	2482	2273	2223	2714	917	1207	1064	1629
YDL139C	34	23	33	37	56	37	48	38	29	33	46	24	24	93	34	33	61	72	50	65	23	34	24	30
YDR200C	611	626	624	776	947	898	958	839	703	836	847	646	408	1030	569	718	849	777	934	1136	296	418	408	599
YDR191W	48	41	65	77	80	61	64	39	60	85	70	57	38	141	70	61	76	92	72	86	29	45	43	73
YDR451C	81	192	78	240	133	211	84	182	79	131	133	78	48	150	210	214	92	59	185	156	56	62	69	90
YDR469W	328	231	308	303	419	364	372	304	318	380	426	232	222	548	225	234	389	260	265	281	93	175	151	238
YDR470C	311	265	304	323	461	436	425	396	315	346	359	292	191	486	222	246	416	350	440	477	170	197	171	326
YDR105C	511	354	566	497	868	616	859	538	628	462	744	409	329	926	378	386	768	787	615	987	262	389	238	487
YDR483W	2323	1937	2366	2346	3568	2770	3071	2465	2514	2694	2550	2142	2050	4460	2026	2111	3356	3494	3032	3933	1299	1720	1417	2439
YDL123W	123	170	121	203	301	244	266	242	184	401	207	327	71	206	143	135	209	163	216	290	59	70	145	253
YDL199C	246	392	301	518	595	548	608	509	380	472	377	408	156	358	313	317	410	374	522	890	111	196	190	342
YDR505C	1033	1201	1099	1539	1997	1814	1650	1638	1201	1672	1334	1299	751	1895	1240	1260	1849	1432	1955	2513	627	763	849	1389
YDL045W-A	204	158	217	189	312	313	339	288	234	224	257	158	129	332	145	153	260	194	282	287	108	114	112	174
YDL045C	335	405	356	579	501	420	500	367	384	543	482	390	231	602	432	408	446	425	377	564	169	228	239	406
YDR361C	708	306	689	365	996	816	984	688	704	554	787	349	473	1288	251	315	905	747	818	1050	306	431	308	475
YDR406W-A	1	2	2	3	5	3	4	2	3	2	2	2	2	4	1	1	5	3	5	7	2	4	2	2
YDR199W	2	0	4	1	2	0	0	0	2	2	0	1	2	2	0	0	0	1	1	1	0	0	0	0
YDR266C	1667	934	1589	1090	2666	1880	2263	1688	1712	1426	2087	962	1039	2677	741	773	2393	2031	1918	2403	731	1056	577	945
YDL242W	2	3	1	1	5	8	2	5	1	4	5	5	0	6	1	2	2	2	6	2	2	1	0	1
YDR002W	1054	1008	1075	1391	1651	1135	1418	1020	1131	1110	1160	767	1285	2916	1579	1527	1866	1703	1341	1455	584	859	701	1193
YDR214W	1767	1924	1923	2449	4098	3069	3505	2705	2318	2556	2575	2135	1154	2869	1881	1955	2785	2971	3016	3769	784	1252	1096	1907
YDR130C	114	112	122	186	145	120	120	91	116	138	112	111	100	246	140	150	203	178	147	230	57	91	62	124
YDL176W	195	130	136	183	281	202	204	191	176	160	234	118	132	332	94	132	277	270	216	262	98	132	67	126
YDR358W	543	776	579	996	963	720	906	648	603	891	771	688	406	971	810	729	825	718	568	722	239	352	400	583
YDR544C	43	68	52	71	101	94	100	76	77	83	113	78	27	60	62	70	84	71	109	191	24	45	44	63
YDR460W	73	46	76	59	129	101	109	72	70	85	92	60	46	146	38	59	120	112	91	104	32	44	28	64
snR84	1637	1486	1748	1614	2474	1792	1877	1635	1742	1609	1485	1364	1463	2633	900	1205	1864	2222	1552	1731	1185	1428	1128	1622
YDR034W-B	74	130	94	141	158	156	195	173	103	392	86	290	35	115	159	199	142	87	164	148	22	54	298	432
YDL028C	376	346	348	393	634	465	577	463	366	411	445	289	242	619	310	315	599	552	561	766	150	226	187	283
YDR061W	136	88	161	144	263	210	236	173	161	163	177	130	119	356	163	163	266	262	272	348	70	125	86	154
YDR060W	3077	1102	3082	1278	4182	3041	3804	2573	3106	1947	3179	1157	2222	5351	807	886	4004	3744	3190	4428	1267	1805	740	1404
YDR169C-A	12	8	6	10	17	13	9	11	12	12	8	12	9	5	10	4	9	11	8	10	1	7	9	10
YDR363W	226	161	203	187	293	235	254	166	203	181	248	138	158	351	134	137	278	215	247	306	96	115	83	147
YDR422C	952	700	936	908	1727	1330	1535	1161	1024	963	1184	732	660	1758	768	823	1611	1538	1485	2079	506	701	485	819
YDR119W	2473	1103	2412	1336	3718	2753	3458	2412	2667	1461	2996	1088	1768	4178	995	1066	3368	3573	3100	4571	1145	1756	713	1219
tR(ACG)D	1	0	0	1	2	1	2	3	4	4	3	2	0	3	0	1	2	0	3	2	0	1	0	2
YDR097C	532	631	514	831	901	957	862	803	470	661	537	445	332	845	500	559	857	716	885	1330	218	280	234	461
YDR042C	152	115	165	128	568	404	548	397	329	260	273	128	85	272	73	90	319	233	294	361	79	110	68	97
YDL160C	2270	1651	2195	2002	3127	2153	2774	2022	2372	2308	2928	1837	1455	3714	1508	1638	2702	2537	2344	2754	1151	1628	1283	2093
YDR425W	696	893	686	1068	1227	889	1227	858	858	1136	988	853	343	874	576	678	853	728	732	926	255	420	438	568
snR13	320	176	306	211	398	271	373	284	308	208	254	209	139	324	89	97	204	223	171	117	58	80	53	88
YDR228C	642	465	587	615	1066	855	909	703	591	708	791	537	402	989	410	448	921	833	794	1139	242	400	313	477
YDR319C	403	518	403	634	528	470	548	427	548	745	516	507	272	597	494	502	489	377	421	565	227	288	399	585
YDR471W	4270	2055	4397	2211	5802	4145	5645	3952	4826	3399	5035	2504	3827	8167	1906	1910	5884	4889	4219	4410	2825	3890	2249	3336
YDR089W	324	382	239	578	467	608	377	430	328	579	422	356	249	435	340	360	568	415	518	754	126	222	215	334
tD(GUC)D	2	0	0	1	1	0	0	1	0	0	0	0	0	3	0	1	2	1	0	0	0	1	1	0
YDR275W	201	55	180	53	231	144	231	148	181	134	207	94	162	384	48	46	276	262	187	201	108	125	62	105
YDR043C	553	400	548	513	618	422	619	322	527	587	569	380	328	982	556	540	652	379	389	386	254	382	394	446
YDR129C	2770	3253	2955	4290	4404	3615	3952	3163	3115	4942	3038	3942	1831	4317	2935	3242	3286	2935	3043	3643	1256	1769	2294	3822
YDR136C	1	2	1	4	7	5	5	6	4	2	2	4	2	4	1	5	3	3	10	6	4	1	1	4
YDL066W	4084	3467	4397	4081	7738	7886	6858	6872	4736	4905	5070	4214	2992	7068	2763	3052	6568	5498	7051	8210	2579	3076	2563	3858
YDR302W	215	183	225	250	327	226	283	212	265	156	243	146	148	383	238	230	308	248	292	313	86	126	90	209
YDR239C	402	296	441	399	809	655	732	589	470	406	567	333	301	794	301	340	798	718	807	1076	212	301	187	326
YDR539W	852	678	782	939	1182	782	951	759	819	813	843	624	465	1208	553	588	924	884	705	978	384	548	361	591
tK(CUU)D1	2	0	0	0	0	0	2	0	2	0	0	0	0	3	0	1	0	1	0	2	0	1	1	0
YDL125C	1075	758	1185	962	1629	1139	1467	1030	1201	1023	1241	820	721	2137	804	839	1434	1133	1118	1167	657	889	669	1005
YDR493W	225	135	216	159	379	343	399	297	242	179	266	161	116	315	122	121	233	170	286	322	126	108	97	155
YDR101C	1512	588	1481	707	2128	1658	1802	1435	1486	1038	1463	721	983	2538	475	516	1779	1755	1720	2162	689	884	489	947
YDR182W-A	9	11	14	12	32	20	21	19	7	12	13	16	5	16	9	16	16	22	22	46	4	5	10	13
YDR212W	1457	952	1521	1144	2340	1620	2039	1513	1614	1343	1622	922	995	2542	794	837	1786	1883	1631	2156	717	1004	506	930
YDR476C	655	624	644	865	1252	1000	1164	988	962	1131	934	954	318	1019	639	641	970	713	931	1115	337	545	478	785
YDL131W	1667	1221	1781	1544	3433	3724	2895	3038	1749	1681	2005	1418	1534	3796	1065	1168	3791	2869	3896	3756	1247	1498	821	1506
YDR458C	403	238	375	336	565	345	464	310	414	342	419	221	352	697	245	278	525	542	420	604	164	259	119	234
YDR081C	1172	892	1168	1141	2014	1730	1810	1440	1235	1275	1535	880	701	1865	773	888	1779	1630	1670	2122	564	811	537	939
YDL071C	45	34	30	37	27	9	17	11	40	39	48	26	19	56	31	36	10	10	16	21	10	33	17	25
YDR113C	151	309	151	421	230	229	189	176	150	210	190	171	134	278	384	407	275	174	274	303	87	111	153	280
YDR168W	1315	1073	1351	1328	2016	1524	1841	1328	1434	1626	1626	1223	1078	2564	1109	1140	1909	1621	1436	1672	654	899	830	1168
YDR520C	279	211	282	286	525	358	426	323	297	400	401	303	200	558	194	254	454	412	408	521	147	202	182	283
YDR307W	554	543	590	763	1010	895	951	771	771	781	868	575	354	870	472	534	811	689	843	1194	287	428	332	543
YDR265W	118	106	104	123	152	123	170	113	102	116	137	97	101	244	101	91	174	157	151	179	48	96	73	120
YDL076C	266	195	259	225	399	281	370	248	280	309	348	220	191	613	246	220	485	356	372	441	133	206	166	321
YDL006W	169	180	156	218	192	143	161	92	142	168	144	113	182	421	241	258	219	211	192	236	108	132	112	202
YDL086W	1409	1153	1336	1454	2655	2458	2520	2177	1796	1916	1959	1597	1006	2460	1239	1240	2194	1965	2293	2493	874	1196	1040	1650
YDR238C	4119	3234	4145	4264	6661	4932	5669	4326	4176	4103	4825	3014	3050	7204	2857	2976	5761	4954	4756	5749	1945	2731	1793	3015
YDR077W	50149	29246	50648	31945	88488	79574	80695	78493	68780	51158	74226	44480	36520	73285	22518	26062	73353	66980	80616	90182	39529	47643	28285	37563
YDR381C-A	104	86	117	89	186	161	130	122	89	83	104	68	96	259	107	98	165	172	197	203	52	90	78	134
YDL023C	1	0	0	0	2	0	2	0	0	1	0	0	0	0	0	3	2	1	1	4	1	1	0	0
YDL083C	2384	1119	2403	1202	3273	2217	3132	1988	2527	1530	2422	1064	1842	4415	706	670	3206	2947	2082	2240	1456	2030	757	1303
YDR036C	1138	736	1314	1034	2086	1964	2126	1848	1442	1216	1627	914	604	1523	603	612	1383	1052	1720	2058	626	648	504	835
YDR057W	361	316	387	332	604	499	555	475	361	446	448	285	212	582	234	257	488	480	510	623	134	238	169	276
YDR513W	1003	828	1040	1061	1885	2206	1894	2128	1280	1302	1484	1144	593	1457	856	931	1539	1046	1808	1936	712	853	938	1273
YDR487C	1892	1212	1988	1433	3419	2756	3139	2543	2204	1813	2406	1591	1396	3311	1065	999	3038	2255	2487	2485	1281	1570	1146	1717
YDR066C	69	25	70	33	88	72	72	66	68	60	62	34	56	124	22	25	105	63	66	66	37	52	25	41
YDR352W	352	189	384	210	603	374	464	322	361	261	379	224	258	730	224	235	569	542	505	661	247	303	168	323
YDR278C	12	2	1	6	3	4	1	0	13	20	0	0	6	1	0	0	2	0	5	0	4	0	5	2
YDR079C-A	32	24	32	35	62	36	46	40	29	21	32	22	40	85	20	22	61	74	34	55	14	29	15	26
YDR204W	655	657	695	773	1122	921	979	813	702	703	761	633	401	1101	623	653	973	822	850	1187	317	456	431	616
YDL247W-A	64	83	83	98	164	117	122	144	95	91	112	94	77	201	110	138	197	206	282	367	46	76	118	147
YDL024C	18	17	14	17	40	53	32	37	24	60	27	33	7	30	22	20	42	24	36	55	9	5	20	38
tA(AGC)D	0	0	0	0	1	0	0	2	0	0	0	0	0	0	0	0	0	2	1	0	0	1	0	1
YDR109C	170	156	179	216	337	242	278	221	180	237	204	160	136	342	162	192	266	330	271	370	67	99	113	176
YDR466W	1086	763	1074	951	1713	1351	1547	1264	1141	1062	1339	787	667	1698	656	704	1600	1594	1447	2112	484	725	455	782
YDR427W	1610	1428	1752	1717	2485	1906	2424	1836	1809	1831	2002	1347	1120	2774	1277	1317	2368	1831	1625	1993	682	1005	907	1279
YDL044C	217	160	221	198	330	252	282	221	196	182	287	142	139	379	180	188	319	269	291	361	110	160	112	181
YDL079C	139	108	135	163	226	179	196	157	122	150	153	129	104	196	168	203	215	226	259	363	53	94	95	152
YDR193W	0	1	1	0	1	0	1	3	0	3	1	0	1	1	0	1	1	1	0	1	0	0	0	0
YDR305C	224	230	243	261	362	288	384	269	202	260	275	183	143	470	200	213	375	322	320	448	131	184	169	212
YDR377W	606	532	721	748	1191	1074	1070	860	822	813	775	673	489	1232	624	604	908	701	931	873	464	455	491	843
YDR219C	189	213	237	283	328	257	299	218	217	201	225	127	134	353	219	184	290	263	264	372	84	148	66	128
YDR416W	266	206	285	265	372	321	316	259	276	252	304	162	221	576	235	230	426	353	351	422	120	187	113	190
YDR365C	561	245	596	326	792	583	702	518	571	370	648	260	485	1223	224	231	1044	990	701	815	263	423	158	221
YDL233W	334	492	345	602	581	487	531	432	426	699	505	549	197	568	391	418	461	395	393	585	142	242	259	479
YDR287W	179	193	190	259	291	279	283	237	171	227	197	170	94	277	148	193	287	219	274	326	73	96	96	192
YDR448W	211	224	203	326	264	246	247	201	208	283	264	201	171	440	248	295	286	215	310	312	98	152	156	267
YDR180W	909	399	845	514	1909	1492	1573	1327	988	560	1150	358	532	1448	347	372	1451	1207	1358	1809	416	532	191	372
tF(GAA)D	2	2	1	5	2	2	4	3	2	4	1	1	6	10	1	7	5	4	4	2	7	2	2	2
tT(AGU)D	7	8	2	7	14	15	17	19	9	11	13	14	2	14	6	10	4	9	15	17	1	4	3	11
YDR294C	1966	1715	2177	2050	3913	3253	3468	2906	2501	2273	2625	1867	1389	3604	1527	1591	3118	3145	3365	4957	1142	1412	1068	1796
YDR198C	416	296	384	394	536	440	506	396	387	371	484	237	268	665	233	257	517	466	467	546	170	248	155	280
YDL163W	0	1	0	0	0	1	0	1	0	0	0	0	0	0	0	0	0	0	0	0	0	0	0	0
YDL119C	225	629	279	714	374	355	416	326	283	453	265	317	119	362	468	604	301	231	293	389	94	129	218	285
YDR501W	37	162	37	206	66	63	64	42	51	72	62	52	26	86	172	152	75	56	77	61	29	36	37	53
YDL214C	39	53	38	60	81	76	74	65	33	64	54	51	18	48	52	66	57	42	78	136	10	16	35	34
YDR264C	1394	1065	1259	1378	1890	1662	1700	1622	1462	1418	1542	949	1069	2513	961	1002	1691	1669	1604	2374	559	1030	536	904
YDR343C	2439	1436	2987	2221	6469	3220	5558	2883	3758	1607	3588	1909	1286	5283	1921	2732	4165	3788	5349	5920	1243	1469	1700	1871
YDR373W	314	304	374	413	562	457	507	402	352	496	363	393	318	716	388	384	593	510	456	479	195	268	268	458
YDR354W	867	724	851	809	1649	1241	1320	1099	1020	963	1208	782	575	1595	592	647	1217	1067	1065	1277	454	631	423	723
YDR246W	511	654	467	812	792	738	775	630	528	808	664	594	352	1020	736	672	813	626	656	821	275	375	426	666
YDR428C	345	179	352	195	555	315	514	322	339	219	405	155	192	556	106	126	500	424	261	522	173	235	93	195
YDR157W	82	71	100	90	203	148	177	145	150	169	145	117	60	189	80	92	154	165	159	221	54	78	49	97
YDR316W	125	80	153	109	224	211	216	201	136	98	172	88	117	347	102	106	252	246	307	460	96	89	68	101
YDL142C	290	378	260	416	372	280	364	276	288	415	370	345	167	428	304	362	295	276	281	397	142	205	246	333
YDR253C	11	25	18	33	31	18	31	14	22	42	18	29	13	27	25	18	29	35	21	27	2	10	16	20
YDL112W	2775	1929	2716	2594	3747	2660	3216	2216	2955	2214	3011	1523	1860	4784	1779	1925	3169	2882	2694	3865	1140	1694	942	1605
YDR545W	195	319	217	330	407	367	354	363	253	367	293	413	175	701	361	618	382	588	620	889	107	160	306	418
YDL187C	20	12	30	22	76	23	84	35	56	25	49	27	28	56	10	18	49	50	30	33	19	34	15	27
YDL138W	1173	779	1158	804	1993	1577	2004	1550	1437	1117	1681	811	562	1527	570	609	1741	1410	1574	2168	513	771	503	713
YDR528W	688	386	556	400	1075	1046	865	978	631	475	902	305	339	976	246	365	954	920	981	1262	338	472	196	302
YDR284C	454	351	464	494	885	758	798	634	556	633	640	491	374	888	395	438	763	597	711	847	265	388	328	469
YDR050C	4641	3303	4760	3755	7110	4635	6040	4146	5060	3897	4999	3237	3491	7907	2325	2447	5761	5206	3206	3405	2489	3471	1995	3199
YDL010W	93	209	109	260	178	153	134	114	103	282	127	183	112	266	274	252	193	172	157	241	51	87	159	297
YDL065C	201	153	230	225	369	267	329	241	251	202	280	143	193	450	221	217	406	396	312	402	105	155	105	176
YDR349C	2582	2415	2608	3034	4555	4021	4082	3712	3217	3641	3276	2766	1727	4099	2232	2417	3979	3562	4107	5572	1380	1959	1795	2781
YDL098C	82	63	84	96	144	120	132	112	89	119	113	79	64	184	71	80	142	128	122	120	35	56	52	92
YDL234C	2310	4142	2410	5112	3073	2574	2879	2404	2675	5621	2554	4501	1238	3342	3591	4251	2199	1566	1607	2078	824	1282	2917	4130
YDR118W	160	115	152	150	264	187	204	165	176	142	197	113	105	306	110	109	209	165	188	224	60	106	86	100
YDR118W-A	4	3	5	4	8	2	6	1	6	1	5	2	6	20	6	6	12	14	14	12	3	4	2	8
YDR159W	1587	1173	1495	1499	2366	1799	2344	1691	1747	1735	2183	1187	925	2230	929	972	2025	1700	1626	2455	588	944	624	1059
YDR111C	222	115	226	160	475	306	434	272	215	210	237	160	135	394	109	122	388	356	405	447	113	143	121	177
YDR128W	900	670	944	913	1801	1530	1489	1366	1019	1094	1142	736	801	1770	652	758	1560	1655	1711	2320	506	661	429	661
YDL034W	1	2	3	1	9	6	2	1	1	2	4	4	1	1	1	2	0	1	6	3	0	0	2	0
YDR065W	83	80	87	126	153	129	147	121	85	121	112	72	90	197	116	104	154	121	136	153	64	75	52	98
YDL004W	781	582	905	751	1441	1290	1238	995	904	850	893	636	632	1502	759	754	1182	923	1092	1108	587	575	566	916
YDR024W	138	85	149	98	228	160	235	163	141	106	142	68	64	193	47	47	174	148	105	140	54	86	43	85
YDL171C	7893	4683	7540	5795	13749	8700	11075	7675	8865	6483	9587	5133	6916	16114	4533	4930	14469	14852	10327	13106	3873	6791	2988	5591
YDR083W	468	148	482	195	694	475	568	378	452	336	546	206	448	1180	172	203	738	781	612	847	237	313	165	326
YDR457W	7414	5874	7552	7804	13535	10451	11461	9233	8732	8151	9444	6278	5629	13047	5365	5803	11288	10977	10833	13987	3696	5178	3794	6133
YDR014W	207	143	209	155	301	245	288	208	207	157	228	118	137	328	109	93	292	224	255	302	81	130	69	120
YDR206W	955	635	981	836	1516	1267	1312	1031	1076	907	1168	655	714	1681	573	644	1370	1440	1382	1939	456	688	401	697
YDR478W	53	24	79	41	104	88	94	57	71	67	88	33	42	110	23	22	77	72	66	65	23	32	18	23
YDR169C	559	615	560	779	974	835	836	685	603	807	767	665	416	1013	696	696	1052	832	1074	1180	327	456	527	753
YDR115W	286	167	326	214	490	448	478	386	364	210	323	200	182	542	216	192	398	375	458	429	231	208	136	279
YDL159W-A	0	0	0	0	2	0	0	0	0	0	2	0	0	0	0	0	2	0	0	0	0	0	0	0
YDL232W	102	72	98	124	120	100	110	88	94	94	112	61	107	278	164	164	210	224	174	194	98	114	88	154
YDL240C-A	0	0	0	0	0	0	0	0	0	0	0	0	0	0	0	0	0	1	1	0	0	0	0	0
tE(CUC)D	4	1	0	2	0	0	0	0	2	5	0	0	2	1	0	0	2	0	0	0	2	0	2	0
YDL152W	0	0	1	2	2	0	0	1	1	0	0	1	0	0	0	0	0	1	0	0	0	0	0	0
YDR432W	4157	3981	3876	4371	6303	5283	6036	4930	4765	5827	4987	4466	2502	5972	2610	2832	5446	4092	4379	5052	2465	3029	2305	3554
YDL022C-A	0	2	0	0	1	1	1	0	0	0	0	0	0	2	0	0	0	0	3	2	1	0	1	2
YDL114W-A	3	1	1	2	9	8	5	2	2	1	3	2	0	4	1	1	6	3	3	9	1	1	0	1
YDR410C	698	1407	656	1788	450	395	484	373	697	764	752	630	509	1133	1637	1752	437	367	360	507	361	520	463	655
YDR464C-A	0	0	0	0	1	0	0	0	0	0	0	0	0	0	0	0	1	1	0	0	0	0	0	0
YDL072C	634	1027	757	1338	1196	1154	1166	994	874	1509	859	1247	478	1240	1177	1299	983	968	1133	1394	422	534	982	1559
YDR053W	2	1	1	0	2	1	0	0	0	0	1	0	2	3	1	3	1	1	0	0	0	2	1	1
YDL012C	1088	1025	1069	1080	1608	1265	1656	1138	1185	1498	1273	1155	592	1669	739	790	1248	1058	979	1148	624	880	822	1204
YDR482C	46	56	31	90	82	65	71	56	50	92	64	66	42	125	83	75	97	75	100	114	27	34	46	102
YDL070W	943	1406	894	1728	1514	1313	1377	1136	971	2281	1060	1835	545	1422	1324	1540	1261	1056	1395	1629	456	675	1372	1680
YDR064W	5768	2458	5662	2733	8099	5736	8156	5382	6474	3840	6821	2823	4893	9564	1948	2044	7358	6286	5165	5372	4058	5091	2521	3679
YDL135C	630	804	634	1043	800	729	780	684	723	2070	820	1498	557	1310	963	938	876	668	714	791	346	512	1300	1954
YDL077C	725	626	746	790	1179	1009	1162	893	756	906	996	666	458	1122	444	492	1035	793	870	1193	286	412	351	570
YDR354C-A	1	0	0	0	1	0	0	0	0	1	0	1	1	0	1	0	0	0	0	0	0	0	0	1
YDL033C	280	166	263	230	442	372	398	285	321	250	331	225	169	482	186	200	394	411	432	499	174	213	119	216
YDL031W	1359	556	1357	750	2018	1512	1660	1230	1333	973	1331	617	1072	2672	533	627	1986	1959	1783	2540	610	826	476	795
YDR398W	847	392	814	542	1331	1103	1193	970	801	728	887	474	547	1616	360	384	1267	1178	1272	1350	421	523	336	564
YDR326C	2780	1770	2607	2178	4284	3313	4094	3013	3031	2597	3518	1947	1778	4097	2005	2037	4140	3483	3731	5535	1163	1780	1341	2064
YDL052C	970	574	993	762	1564	1135	1488	1021	1158	795	1309	650	697	1614	532	523	1456	1292	1177	1635	625	848	429	823
YDR536W	16	24	23	28	28	20	23	13	19	54	14	42	8	21	14	18	14	8	6	17	6	6	20	25
YDR397C	49	59	57	70	80	65	76	60	57	60	64	39	59	155	78	70	88	103	73	63	24	46	23	54
YDL116W	810	583	824	757	1274	953	1119	769	824	819	987	618	587	1520	540	567	1153	1033	918	1275	341	476	335	544
YDR028C	2623	2186	2786	2940	4833	3938	4207	3500	2924	2982	3302	2209	1835	4292	2267	2360	4021	3567	4060	5194	1298	1597	1482	2298
YDL007W	688	737	764	930	1282	970	1003	800	735	815	822	643	702	1703	882	878	1330	1233	1089	1243	398	547	468	743
YDR236C	184	233	209	257	349	301	298	233	215	284	232	225	160	371	192	241	326	279	276	379	110	142	183	284
YDR011W	2980	1749	3120	1951	7136	6191	6394	5678	4002	3488	4456	2602	1919	4660	1243	1408	5724	5261	6430	9178	1397	2252	1391	2227
YDR155C	3177	3589	3487	4452	5966	5334	5493	4845	4075	4975	3952	4286	2347	5261	4025	4306	4674	4230	4982	4857	2653	2968	3380	5239
YDR414C	265	192	270	210	485	432	447	408	296	285	318	209	151	392	114	146	384	323	398	597	124	167	112	182
YDR026C	348	238	352	315	499	360	436	336	357	334	450	254	296	742	288	295	469	487	397	562	154	206	165	269
YDL073W	793	591	702	772	1259	985	1041	966	807	898	1048	606	523	1172	480	495	1120	945	991	1440	313	470	313	560
tY(GUA)D	0	0	0	0	0	0	0	0	0	0	1	0	0	0	0	1	0	0	0	0	0	0	0	0
YDL115C	103	92	121	122	186	138	172	119	121	136	161	101	102	256	114	89	171	159	105	178	49	78	51	82
YDL145C	6204	4818	6311	6190	10286	8108	9080	7338	7280	6175	7624	4692	4621	10796	4579	4790	8752	8269	7927	10186	3186	4287	2718	4610
YDR203W	1	1	1	0	1	2	1	3	3	2	2	2	1	1	0	0	1	0	1	0	0	0	0	1
YDL104C	65	45	62	43	102	84	103	76	68	48	84	37	51	123	39	35	121	71	77	96	30	50	41	57
YDL149W	115	171	167	242	259	223	258	216	168	226	166	178	114	233	198	217	246	234	216	416	72	100	76	150
YDR231C	111	105	107	143	220	196	170	166	108	134	148	114	60	200	107	89	202	171	184	272	58	68	71	124
YDR045C	42	33	51	36	80	52	63	58	39	38	39	31	62	196	45	35	104	119	73	81	30	40	25	37
YDL075W	807	690	899	613	1276	946	927	825	855	542	701	426	898	2124	427	396	1293	1438	872	949	533	660	280	549
YDR415C	393	348	410	470	482	407	456	314	368	361	430	311	334	834	401	426	512	433	446	608	229	278	210	408
YDR339C	486	254	464	338	709	489	694	472	508	486	592	346	337	920	250	260	653	532	523	567	241	310	273	431
YDL213C	935	409	994	506	1403	1015	1240	876	1001	649	1020	419	644	1731	387	382	1450	1131	962	1296	358	508	252	460
YDR096W	1510	1029	1382	1256	2611	2064	2518	1867	1834	1515	2025	1190	783	1969	788	859	1991	1668	1900	2737	591	940	620	992
YDL019C	1083	703	1103	813	2218	1533	2043	1336	1136	903	1366	701	755	2058	783	714	2130	1880	1903	2822	510	818	431	794
YDL022W	1513	2506	1705	3337	3480	3193	3230	2964	2187	5261	2292	4275	907	2456	2445	2596	2149	1614	2118	2355	870	1074	2501	4185
YDR413C	4	1	4	5	19	8	21	9	16	0	5	0	0	8	1	0	9	7	6	5	7	4	0	0
YDR391C	592	409	618	505	966	781	1016	648	749	718	664	524	392	996	374	435	703	504	460	448	313	407	377	643
YDR091C	3264	1713	3120	2137	4154	2763	3780	2501	3610	2589	3758	1968	2135	5118	1393	1519	3417	2948	2635	3343	1427	2066	1124	1829
YDR240C	284	263	292	289	434	371	416	306	353	542	388	364	191	437	193	214	384	251	325	426	115	178	214	342
YDL244W	42	35	54	52	122	127	106	123	71	71	71	66	25	68	46	44	76	64	122	108	21	35	54	67
YDR179C	19	19	16	17	27	27	24	22	20	17	11	5	11	33	16	16	27	20	22	9	4	15	5	4
YDL165W	202	136	221	213	360	270	321	208	255	204	233	172	167	439	168	164	290	257	226	239	120	142	146	205
YDL140C	14819	11826	14495	13995	28009	25076	25103	23387	18806	17499	19515	13640	9613	22227	8936	10329	23132	22255	23288	28970	8273	10858	8186	11830
YDR120C	1387	600	1290	805	1802	1403	1642	1258	1367	1049	1444	690	744	1971	497	548	1662	1268	1434	1785	506	684	441	751
YDR003W	62	75	75	102	122	113	119	90	98	134	82	104	38	122	84	88	93	86	93	159	25	47	56	104
YDR499W	278	267	264	303	366	329	333	296	263	305	296	223	171	422	249	258	349	282	381	456	108	164	138	207
YDR166C	1325	1000	1324	1292	2018	1483	1845	1307	1467	1360	1683	953	804	1976	798	849	1743	1385	1435	1736	597	833	530	904
YDL092W	194	127	216	180	284	222	284	179	213	189	234	150	183	459	146	160	329	295	219	229	113	142	84	166
YDL041W	0	0	1	0	3	0	0	2	2	0	1	3	1	1	0	0	3	1	2	5	0	0	0	1
YDL241W	370	193	398	210	898	411	828	355	485	233	389	156	220	686	146	164	756	656	383	536	155	247	91	214
YDL082W	4770	2029	4698	2194	6771	4750	6463	4235	5168	3061	5300	2286	3440	7606	1500	1524	5703	4960	4174	4611	2557	3490	1685	2806
YDR277C	497	562	474	956	1078	1053	946	820	548	682	692	619	298	743	587	636	946	890	995	1342	185	275	399	464
YDR291W	425	412	475	589	732	581	628	505	458	444	577	356	385	958	526	530	672	720	695	975	224	322	203	366
YDR475C	693	445	833	533	1391	853	1354	826	900	561	874	403	476	1490	400	401	1123	1006	874	1214	412	540	252	392
YDR244W	255	209	248	266	502	453	420	340	271	298	309	215	234	665	286	281	554	577	545	678	144	214	162	268
YDR407C	1404	1427	1303	1769	2210	1888	2045	1693	1446	1812	1866	1357	874	2309	1252	1338	1944	1804	1766	2549	618	922	722	1247
YDR382W	1746	1076	1779	1150	2519	1842	2382	1707	1979	1428	1863	1057	1111	2420	544	636	1775	1713	1389	1532	965	1319	600	972
YDR102C	14	10	19	20	22	24	21	25	18	16	25	22	15	41	10	23	30	21	27	50	10	9	9	20
YDL188C	790	754	853	1065	1448	1086	1092	900	848	902	926	712	604	1755	971	974	1398	1380	1339	1717	497	715	633	1037
YDR405W	502	523	554	591	983	1166	1078	978	634	732	760	581	314	938	465	443	802	724	964	1240	346	380	378	530
YDR443C	1589	1925	1609	2359	2682	2604	2358	2230	1866	2231	2195	1693	1099	2539	1668	1906	2070	2013	2395	3392	706	1063	1036	1449
YDR059C	554	1130	569	1277	1123	1485	1135	1432	824	1716	881	1471	289	777	1055	1182	726	532	1191	1078	418	413	1183	1541
YDR144C	1302	932	1333	1252	2045	1561	1891	1326	1453	1992	1548	1523	873	2251	1011	1047	1906	1680	1625	2595	497	907	942	1651
YDL157C	182	124	221	160	395	284	376	290	249	190	234	152	160	464	114	153	355	283	351	306	143	159	110	193
YDL058W	1846	1063	1739	1482	3350	2380	2767	2106	1952	1807	2216	1185	1373	3246	1066	1077	3039	2768	2495	3298	829	1162	698	1162
YDL096C	1	1	1	1	1	1	3	1	1	1	2	2	1	2	2	1	0	1	1	0	1	1	1	0
YDL155W	320	272	263	387	471	386	375	322	316	338	333	253	190	492	276	233	476	410	380	547	138	198	156	248
YDR147W	213	196	235	292	398	307	405	267	227	312	290	180	157	446	212	205	389	351	317	368	103	151	106	200
YDL191W	3734	1999	3670	2082	5281	3684	5059	3699	4158	2933	4463	2091	3491	7287	1769	1811	5818	4693	3780	4180	2533	3343	1959	2659
YDL128W	1401	555	1603	712	2358	1750	2282	1683	1974	558	2107	440	706	2093	441	489	1714	1579	1786	2309	940	1179	264	443
YDR310C	1256	993	1218	1287	2032	1538	1822	1424	1237	1553	1570	1053	884	2116	897	898	1918	1849	1657	2553	508	776	626	1072
YDL160C-A	140	126	162	145	230	172	210	149	168	168	196	133	120	286	136	124	253	160	178	205	89	111	143	167
YDR127W	6725	4518	6969	5469	12903	10845	11164	9709	7871	6306	8277	5010	5087	11136	3455	3737	10661	10187	10923	12941	3737	4800	2781	4806
YDR497C	1564	1535	1701	1891	2807	2604	2509	2443	1978	2467	1869	2011	1070	2790	1490	1585	2247	2058	2712	3515	805	1111	1000	1785
YDL162C	0	2	1	2	8	4	5	4	4	1	3	1	0	1	0	2	2	6	4	7	2	1	1	2
tS(AGA)D3	0	3	2	1	0	0	0	1	0	0	1	1	0	0	1	1	0	0	4	2	0	1	0	1
YDR201W	28	30	31	20	57	27	52	28	31	46	30	24	24	69	28	30	52	38	38	41	13	26	33	57
YDR163W	101	90	82	100	187	174	188	129	122	117	129	92	90	203	124	95	211	159	151	153	52	58	59	80
YDL146W	160	204	197	273	340	242	274	190	209	272	208	207	111	299	160	202	280	215	273	335	81	130	115	186
YDR363W-A	222	182	264	284	377	271	343	225	265	246	304	178	275	609	314	318	466	397	367	330	129	215	146	263
YDL221W	17	104	10	95	22	32	21	34	19	52	19	42	8	21	85	98	14	18	39	56	7	5	20	41
YDL089W	390	748	369	1065	477	374	442	357	428	412	492	338	270	688	983	938	380	322	320	571	140	232	174	315
YDR385W	43371	19996	46333	25350	75812	44995	60540	40150	51920	29069	53673	21597	27686	104199	16182	21076	65132	62239	54819	62164	20850	30246	15539	24291
YDR331W	749	491	733	565	1073	812	1061	744	777	609	876	396	508	1298	393	410	1020	867	812	1121	335	511	340	451
YDR196C	180	171	176	212	245	196	236	174	193	199	221	150	171	461	203	232	271	228	209	252	76	122	101	169
YDR116C	493	321	530	393	765	755	806	687	592	487	704	368	332	801	391	370	670	544	812	996	351	371	303	468
YDR001C	1400	3052	1559	4248	3166	3422	2895	2958	1799	3513	1910	2694	895	2322	3305	3509	2144	2070	2887	3405	661	918	1489	2245
YDL230W	118	265	139	351	290	314	242	252	161	311	185	264	115	341	314	339	279	275	352	429	86	122	187	322
YDR160W	218	152	227	210	377	286	340	276	254	253	257	166	196	456	172	170	383	362	341	564	109	173	109	179
YDR123C	262	331	254	387	325	297	236	280	222	573	298	461	182	520	338	334	424	347	376	481	171	232	339	549
YDR322W	1599	366	637	1172	1775	1645	912	745	1842	1498	747	359	1206	857	763	283	1907	534	1415	774	913	306	625	365
YDR040C	1024	1205	1081	1459	2045	1751	1692	1569	1279	2304	1287	1779	670	2463	1123	1538	1731	1695	2454	3258	485	655	1162	1984
YDR025W	3728	1716	3756	1814	5599	3798	5400	3443	4128	2627	4167	1828	2560	6602	1225	1180	4819	4299	3370	3784	2307	3063	1371	2494
YDR046C	888	548	1037	594	1847	1393	1655	1285	1185	942	1204	682	665	2124	348	414	1942	1886	1651	2402	584	690	415	665
YDL057W	98	117	77	154	152	160	133	148	91	166	113	117	60	156	123	167	121	124	128	150	28	59	72	139
YDL248W	568	530	593	698	1003	773	827	736	727	879	735	657	463	1443	661	909	983	913	1033	1387	331	517	690	988
YDR008C	231	128	210	165	638	746	472	655	301	151	389	149	150	314	86	134	391	294	524	679	138	143	91	86
YDR029W	0	1	0	0	0	0	2	0	1	0	0	1	1	0	0	0	1	2	0	0	0	0	0	0
YDR485C	580	488	618	618	1025	818	914	719	672	656	720	459	379	1068	395	427	994	865	764	1129	281	370	283	505
YDR408C	206	156	212	202	344	422	290	318	225	240	284	189	179	407	159	183	420	330	448	430	139	153	148	211
YDR038C	1305	1504	1426	1840	2506	2099	2126	1924	1645	2541	1658	1987	808	3179	1401	1898	2262	2141	3086	4172	609	828	1337	2197
YDL204W	1679	474	1689	660	2972	1932	3018	1809	1816	699	2156	640	820	2296	378	383	2336	1605	1629	2554	664	1060	315	467
YDR019C	219	262	232	353	554	859	472	662	278	358	366	334	252	455	378	374	601	477	989	1162	159	179	291	354
YDR477W	673	606	688	743	1136	899	1093	825	768	801	867	549	437	1177	557	622	981	1113	897	1325	347	506	317	548
YDR254W	90	105	85	149	175	135	165	127	110	131	123	93	65	153	116	126	166	167	130	198	41	77	51	100
YDR514C	168	99	174	101	241	228	233	186	144	159	187	99	112	375	101	102	228	287	305	329	80	105	77	131
YDR296W	147	110	204	158	343	313	231	231	175	136	179	130	123	433	182	148	263	270	369	420	121	117	87	166
YDL216C	124	145	108	189	179	124	146	128	130	142	135	91	107	274	153	172	190	164	141	171	66	88	57	99
YDL100C	2762	2839	2721	3379	4064	3423	3527	2942	2956	3170	3287	2456	2248	5158	2867	3017	3603	3305	3125	3591	1629	2116	1765	2755
YDL068W	3	7	6	5	8	5	6	8	4	9	4	2	2	5	5	6	2	4	6	4	0	3	5	2
YDL026W	0	0	0	0	2	0	1	0	2	0	0	0	0	0	0	0	0	0	1	0	0	0	0	0
YDL124W	1990	1919	2089	2275	3586	3147	3358	2855	2550	2824	2516	2472	1299	2996	1612	1813	2582	1942	2415	2531	1258	1417	1773	2414
YDL227C	46	52	51	78	172	393	104	264	32	525	65	414	44	117	54	80	141	74	224	110	54	45	237	357
YDL111C	513	326	635	404	902	699	820	600	646	570	610	384	313	998	266	290	734	754	676	893	301	391	273	458
YDR324C	1076	394	980	460	1420	1057	1286	924	994	687	1108	407	863	2174	364	394	1526	1668	1281	1740	497	736	278	600
YDL170W	222	191	207	239	586	496	484	412	250	357	316	274	160	481	186	189	592	567	542	654	113	160	130	241
YDR317W	21	32	21	56	45	40	41	29	22	58	44	34	15	55	24	34	21	20	43	35	16	19	25	30
YDR436W	649	770	737	1080	1344	1179	1153	1098	863	1112	990	878	397	1109	777	866	1055	888	1178	1507	376	512	498	889
YDR208W	1655	1305	1551	1600	2503	1943	2272	1780	1649	1721	2217	1323	990	2455	1056	1151	2146	1870	1979	2673	738	1078	745	1230
YDR386W	68	82	76	143	121	134	124	102	70	111	72	79	75	145	99	125	112	101	119	155	35	60	58	75
YDR504C	210	234	202	308	414	415	396	400	281	405	308	307	84	217	167	184	282	180	309	404	96	112	174	221
YDL220C	299	259	251	390	579	505	524	500	336	418	400	343	225	478	300	305	560	497	613	791	159	219	176	345
YDR396W	8	5	13	3	15	11	20	16	12	9	14	5	8	13	3	5	12	6	10	18	6	5	2	7
YDR258C	1637	1557	2031	2004	3777	3145	3232	2830	2424	1907	2549	1610	1106	2595	1154	1140	2460	2253	2266	2780	718	1071	663	1154
YDR176W	403	249	382	343	561	429	539	371	376	312	494	202	292	700	297	307	658	586	546	691	175	293	175	246
YDL099W	382	292	440	408	583	350	518	340	346	290	484	218	368	917	347	373	661	640	415	600	199	274	125	238
YDR380W	154	408	123	636	206	91	150	75	150	1234	252	930	96	217	375	389	148	84	102	100	50	116	510	859
YDL110C	272	616	360	808	705	821	561	655	353	778	348	658	235	737	894	961	676	583	963	1110	189	279	712	1050
YDR148C	1718	1784	1942	2377	3622	3610	3166	3065	2110	2516	2387	2007	1014	2659	1477	1460	2365	1989	2563	2938	1008	1099	1105	1663
YDL201W	453	193	488	242	665	506	648	440	512	395	607	235	328	838	111	162	569	539	383	614	165	258	151	263
YDL107W	40	52	40	64	62	47	83	50	41	38	42	35	44	101	42	31	56	54	60	50	18	30	30	31
YDR515W	238	145	230	188	409	334	356	302	228	214	299	152	157	422	171	142	346	277	343	407	111	118	97	161
YDR133C	985	376	843	504	1712	1592	1480	1439	1034	291	1152	231	724	1465	410	466	1420	1276	1551	1948	551	890	155	262
YDR378C	211	131	228	197	353	249	320	196	268	213	258	161	227	578	220	254	434	397	330	359	164	236	157	259
YDR473C	138	110	147	169	229	136	195	125	121	143	167	114	114	318	130	156	225	220	173	214	55	94	87	118
YDR403W	35	24	42	34	78	98	89	61	47	70	46	38	29	50	21	22	70	43	69	71	19	15	24	35
YDR268W	168	181	210	221	365	331	281	284	205	183	201	157	105	294	172	140	259	234	310	383	106	100	98	181
YDR409W	784	790	754	1024	1417	1185	1251	1191	889	1062	1080	801	564	1367	749	843	1351	1268	1396	2036	391	565	502	691
YDR173C	31	26	32	48	93	65	59	41	37	53	47	34	38	76	49	60	65	55	81	63	14	21	30	45
YDR187C	3	4	2	5	2	5	6	4	9	6	8	13	3	12	7	6	4	4	9	9	2	3	8	7
YDR389W	1694	1818	1439	2338	2490	2270	2145	2082	1566	2296	2162	1600	1043	2741	1702	1954	2707	2059	2310	2758	873	1215	1172	1773
YDR417C	2	0	4	0	1	1	6	1	0	1	2	2	3	6	1	0	3	3	2	1	2	0	0	1
YDR165W	881	377	834	421	1240	992	1221	797	887	686	983	428	655	1660	279	332	1142	1122	1004	1254	398	551	303	604
YDL113C	331	445	365	584	628	454	538	420	362	607	481	420	294	721	460	496	549	524	480	646	165	261	260	452
YDR426C	0	2	1	1	0	2	5	4	3	0	3	5	0	2	0	0	1	3	3	3	2	0	2	3
YDR521W	0	0	0	2	0	0	0	0	1	0	1	0	0	1	0	0	0	0	0	0	1	0	0	0
YDR086C	650	563	688	634	913	631	761	638	660	390	745	252	554	1238	492	481	948	720	640	789	293	517	190	278
YDL021W	232	205	219	263	505	337	548	318	240	220	366	199	141	276	172	150	484	294	229	192	90	133	101	147
YDR023W	3291	1732	3355	1959	5084	3303	4446	2974	3434	2144	3650	1564	2706	6202	1274	1328	4463	4198	2946	3576	1468	2146	813	1581
YDR394W	1914	2075	1967	2523	3041	2480	2642	2238	1989	2478	2296	1881	1286	3062	1692	1773	2486	2142	2116	2538	917	1184	1168	1723
YDR320C-A	508	474	467	610	601	581	654	598	524	620	568	503	305	733	504	614	598	440	638	536	262	335	442	558
YDR003W-A	58	80	68	108	146	126	112	106	90	127	76	94	45	116	83	91	100	86	107	144	25	41	69	114
YDR183W	100	80	133	115	175	152	170	142	115	139	114	82	66	238	84	85	210	145	159	190	55	73	52	102
YDR245W	568	390	599	549	774	593	780	532	648	559	664	425	553	1300	474	434	851	808	745	1045	291	431	261	444
YDR431W	1	0	3	1	5	5	5	6	0	8	2	0	0	2	3	4	2	1	1	3	2	3	2	3
YDL154W	111	96	92	137	111	95	94	82	122	116	113	85	107	229	138	120	89	91	121	171	53	63	42	98
YDL184C	354	299	417	280	521	410	446	344	356	252	267	159	289	654	191	235	575	575	402	405	214	267	160	240
YDR153C	915	604	850	829	1439	1112	1335	990	880	967	1114	675	614	1625	601	604	1307	1241	1125	1457	400	583	465	771
YDR014W-A	4	2	4	6	11	4	6	7	2	6	5	6	3	11	1	6	10	4	15	8	5	6	1	7
YDR434W	693	679	738	865	1212	1008	1157	931	834	937	895	664	462	1113	643	747	1048	895	1093	1427	301	456	370	653
YDL002C	129	63	133	125	186	124	182	132	127	118	185	81	94	327	94	98	228	178	135	142	62	91	59	118
YDR225W	262	171	303	213	370	288	327	237	284	226	210	196	230	650	177	190	418	392	282	241	178	266	211	278
YDR418W	5238	2633	5386	2729	7806	5252	7079	4920	5692	3352	5635	2415	4504	9466	1884	1915	7394	6524	4967	5787	3756	4700	2100	3240
YDR224C	981	549	941	663	1537	1175	1385	1096	1087	740	1033	590	775	1908	544	506	1501	1217	1072	1041	656	732	427	606
YDR502C	984	981	1118	1333	2277	2110	2256	1839	1311	2340	1176	1790	421	1037	820	896	1224	961	2003	2798	309	405	824	1458
YDR447C	2286	1030	2408	1122	3304	2224	3305	2191	2574	1344	2817	942	1739	3863	580	658	3111	2391	1725	2042	1211	1662	680	959
YDL039C	2843	1277	5523	1107	10843	6185	11059	6536	6844	3154	4163	2523	653	3219	720	952	3933	2590	6600	7846	1867	1334	1208	1881
YDL225W	883	610	791	752	1294	941	1106	826	853	782	986	588	581	1541	569	608	1217	1114	878	1195	384	524	317	517
YDR259C	574	911	614	1018	703	591	605	525	603	504	642	409	311	896	682	782	550	432	616	706	221	325	273	385
YDR495C	498	303	529	431	909	571	848	549	566	464	749	326	368	839	255	309	801	683	542	807	194	290	197	298
YDL151C	0	0	0	1	1	0	0	0	1	0	0	0	0	0	0	0	0	0	0	1	0	0	0	0
YDR357C	182	144	201	152	281	218	240	239	199	176	219	122	166	383	143	166	296	267	291	256	96	119	103	173
YDR370C	318	249	285	395	397	341	334	263	283	339	367	230	234	624	292	263	382	339	380	483	135	194	143	247
YDR298C	1138	977	1436	1350	2212	2049	2016	1794	1486	1457	1586	1223	686	1657	796	839	1296	1113	1529	1654	805	720	694	1126
YDR276C	1290	839	1347	1023	1974	1696	2011	1714	1588	1289	1610	1088	1003	1985	751	808	1905	1566	1648	1730	1006	1186	796	1155
YDL185C-A	1	0	0	0	2	0	1	0	0	0	0	1	1	0	0	0	0	0	0	0	0	0	0	0
YDR545C-A	0	1	0	1	2	2	2	1	1	2	1	2	0	1	0	1	1	1	3	1	0	1	1	2
tM(CAU)D	0	0	0	0	1	1	0	0	0	0	0	0	1	1	1	0	0	0	0	0	0	1	0	0
YDL247W	33	30	36	42	102	88	72	67	44	31	44	32	18	61	32	52	94	145	157	239	12	25	18	41
YDR406W	271	195	325	285	603	584	550	532	465	441	465	360	217	526	216	234	502	385	730	731	172	239	205	321
YDR273W	27	23	32	29	63	49	57	39	33	39	46	32	20	53	27	37	51	49	57	89	14	6	24	28
YDR269C	3	4	4	3	7	4	6	3	6	2	6	2	5	13	8	13	8	3	8	9	1	4	4	11
YDR453C	200	85	210	124	393	511	350	430	212	201	261	182	90	260	71	89	247	146	508	413	83	107	105	152
YDR383C	25	30	23	48	25	21	25	21	14	77	13	53	16	35	36	49	27	25	31	37	6	14	37	53
YDR375C	259	163	302	237	496	488	482	421	314	259	369	195	153	435	171	186	376	337	548	696	188	159	133	214
YDL161W	935	935	1002	1206	1403	1043	1278	964	1026	1120	1351	780	736	2090	1105	1086	1618	1271	1287	1580	488	721	607	906
YDL051W	1008	387	1002	477	1684	1028	1417	861	1028	629	1012	418	846	2467	409	464	1764	1470	1284	1592	503	694	388	671
YDR084C	356	225	368	367	743	582	694	484	447	255	521	213	269	636	246	242	615	561	595	716	218	365	124	238
YDL056W	862	606	781	665	1257	990	1134	904	868	808	1030	589	576	1449	599	611	1182	1213	1035	1366	429	601	396	588
YDR344C	29	17	25	23	79	68	65	62	34	25	41	29	22	51	15	28	76	54	60	99	12	37	15	38
YDR320C	863	885	917	1141	1550	1203	1426	1109	1018	1205	1206	873	485	1302	628	576	1180	1045	1025	1470	345	512	412	767
YDR221W	696	682	697	767	1101	1018	1000	952	717	821	863	663	447	1138	592	638	1055	920	1141	1647	351	488	387	587
tI(AAU)D	0	0	0	0	0	0	0	0	0	1	0	0	0	0	0	0	0	0	0	0	0	0	0	1
YDL032W	2	3	1	2	15	19	5	33	6	8	4	5	1	4	1	5	7	4	22	21	2	2	0	2
YDR456W	1396	1094	1432	1307	2356	2106	2301	1932	1717	1540	1908	1176	916	2139	969	1039	1895	1744	2206	2991	793	1080	768	1278
YDL036C	346	166	302	171	543	359	491	324	334	226	453	162	264	603	129	128	474	419	423	539	164	190	100	148
tL(CAA)D	7	3	8	2	2	6	10	6	7	7	2	6	1	15	4	6	7	11	2	4	1	0	4	2
YDL217C	157	122	151	167	306	273	266	235	184	188	205	142	122	323	102	126	220	226	278	299	108	104	95	144
snR63	1992	1555	1960	1829	2886	2353	2713	2237	2227	2064	2115	1833	2197	3227	1585	2042	2480	2853	2474	2388	1528	1725	1514	2018
YDR334W	760	596	733	742	1329	1099	1135	957	750	822	964	554	556	1328	561	645	1247	1227	1236	1736	361	493	359	538
YDL049C	28	18	31	22	98	103	95	67	41	29	25	36	20	57	21	28	139	106	140	133	40	27	32	44
YDL164C	131	236	130	340	272	273	223	243	123	297	136	226	91	250	239	306	220	233	277	369	64	89	144	222
YDR384C	468	85	516	92	889	321	908	284	671	128	570	65	226	763	47	71	610	503	257	299	131	251	37	69
YDR149C	0	0	0	0	2	6	4	1	2	0	1	1	0	1	0	0	0	0	1	1	0	1	0	1
YDR093W	1598	900	1742	1157	2877	1875	2598	1727	1894	1345	2023	1047	1219	2996	876	922	2457	2564	2169	3540	835	1197	555	975
YDR071C	841	478	875	658	1268	906	1166	793	907	696	936	496	769	1864	595	609	1411	1167	956	984	494	606	444	753
YDL143W	1199	873	1219	1066	1866	1354	1534	1165	1236	1090	1287	808	796	2260	715	757	1544	1456	1282	1444	531	710	480	839
YDR032C	694	956	682	1330	1209	1419	1209	1213	840	1626	925	1300	393	941	863	902	798	559	939	975	330	412	729	1134
tR(UCU)D	1	0	0	1	0	0	0	1	0	0	0	1	0	2	0	0	1	1	0	1	0	0	0	0
YDR063W	482	290	441	391	802	596	788	555	545	416	688	330	367	920	325	283	761	570	507	680	243	334	197	333
YDL166C	39	36	56	40	78	58	62	50	37	38	61	21	31	122	29	28	77	71	44	55	26	19	12	22
YDR004W	247	161	223	234	390	292	331	287	238	278	307	172	171	342	195	146	341	306	317	378	101	147	100	189
YDR151C	747	529	806	631	1289	1107	1274	994	877	856	989	622	470	1266	400	440	1032	810	766	1121	299	544	363	533
YDR037W	9708	5738	9773	6767	16216	13131	14608	11895	10520	9106	11813	6776	8150	17411	4403	4873	15425	13644	12751	14676	5375	7376	4186	6421
YDL175C	210	199	222	246	413	341	354	308	232	282	275	196	203	512	209	216	446	425	374	474	141	194	141	234
YDR286C	21	21	34	23	37	37	38	37	24	26	33	23	21	57	26	23	40	29	37	42	15	16	18	31
YDR172W	2932	1573	2946	1901	4318	3125	3705	2853	3002	2355	3335	1694	2396	5913	1487	1620	4206	4138	3556	4506	1436	2157	1204	1962
YDL174C	1221	1515	1425	1830	2863	2999	2419	2681	1556	2436	1736	2062	810	2081	1282	1447	2077	1788	2866	3780	687	789	1122	1842
YDR080W	694	525	642	679	1161	909	1044	813	761	770	852	498	436	1034	389	467	1004	815	834	1061	267	390	314	471
YDR503C	60	87	49	114	69	75	61	59	49	94	60	63	47	134	121	104	93	108	107	155	31	45	43	104
YDR069C	702	798	680	1038	1124	996	1015	910	766	1005	980	824	499	1207	739	785	985	892	956	1589	295	522	451	746
YDR047W	246	129	249	161	417	306	308	269	266	186	259	123	157	475	103	95	285	307	309	336	143	169	71	126
YDR215C	8	11	7	14	30	39	36	28	26	21	15	10	0	11	9	7	19	8	22	13	3	9	6	8
YDR267C	243	155	246	228	365	247	278	219	213	214	256	149	193	585	163	170	296	304	316	361	108	148	112	202
YDR142C	316	254	310	301	475	420	446	321	336	348	402	270	188	567	238	228	481	333	356	465	178	233	205	285
YDL212W	1419	778	1460	1021	2344	1813	2184	1662	1694	1250	1613	1015	1089	2614	748	824	2162	1920	1774	2424	820	1120	738	1212
YDR249C	149	481	151	571	146	129	138	118	169	736	170	526	107	290	417	477	156	123	137	142	86	114	402	620
YDL209C	49	42	47	39	89	96	80	82	46	66	54	46	42	130	33	39	116	141	111	146	27	24	35	54
YDR044W	3094	894	2452	870	4443	1442	4064	1365	3037	908	3281	667	1734	5167	390	489	6301	5318	1485	2000	1519	3438	398	592
tK(UUU)D	6	5	9	6	5	1	11	5	4	5	9	10	3	9	4	7	6	4	7	4	2	5	1	2
YDR311W	555	402	571	466	848	568	751	505	595	939	735	702	482	1165	463	452	939	830	779	934	257	383	531	783
YDL159C-B	0	1	2	0	3	3	4	2	4	1	3	0	0	3	0	1	5	3	2	5	0	1	2	0
YDR222W	526	408	683	330	986	694	978	754	882	1640	874	1184	221	747	169	190	504	330	485	543	301	314	644	983
YDR510C-A	1	1	3	0	1	3	2	4	0	0	0	1	0	2	0	2	1	0	1	0	0	1	0	0
YDR401W	20	6	18	14	38	26	24	22	17	14	20	14	10	27	7	13	22	15	32	28	8	14	8	18
YDR207C	654	301	625	296	1108	941	1047	813	742	441	918	374	418	929	240	263	930	911	993	1241	254	429	198	342
YDL005C	661	393	576	547	928	666	808	639	616	501	850	323	411	1185	373	382	962	795	706	926	239	338	208	323
YDR295C	573	568	597	759	996	758	827	660	633	702	830	520	426	1105	570	608	935	866	760	1055	249	361	286	533
YDR543C	0	1	0	0	0	1	0	1	0	1	0	2	0	2	0	1	1	2	3	0	0	0	0	0
YDL208W	874	366	949	480	1295	805	1067	716	846	541	850	385	934	2434	432	423	1695	1428	1070	1404	515	738	391	716
YDR135C	4427	4062	4606	5035	7543	7556	7016	6748	5185	5461	5424	4045	3158	7134	3538	3983	6876	6683	7927	11045	2317	3106	2471	3757
YDL114W	1	28	7	55	4	8	3	3	3	10	1	11	3	11	34	34	0	1	5	2	2	2	7	7
YDR247W	1402	849	1656	1012	2809	1744	3044	1697	2199	1336	2348	1172	636	1777	556	610	1770	1094	1111	1411	686	976	565	762
YDL197C	193	218	219	267	373	392	310	328	265	287	303	230	133	410	227	223	396	296	493	617	116	178	151	237
YDR229W	204	186	215	287	332	222	310	181	212	194	233	136	172	504	241	225	363	341	276	355	93	164	106	180
YDR095C	6	9	9	7	15	9	12	8	13	11	9	7	3	6	0	3	10	4	4	9	0	2	4	6
YDR027C	374	319	395	436	625	475	573	394	410	479	493	309	304	725	338	344	665	644	558	775	165	291	204	345
YDL106C	467	387	462	513	784	522	679	414	517	543	643	375	292	791	345	381	637	549	476	647	196	284	210	335
YDR404C	584	380	626	544	855	593	742	525	726	604	746	468	330	866	281	290	621	428	441	493	280	386	276	469
YDR256C	40	26	32	29	82	64	66	49	37	35	47	47	29	58	29	43	61	53	65	109	27	27	24	30
YDR518W	631	582	594	721	993	560	856	538	674	623	818	469	398	1149	571	635	861	780	608	944	250	458	305	470
YDR055W	3324	2740	4098	3293	7430	7404	7406	7048	5629	4744	4778	4255	1398	4334	2311	2954	5182	4215	6067	6072	2178	2349	3035	3923
YDL087C	74	69	80	91	207	176	168	129	97	100	110	67	55	185	74	70	191	153	192	266	52	85	32	69
YDR177W	1207	1033	1195	1327	1801	1493	1654	1211	1249	1266	1509	1021	853	2184	1242	1174	1712	1375	1363	1549	548	744	725	1252
YDL014W	2752	1196	2764	1415	3984	2750	3461	2403	2729	1773	2453	1358	2236	4585	961	1041	3664	3957	3084	4102	1409	1968	981	1578
YDR289C	135	89	146	127	207	133	167	113	127	109	141	84	109	278	116	114	208	203	200	220	52	75	63	104
YDL159W	325	297	334	347	598	496	504	402	336	439	447	322	205	596	252	293	557	483	508	605	147	220	176	313
YDR532C	87	50	81	87	111	98	102	79	89	96	109	65	62	167	63	57	109	110	91	77	35	47	36	41
YDR137W	802	740	917	900	1201	918	1091	846	823	834	1050	596	605	1487	701	694	1165	898	911	1197	366	556	397	634
YDL153C	385	124	391	169	610	394	550	329	377	227	420	147	341	965	148	169	585	631	484	663	171	254	107	222
YDR393W	148	73	164	97	240	216	208	144	148	116	171	98	117	322	95	100	201	201	244	330	82	116	45	98
YDR506C	168	154	186	164	281	237	253	228	175	178	196	147	156	359	167	161	330	270	343	397	104	123	108	150
YDL219W	100	96	127	110	168	143	144	134	119	113	123	84	110	262	108	119	206	172	151	168	68	79	76	107
YDL090C	243	151	247	188	268	239	248	195	245	208	290	145	206	552	181	179	283	224	267	279	140	173	115	215
YDR033W	10174	1508	10100	1384	12811	6856	11333	6721	12409	1505	12140	1253	8467	16714	529	679	12066	10773	7167	7827	7192	9605	420	889
YDR035W	1378	1062	1392	1219	2939	2421	2377	2038	1582	1559	1673	1285	1170	2865	751	862	2591	2286	2333	2520	865	1011	728	1301
YDR332W	228	170	214	207	356	304	321	264	292	227	313	171	177	440	179	135	309	257	328	435	81	159	103	150
YDR510W	1011	794	1044	957	1606	1242	1509	1098	1030	907	1212	764	873	2007	835	889	1885	1575	1328	1637	744	977	581	1040
YDL055C	2139	2008	1996	2644	3376	2648	2856	2203	2258	2950	2342	2222	1602	4217	2165	2195	3277	2684	2392	2719	1075	1487	1424	2501
YDR480W	110	895	112	1069	188	189	154	182	122	1352	178	1221	82	214	854	946	163	142	188	258	52	75	755	1310
YDL103C	502	507	519	677	982	773	861	701	557	601	638	472	362	1038	500	530	852	831	781	1043	266	360	278	474
YDL085C-A	70	38	87	55	95	60	69	58	66	35	86	43	76	199	74	67	116	114	64	78	32	50	32	71
YDR350C	381	1561	350	2409	675	642	615	507	405	1161	446	791	287	722	1891	1954	617	543	620	807	172	267	516	765
YDR342C	2688	1567	3146	2372	6322	3374	5764	3099	3994	1818	3827	2080	1325	4698	1960	2532	4049	3526	4868	5545	1305	1556	1590	1802
YDR087C	162	54	162	75	232	176	183	156	149	97	158	71	155	428	61	47	262	263	216	271	74	80	53	114
YDL236W	712	399	770	528	1222	759	1055	655	859	648	873	473	455	1284	320	412	848	673	644	629	393	468	264	488
YDR012W	7234	3255	7888	3857	12808	7410	11018	6671	8932	5085	9417	3738	5093	18194	2728	3216	10495	9518	8485	7827	4490	6474	2826	4755
YDL121C	193	123	224	104	343	280	336	243	240	159	219	82	110	365	80	82	341	268	256	277	74	143	88	135
YDR525W-A	226	344	182	475	447	401	409	356	290	596	326	581	125	302	320	399	300	254	311	385	111	189	225	392
tG(GCC)D2	6	3	9	2	4	4	7	3	8	15	10	10	5	18	3	6	5	0	9	8	4	8	4	6
YDL190C	2311	2082	2380	2614	4248	3377	3750	3199	2785	2884	3260	2123	1452	3401	1571	1851	3275	2883	2993	3992	1072	1537	1166	1718
YDL047W	820	578	851	693	1433	1136	1371	906	960	854	1025	670	469	1291	469	491	1114	1018	1023	1446	407	529	404	653
YDR099W	3310	3429	3280	4287	5452	4819	4700	4210	3697	4698	3988	3577	3171	6713	4169	4085	5391	4412	4616	4820	2041	2480	2696	4233
YDR092W	154	129	171	149	113	74	115	60	143	73	161	41	89	264	88	96	125	87	43	44	79	133	26	49
YDR164C	921	717	849	911	1371	941	1236	815	911	1049	1160	751	581	1555	667	710	1234	1079	949	1332	412	583	472	693
YDR058C	130	118	120	167	231	180	228	157	120	126	157	107	45	168	98	92	171	142	170	187	59	66	62	84
YDL020C	1127	1040	1192	1188	1958	1471	1721	1340	1246	1297	1362	941	726	1912	762	863	1676	1412	1327	1837	515	748	540	816
YDL025C	728	773	731	1089	1336	1634	1177	1340	875	1048	988	801	490	1103	818	810	1352	1004	1654	1820	367	564	547	773
YDR374C	32	61	55	64	50	50	58	70	61	85	50	71	21	52	68	79	62	45	70	38	20	32	60	86
YDL207W	626	472	588	641	934	684	794	582	574	493	694	399	438	1149	476	487	853	814	760	1017	254	361	252	441
YDR270W	405	301	355	397	699	971	758	1043	513	519	515	400	242	549	257	249	597	468	858	1444	181	274	193	284
YDR152W	636	362	709	468	956	673	800	597	643	493	723	358	480	1361	397	364	943	899	792	1024	325	465	303	467
YDL148C	1278	533	1264	606	1872	1548	1652	1208	1261	990	1418	615	813	2327	446	499	1704	1493	1525	2051	470	677	378	628
tI(UAU)D	37	38	39	47	55	42	52	38	35	40	48	51	32	93	38	42	61	57	56	40	22	22	21	36
YDR379C-A	135	199	121	307	288	311	315	268	189	343	224	287	94	240	259	291	281	177	224	264	90	118	237	324
YDR218C	4	4	4	6	11	6	2	7	6	6	3	4	1	4	2	8	6	5	7	10	1	1	1	3
YDL018C	170	190	176	251	325	320	319	285	198	228	232	171	123	392	206	213	299	264	303	374	75	127	104	183
YDR507C	622	705	599	742	1519	1784	1302	1611	702	684	948	437	362	956	561	656	1275	1107	1461	1847	387	436	312	454
YDL003W	128	115	85	167	75	92	71	77	96	87	113	74	91	197	144	136	88	73	100	109	68	64	72	87
YDR524C-B	2446	1617	2550	1873	3966	3021	3427	2910	2958	2451	2829	2068	2441	4911	1713	1956	3675	3532	3254	3394	2010	2486	1871	2739
YDR371W	270	232	269	325	380	305	323	256	288	309	316	194	231	477	191	235	384	279	291	393	100	166	104	211
YDR359C	901	715	853	940	1579	1243	1385	1179	984	1034	1312	789	640	1592	735	749	1417	1347	1524	1886	401	636	508	788
YDL180W	336	323	349	410	493	431	451	404	364	340	460	282	204	598	297	345	473	393	527	732	179	250	199	300
YDL133W	282	336	281	398	372	384	332	343	282	488	306	341	219	453	309	315	353	294	380	423	126	170	260	374
YDR335W	1596	1562	1493	2027	2719	2211	2420	1958	1633	2237	1879	1602	1121	2420	1350	1537	2407	2279	2291	3108	757	1064	1024	1543
YDR351W	846	788	887	1005	1531	1299	1280	1208	881	1289	1060	969	643	1663	872	921	1446	1520	1545	2080	460	677	650	1074
YDL150W	141	57	181	110	306	220	260	194	170	129	180	80	111	344	73	74	304	320	262	345	98	97	47	102
YDL177C	36	22	40	44	41	34	42	42	44	53	34	32	35	136	39	45	65	61	72	73	21	31	27	59
YDR171W	2169	2291	2670	2857	3832	2422	3695	2304	2858	2306	2668	2112	1281	4052	1931	1997	3000	2461	1701	2413	911	1584	1044	1569
YDR364C	269	177	242	248	359	330	338	287	286	263	349	192	192	483	203	216	379	416	371	510	145	196	126	197
YDR309C	3922	4484	3449	4983	3329	3386	2829	3177	4007	8696	5183	6940	2261	5276	3223	3490	2349	1584	2313	2541	1903	2512	4479	6509
YDL239C	267	368	339	551	604	454	546	393	409	471	354	381	238	578	473	483	470	457	454	751	151	243	226	346
YDL228C	2	0	0	1	1	0	2	1	1	1	0	0	3	5	2	0	2	1	0	2	1	0	0	0
YDL156W	84	77	68	102	164	153	156	120	96	117	134	85	73	193	83	97	185	194	159	247	50	75	49	86
YDL016C	149	93	154	124	233	185	200	156	162	116	161	119	83	224	70	90	175	152	182	198	68	102	67	130
tX(XXX)D	0	1	1	1	0	0	2	1	2	1	0	1	0	2	0	1	2	1	0	0	0	0	0	0
YDR524W-C	0	0	0	0	0	0	0	0	0	0	0	0	0	0	0	0	0	0	0	0	0	0	0	0
YDL085W	16	56	14	121	38	45	22	42	22	79	16	60	8	22	108	89	20	13	42	74	10	8	31	73
YDR300C	686	326	754	450	1121	739	941	590	655	519	740	329	673	1816	414	427	1308	1120	950	1151	394	554	299	522
YDL168W	802	737	903	872	1774	1726	1549	1506	1062	1186	1094	902	444	1344	517	573	1184	1009	1248	1312	380	435	441	709
YDR360W	2	5	1	5	10	9	4	8	9	5	4	4	1	8	2	6	3	7	8	17	1	1	1	1
YDR195W	396	253	428	381	703	570	604	515	415	508	522	365	260	801	296	329	600	587	599	753	190	240	184	310
YDR321W	1843	833	1901	959	3084	1852	2744	1793	2409	1313	2399	999	1152	3024	614	652	2310	2216	1772	2382	993	1510	597	1050
YDR237W	254	136	331	203	467	448	451	366	299	223	341	159	177	477	162	149	376	307	410	537	152	162	113	182
YDL127W	504	1650	441	1860	468	340	379	315	404	5587	561	4351	286	782	1250	1390	375	193	292	226	224	296	2973	4399
YDR107C	420	419	427	553	758	753	700	715	396	112	593	96	297	684	421	420	685	656	882	1196	213	334	35	71
YDR472W	340	188	306	246	552	405	536	374	321	281	430	220	239	595	198	196	584	382	398	436	172	218	137	242
YDL030W	132	98	139	121	220	161	193	124	132	124	157	85	90	296	102	84	204	238	175	233	69	64	52	87
YDR468C	174	150	193	215	254	166	180	147	150	190	181	146	135	357	165	142	194	176	154	162	54	80	78	122
YDL084W	3841	2563	3873	2962	5891	4338	5258	3836	4177	3464	4692	2582	3178	6781	2111	2187	5078	4502	3871	4619	1942	2736	1504	2389
YDL203C	494	408	456	472	827	805	713	606	563	528	572	378	269	748	315	381	752	808	763	1073	229	280	221	352
YDL025W-A	1	1	3	0	3	0	0	3	1	0	1	1	1	3	0	1	1	0	1	0	1	1	0	0
YDR285W	177	170	182	229	224	179	221	166	175	244	236	176	137	310	166	188	202	162	155	242	78	97	105	152
YDL229W	17248	7481	17543	8014	24913	16775	21785	15610	19393	10765	19393	8206	14773	30846	5307	5718	22447	22221	17130	20017	11166	14903	5470	9226
YDR329C	528	411	524	560	875	641	718	616	557	569	661	458	323	852	400	437	752	636	686	914	189	293	277	395
YDR034C	653	391	637	536	1137	1066	1073	975	735	725	893	525	510	1194	401	379	1253	968	1175	1285	345	463	313	516
YDR009W	141	135	185	172	272	213	234	197	150	178	202	135	115	309	143	154	238	232	271	347	80	134	99	126
tS(AGA)D2	1	3	1	1	2	2	1	2	3	2	2	3	1	7	2	1	1	2	2	1	2	1	1	1
YDR488C	60	76	58	89	105	130	98	96	70	75	60	61	54	146	135	121	114	130	168	262	41	65	42	106
YDR103W	2006	1612	1918	1824	3224	2471	3120	2233	2391	2248	2670	1759	1014	2510	1146	1223	2477	1983	2048	2769	807	1204	950	1411
YDR336W	119	74	122	77	179	112	176	118	171	106	180	78	117	291	49	78	196	175	147	187	56	89	40	73
YDL101C	118	315	119	377	239	260	245	244	164	356	179	244	100	241	265	283	227	217	224	309	60	90	113	239
YDR162C	214	191	225	261	347	294	324	277	203	272	258	170	147	416	214	186	412	272	298	342	94	157	144	200
YDR312W	321	198	347	230	562	543	473	438	348	284	366	172	252	731	164	219	537	509	568	603	156	196	130	251
YDL061C	1739	923	1814	981	2529	1640	2418	1634	1882	1151	1989	865	1494	3233	657	662	2581	2222	1768	1969	1301	1635	693	1074
YDL040C	1896	1315	1961	1744	2783	2088	2403	1759	2059	1642	2313	1208	1592	3764	1276	1326	2503	2338	2167	2532	966	1372	674	1244
YDR145W	1107	781	1192	1054	1740	1188	1584	1120	1274	998	1536	730	808	2136	820	895	1822	1633	1513	1935	520	718	486	887
YDR124W	293	1046	238	1264	152	111	156	87	215	1980	236	1553	177	459	980	1049	285	179	86	140	115	212	990	1495
YDL231C	683	486	725	602	1185	990	1110	833	787	796	935	616	500	1227	468	533	994	1092	1101	1469	375	514	352	600
YDR190C	1219	764	1268	961	1897	1360	1671	1160	1234	1086	1423	809	960	2372	732	827	1810	1796	1413	1801	546	768	496	871
YDL064W	95	60	116	86	179	94	160	102	127	91	128	72	60	142	44	60	133	121	87	111	35	70	23	48
YDR463W	841	808	775	1010	1397	1201	1231	1060	893	1221	1153	864	634	1461	734	865	1314	1152	1219	1517	421	663	549	932
YDR491C	1	0	0	2	1	1	0	0	0	0	0	0	1	0	1	2	2	1	2	3	0	2	1	0
YDR449C	167	81	185	107	295	229	251	202	183	155	182	69	134	356	75	88	278	284	281	327	86	97	65	114
YDL035C	1083	687	1119	924	1943	1738	1851	1542	1190	1045	1440	817	696	1576	646	653	1648	1496	1616	2430	443	603	438	698
YDR074W	2794	1738	2979	2219	5296	3415	4973	3149	3388	2388	3625	1924	1663	4284	1299	1353	3959	3269	2678	3491	1271	1823	969	1635
YDR525W	0	0	1	0	4	2	0	3	3	2	0	1	0	0	0	1	1	0	4	3	0	0	0	4
YDR257C	182	145	164	232	280	227	244	174	191	226	183	162	172	458	208	249	324	342	350	390	101	139	113	218
YDR402C	11	11	17	15	36	39	38	42	15	23	21	14	7	22	13	18	38	26	42	65	14	14	10	15
YDR450W	3513	1917	3538	1971	5088	3654	4880	3334	3916	2461	3950	1800	3511	7157	1533	1460	5410	4916	3493	3799	2339	3109	1320	2117
YDR376W	156	145	156	201	312	267	232	208	160	204	166	144	131	369	166	158	290	328	328	441	81	126	97	163
YDR161W	249	108	266	123	367	278	364	244	240	158	247	117	272	771	108	121	478	539	427	581	118	196	88	208
YDR090C	300	248	293	300	450	391	421	298	339	390	363	340	217	575	319	321	475	408	459	570	194	238	199	370
YDR189W	1166	1115	1150	1405	1832	1437	1654	1196	1253	1460	1406	1054	832	2159	1012	1113	1840	1567	1437	1978	581	812	665	1063
YDR524C	1134	799	1156	1026	1847	1505	1656	1308	1168	1222	1340	856	716	1793	711	787	1703	1453	1666	2246	565	782	702	1098
YDL237W	1339	1076	1302	1474	2165	1774	2002	1710	1623	1588	1788	1265	870	2073	1014	1079	1702	1405	1697	2186	669	928	658	1103
YDR188W	1357	1049	1418	1223	2233	1772	2035	1627	1510	1433	1567	1127	1000	2706	954	1069	2124	2127	2102	2402	780	1152	694	1210
YDL133C-A	150	145	175	152	233	170	170	155	151	137	105	90	151	373	98	115	296	340	195	176	103	113	71	114
YDR531W	573	403	615	460	1096	732	959	688	672	703	782	544	459	1152	316	350	911	690	698	830	272	396	295	537
tG(GCC)D1	0	0	0	0	0	0	0	0	0	0	0	0	0	0	0	0	0	0	0	0	0	0	0	0
YDR226W	2728	1528	2687	1885	4440	3336	3845	2818	2881	2250	3028	1778	2177	5230	1422	1479	3928	3385	2921	3111	1679	2116	1322	2180
YDL054C	478	468	556	646	953	913	907	861	666	679	735	579	300	833	448	533	811	675	1039	1255	261	318	388	585
YDL205C	1108	521	1133	691	1565	966	1426	817	1077	737	1246	565	664	1722	431	488	1330	1088	942	1236	534	726	329	567
YDR537C	1	0	0	0	3	0	2	0	2	3	0	3	1	2	0	1	2	1	2	4	0	0	0	2
YDR496C	1422	587	1424	746	1978	1485	1811	1203	1365	1043	1520	700	1029	2680	501	504	1827	1785	1571	2119	630	745	470	837
YDR313C	168	165	219	247	367	313	327	254	231	279	239	193	154	431	212	227	315	276	323	475	109	155	129	228
YDL108W	154	129	170	176	267	234	217	162	170	175	191	135	104	327	124	118	253	233	188	270	84	96	82	173
tV(CAC)D	4	7	4	10	7	10	12	9	11	7	5	11	0	3	1	2	2	3	3	6	1	2	2	2
YDR340W	3	2	3	3	8	4	8	1	6	1	0	1	7	19	9	8	26	25	16	32	4	2	3	11
YDL147W	1692	1602	1722	2032	2745	2165	2550	2005	2001	2155	2266	1515	1358	3040	1579	1665	2571	1868	2019	2326	799	1124	1008	1462
YDL081C	1635	1054	1736	1107	2497	1753	2297	1782	1998	1334	1915	1052	1328	2947	686	770	2104	2065	1708	1780	1126	1489	754	1155
YDR283C	2122	2331	1979	3079	3039	2746	2557	2461	2170	3612	2570	2565	1374	3343	2056	2209	2582	2398	2741	3745	852	1296	1526	2350
YDR261C	1106	2043	1149	2572	1683	1531	1601	1366	1282	2249	1434	1645	780	2022	2178	2314	1689	1488	1753	2495	465	883	1009	1671
YDL211C	102	212	93	248	164	190	158	192	98	250	134	147	72	201	153	164	200	122	235	328	43	85	140	221
YDL074C	745	475	687	609	1025	735	1006	600	692	611	902	446	553	1301	454	468	1040	964	775	1110	302	459	303	527
YDL091C	485	442	470	581	772	570	756	504	524	516	664	423	342	788	493	507	789	654	607	890	213	359	279	454
YDR346C	1347	636	1319	781	1781	1245	1535	1055	1310	999	1412	733	1093	2712	536	620	1690	1522	1342	1662	640	854	418	802
YDR072C	1032	965	1055	1179	1683	1480	1633	1376	1286	1500	1307	1228	567	1581	925	1164	1421	1377	1778	2193	520	824	945	1479
YDR242W	319	343	398	398	722	703	726	646	496	827	441	608	192	525	296	275	631	421	584	638	182	209	346	511
YDR323C	85	74	85	90	135	116	120	98	85	65	157	48	77	183	89	77	128	156	126	149	49	62	23	67
YDR486C	866	971	847	1266	1216	1044	1135	980	890	1323	1033	1000	579	1469	984	1043	1163	825	905	975	383	513	635	1015
YDR420W	5276	5924	4826	7096	10308	10225	9506	9569	6405	8590	7213	6652	3524	9055	5433	6527	9568	9906	12206	18957	2656	3875	4242	6367
YDL122W	1254	790	1270	1010	2021	1599	1793	1398	1249	1228	1472	924	893	2219	758	794	1885	1696	1853	2502	534	767	599	990
YDR390C	801	641	843	857	1272	1035	1148	870	833	946	1038	668	474	1196	513	559	1030	908	920	1122	286	416	335	546
YDR481C	1208	803	1338	987	3086	1871	2741	1759	1588	1213	1533	979	924	2413	874	980	3034	2422	2186	3006	776	1058	632	1007
YDR318W	59	27	45	59	52	64	92	49	41	55	56	34	35	112	42	56	88	85	55	83	22	36	19	51
YDL105W	141	137	135	136	266	233	272	224	172	162	228	104	97	299	107	115	248	220	217	336	75	91	66	114
YDL141W	462	484	510	634	803	598	669	508	597	856	650	630	301	841	379	463	634	588	625	808	218	326	322	546
YDR400W	348	365	425	452	580	414	508	363	342	315	386	256	286	770	334	383	521	422	416	506	246	279	170	300
YDR522C	0	0	1	2	5	4	5	2	1	0	2	1	0	4	0	0	3	1	1	1	0	1	2	1
YDL173W	402	596	416	803	753	696	622	540	468	698	493	528	307	910	668	638	687	678	638	719	238	289	295	541
YDR279W	261	264	279	312	382	374	369	349	274	360	362	265	144	416	212	240	337	263	271	391	99	165	166	251
YDR281C	69	16	45	35	133	40	140	38	48	88	46	61	36	101	15	10	115	68	34	16	41	27	29	65
YDR213W	364	135	345	172	598	296	497	245	345	200	411	141	267	728	161	153	686	669	407	535	161	294	124	177
YDR179W-A	129	106	133	157	201	189	162	143	150	196	180	122	99	252	111	114	194	148	186	244	51	78	85	124
YDR330W	504	742	524	966	1001	839	913	755	576	1173	672	881	317	911	666	674	776	767	822	1117	237	328	502	809
YDR106W	18	15	10	18	38	30	23	21	10	17	18	10	7	25	19	14	15	22	24	31	3	15	7	8
YDL178W	334	275	365	288	632	642	508	604	368	396	406	327	213	589	212	242	487	488	602	854	138	175	150	312
YDR484W	493	395	466	531	814	575	783	487	527	570	658	376	289	712	310	358	688	520	512	707	203	286	205	330
YDR308C	259	164	258	183	358	270	335	219	260	185	324	128	204	531	205	193	364	300	308	272	136	172	106	176
YDL192W	2768	1973	2792	2339	4055	3220	3789	3077	3269	2631	3328	2181	2372	4761	1917	1963	3651	2891	2721	2934	1602	2066	1612	2358
YDL202W	251	177	299	201	449	453	462	382	283	218	334	186	171	459	160	186	363	370	499	663	159	156	124	208
YDR146C	44	82	58	112	68	87	68	82	72	85	63	59	54	107	86	121	88	58	108	108	31	38	37	61
YDR241W	21	24	41	27	43	40	34	33	36	14	42	8	19	42	7	15	32	17	29	46	17	22	8	11
YDL158C	43	22	44	28	82	54	83	57	44	41	54	31	40	100	27	29	87	70	88	82	36	36	25	40
YDL185W	9260	6879	9012	9060	15204	11401	13070	9984	10755	9476	10822	7556	7585	16090	6662	7276	13626	13983	11374	13421	5008	7595	4013	7355
YDR251W	1727	2553	1663	3274	2292	1703	2158	1568	1862	4592	2184	3349	1194	2924	2362	2512	1900	1551	1553	2062	760	1182	2195	3542
tL(UAA)D	2	1	0	5	1	0	2	0	0	0	0	1	0	4	1	3	0	1	0	3	0	1	2	1
YDR192C	275	183	305	280	499	368	406	315	337	317	339	215	166	541	204	212	421	411	432	464	149	213	130	265
YDR368W	514	699	552	929	991	876	788	681	531	866	542	644	410	1104	799	914	874	814	840	893	294	423	490	889
YDR494W	448	281	525	426	741	699	739	640	539	460	606	373	306	814	343	340	615	472	751	830	243	302	238	345
YDR399W	1201	460	1057	606	1704	1784	1597	1425	1077	763	1137	588	1325	2475	529	582	2368	2116	1948	2070	806	1011	596	867
YDR070C	279	140	247	165	398	430	456	437	254	202	322	210	108	295	125	118	407	258	299	342	99	154	138	199
YDR138W	579	378	563	443	905	702	811	587	564	558	687	400	355	931	312	353	821	790	707	945	253	385	220	379
YDR031W	36	26	43	50	66	71	72	59	44	45	34	36	24	72	33	44	53	54	59	66	21	20	28	24
YDR255C	374	446	348	595	563	500	533	498	449	640	533	444	270	611	418	428	552	457	528	722	188	282	250	442
YDL060W	959	387	952	516	1402	1138	1259	930	944	713	1036	482	750	1893	352	389	1332	1254	1280	1511	377	565	324	558
YDR048C	5	3	5	4	13	3	13	7	13	7	15	3	1	10	3	4	11	1	4	3	2	4	0	2
YDR067C	194	191	168	221	292	270	269	232	229	283	225	189	122	302	125	148	272	184	219	269	81	103	133	168
YDR126W	249	237	245	293	418	440	441	359	283	427	336	310	142	402	226	244	330	335	355	517	112	172	192	331
YDR315C	112	143	114	212	197	193	188	166	113	212	135	137	83	204	174	162	186	168	188	240	49	62	98	166
YDL126C	5113	5121	5327	6268	9618	8213	8223	7381	5952	6329	6225	4883	4034	9311	4733	5149	7981	8117	8200	9893	3094	3829	3100	4872
YDR262W	391	298	379	376	520	408	490	362	414	409	430	368	296	697	313	299	555	511	477	535	230	327	244	404
tQ(UUG)D3	1	0	0	0	0	0	1	0	0	0	0	1	2	1	1	0	0	1	1	1	0	0	0	0
YDR345C	7458	4402	8606	5824	14284	9832	13039	8665	9458	6149	8937	6298	5370	14530	5611	6271	11479	11318	13740	15315	5213	5407	5105	7435
YDR079W	185	110	211	176	324	344	322	334	236	185	212	166	110	294	146	159	308	219	340	346	125	120	126	210
YDR433W	445	394	425	437	613	460	549	440	408	460	457	373	273	634	244	264	577	407	424	470	240	263	185	315
YDL144C	360	338	369	454	743	658	639	581	444	552	531	425	288	831	371	431	702	610	822	1037	270	354	294	524
YDR306C	448	337	428	434	759	544	687	548	519	491	603	342	279	625	239	252	643	480	447	588	170	282	193	292
YDR292C	860	546	946	743	1396	927	1201	828	898	786	940	525	717	1804	545	550	1426	1315	1047	1414	444	685	344	582
YDL009C	4	0	4	2	6	5	4	3	7	1	5	2	1	9	0	0	4	1	8	3	3	1	1	0
YDR290W	0	0	0	0	1	0	0	0	1	0	0	0	0	0	0	0	1	0	0	0	0	0	0	0
YDR282C	98	40	92	51	153	131	137	103	96	53	95	24	69	174	39	41	161	116	122	176	48	49	18	42
YDR170C	7833	5732	7639	7189	13036	9835	11545	8761	8648	7578	9599	5322	5592	12194	4526	4790	11225	9886	9080	11585	3509	5151	3091	5019
YDR174W	228	321	148	464	235	239	223	208	171	419	212	383	154	444	331	355	209	139	223	170	111	125	272	473
YDL218W	28	31	21	22	23	31	19	17	12	41	16	23	10	27	14	18	25	13	33	21	15	16	20	36
YDL062W	1	0	3	2	5	1	2	2	1	1	3	0	0	7	2	1	3	2	3	2	0	1	0	3
YDL048C	7512	2568	8682	2401	13015	8232	12924	7702	10498	3374	10093	3245	3497	10486	1024	1307	8645	6142	6773	7706	4249	5180	1716	2413
YDR500C	2267	1114	2292	1255	3286	2340	3180	2201	2359	1397	2439	1125	1972	4160	1008	1033	3340	3100	2427	2738	1658	2042	1012	1499
YDR112W	2	0	0	1	1	2	2	0	1	2	0	0	0	1	0	0	0	0	0	0	0	0	0	0
YDR538W	449	386	446	457	674	589	624	510	589	627	650	478	267	699	274	303	490	400	509	672	236	304	277	436
YDL011C	0	0	0	0	1	1	0	0	0	0	1	0	0	0	0	0	0	0	0	0	0	1	1	0
YDR355C	0	0	0	0	0	0	0	0	0	0	1	0	0	0	0	0	0	0	0	0	0	0	0	0
YDR301W	1173	897	1119	1024	2101	1656	1943	1534	1313	1236	1518	939	719	1817	686	775	1971	1717	1689	2409	527	808	518	836
YDR412W	222	85	232	127	324	221	312	209	204	160	252	126	213	492	108	116	344	357	284	405	104	151	88	165
YDR530C	189	180	196	259	276	221	244	204	195	680	224	554	205	562	252	274	322	296	272	338	110	183	433	781
YDR227W	931	744	905	935	1805	1566	1677	1454	1008	967	1294	709	623	1609	659	726	1601	1512	1770	2319	405	529	397	731
YDR041W	291	215	316	322	471	440	462	371	365	335	396	298	233	617	333	286	384	295	415	434	184	180	196	313
YDR015C	0	0	0	0	0	0	0	0	1	0	0	0	0	0	0	0	0	0	0	0	0	0	0	0
YDL008W	215	118	222	173	337	255	325	225	257	190	250	161	200	553	180	139	300	321	242	294	166	186	142	242
YDR234W	2191	753	2270	915	4682	4558	4237	3998	2463	1332	2637	1067	1660	4060	535	633	4740	3495	4828	5340	1351	1766	558	982
YDR511W	292	149	352	181	471	473	496	469	362	218	383	181	154	407	158	146	357	292	458	463	174	201	118	225
YDR519W	169	112	144	152	292	250	274	196	194	196	181	133	160	420	145	162	295	284	257	316	128	180	113	200
YDL086C-A	19	17	13	14	27	13	32	16	14	22	29	10	12	16	2	9	18	11	15	27	12	15	7	9
YDR250C	1	4	2	1	1	2	1	0	3	3	1	2	0	1	3	2	4	2	0	3	0	2	2	4
YDR465C	721	228	746	257	1119	760	997	594	740	352	729	246	578	1458	212	219	1108	1046	911	1275	315	502	188	356
YDL001W	190	149	192	194	285	223	281	221	205	206	265	150	143	337	128	158	238	247	236	290	75	115	73	133
YDR454C	1564	861	1598	1188	2277	1550	2134	1349	1713	1212	1787	926	1161	2785	843	813	2093	1697	1307	1474	854	1214	671	1046
YDR013W	58	84	79	100	108	106	114	85	78	93	93	58	56	130	70	70	98	71	75	114	23	42	44	81
YDR076W	61	40	49	56	87	99	79	99	54	64	64	57	42	108	37	42	114	97	110	143	25	40	28	38
YDL095W	3001	2391	3052	3022	5034	3878	4556	3547	3547	3255	3588	2464	2004	5016	2148	2237	4326	4250	3969	6229	1392	2095	1316	2280
YDL007C-A	0	0	0	1	0	0	0	0	0	1	1	0	0	0	0	0	1	0	0	0	0	0	0	0
YDL130W	838	612	978	667	1388	989	1168	836	882	630	758	506	544	1628	270	298	1058	1161	733	753	419	560	233	486
YDR100W	438	354	417	441	608	477	577	484	522	457	550	444	275	580	326	385	485	396	404	496	246	309	264	406
YDR479C	234	365	283	512	436	321	417	276	293	480	335	393	156	446	407	445	381	380	341	544	128	175	222	346
tS(AGA)D1	1	0	0	0	0	0	0	0	0	1	0	1	0	0	0	0	1	0	0	0	0	0	0	0
YDL117W	846	1184	913	1365	1565	1650	1390	1440	903	1119	1152	827	539	1401	848	989	1271	1182	1677	2100	420	519	486	798
YDR140W	340	262	317	355	478	427	431	361	340	383	383	292	244	744	357	354	520	437	502	631	201	279	224	401
YDR381W	731	470	749	567	1035	630	947	556	734	719	871	550	652	1670	454	452	1180	1024	656	861	416	606	377	629
tQ(UUG)D2	0	0	1	2	1	0	0	0	1	2	2	1	1	1	1	2	0	0	0	0	1	0	0	3
YDR327W	2	0	0	0	0	1	1	1	0	1	1	0	0	2	1	2	0	2	1	2	1	0	0	2
YDR062W	2556	2046	2434	2604	3573	2735	3305	2439	2607	2578	2805	1957	1916	4179	2086	2284	3257	3079	2987	4088	1284	1762	1225	2110
YDR143C	1249	691	1227	905	2065	1486	1922	1192	1430	1099	1590	829	665	1883	541	607	1520	1536	1377	1920	517	744	413	741
YDL172C	4	0	4	6	6	4	7	6	3	4	7	0	1	8	0	1	7	8	12	12	3	4	0	2
YDL053C	540	409	529	525	999	861	854	743	633	773	751	545	315	861	376	463	680	624	787	767	236	320	327	540
YDR223W	29	17	20	16	53	28	49	29	41	26	48	10	29	67	25	19	57	30	59	36	15	20	18	16
YDL037C	4685	1942	8071	1643	17123	8983	15986	9928	10560	5764	7621	4346	905	4660	944	1588	5783	3114	10040	12228	2814	2320	2758	3654
YDL167C	958	467	834	468	1321	1158	1167	962	862	809	1110	550	582	1442	368	413	1334	1283	1303	1627	410	566	326	627
YDR246W-A	11	23	20	26	26	36	34	24	19	27	16	22	10	33	28	29	22	34	31	45	8	8	12	19
YDR371C-A	0	0	0	0	1	0	1	0	0	0	0	0	0	0	0	0	1	0	0	0	1	0	1	0
YDR517W	556	466	565	642	1005	674	906	639	667	589	696	518	402	1072	475	518	748	750	670	785	294	426	287	471
YDL226C	326	301	366	396	602	445	547	387	404	380	394	296	320	807	321	345	695	730	591	758	228	334	167	348
YDR467C	18	16	10	16	16	15	20	18	12	18	16	16	10	31	21	16	17	25	28	36	8	14	6	26
YDL134C	990	1002	973	1315	1577	1239	1296	1092	993	1223	1157	934	751	1927	1050	1077	1445	1381	1188	1591	534	782	665	1098
YDR117C	657	548	610	684	930	675	861	547	610	708	784	492	470	1172	486	448	962	695	716	875	309	396	313	490
YDR314C	318	244	330	296	492	392	426	334	347	332	416	229	223	523	197	254	440	410	479	680	138	246	155	211
YDR440W	209	147	213	169	315	226	271	196	185	177	243	132	144	314	115	115	318	250	245	309	83	120	99	127
YDR303C	787	586	723	696	1251	960	1046	855	828	958	1028	655	597	1328	551	550	1176	1075	1052	1222	387	580	370	626
YDL078C	816	777	802	980	1316	1113	1184	898	884	963	965	730	591	1473	795	781	1121	1017	1031	1207	402	575	481	795
YDL238C	329	388	432	525	739	418	673	366	544	448	412	391	219	574	369	388	422	380	416	550	176	214	196	311
YDR529C	1778	1476	1912	1931	2972	2985	3070	2684	2132	2236	2363	1879	1120	2616	1592	1488	2256	1692	2440	2527	995	953	1395	1962
YDR437W	135	129	113	161	189	125	153	99	143	105	139	83	74	202	107	134	152	142	154	190	71	116	63	88
snR47	98	66	96	87	250	170	259	160	157	107	139	92	60	119	22	36	124	105	101	128	32	43	45	50
YDL196W	4	6	9	6	18	11	18	19	12	14	10	8	5	14	8	8	16	12	20	24	6	7	4	7
YDR452W	1929	1049	1911	1356	3071	2387	2700	2064	1949	1352	2004	983	1858	4063	1222	1293	3373	3206	3056	4187	1052	1487	775	1350
YDR445C	0	0	0	1	0	0	0	0	1	0	0	2	0	2	0	2	0	0	1	1	1	0	0	1
YDR347W	377	245	455	350	730	704	632	617	438	313	500	290	281	761	234	253	569	533	831	1042	302	301	187	378
tQ(UUG)D1	1	28	0	27	1	1	4	0	0	3	0	0	0	3	14	22	1	1	1	1	0	0	1	0
YDR490C	445	602	440	737	881	904	804	823	526	841	606	649	309	761	572	572	818	692	933	1278	252	341	389	599
YDR516C	1282	518	1453	754	2684	1264	2474	1134	1759	755	1589	592	722	2029	371	400	1769	1474	851	1078	544	776	284	429
YDR509W	1	1	1	1	2	0	0	0	1	0	0	0	4	13	11	14	5	1	13	6	2	5	31	25
YDL193W	361	268	406	371	636	517	569	432	382	414	465	299	246	622	273	270	545	447	520	666	158	201	141	266
YDL137W	959	1113	959	1498	1294	1296	1096	1142	983	1506	1062	1204	766	1764	1377	1313	1089	956	1128	1140	560	658	924	1456
YDL118W	0	0	1	0	2	0	2	1	0	2	0	1	0	2	1	2	2	2	2	1	2	0	2	0
YDR235W	698	668	608	748	698	507	679	475	605	681	787	534	379	964	504	549	629	526	428	593	230	418	358	472
YDR233C	8889	5709	8909	6605	12761	10267	12649	10075	11123	8697	11726	7071	5418	11652	4755	5203	10346	9092	9517	11794	5083	6745	4759	6784
YDR388W	972	1194	986	1545	1898	1621	1639	1434	1093	1528	1250	1269	923	2248	1389	1474	1851	2251	1935	2609	591	796	771	1341
YDR209C	0	0	1	2	0	0	1	0	0	1	1	0	0	2	4	0	1	0	1	0	0	0	0	2
YDR049W	357	241	350	309	607	498	524	377	355	340	426	248	324	791	247	273	632	610	550	681	173	262	169	278
YDL194W	396	295	392	443	726	549	630	501	443	368	583	342	275	707	300	338	604	576	543	847	151	220	154	294
YDR021W	240	90	264	119	351	305	355	273	229	215	295	129	167	497	100	115	343	352	313	386	102	156	92	176
YDR353W	1437	1689	1431	2320	2270	2827	2032	2295	1645	2376	1616	1769	1003	2539	1604	1741	1884	1772	2499	3159	900	1145	911	1682
YDR051C	312	201	314	281	450	317	420	302	292	244	356	172	222	644	184	188	451	392	311	410	109	172	106	163
YDR288W	248	147	230	155	380	281	366	256	248	209	267	150	174	489	151	159	323	270	281	391	102	153	98	187
YDR141C	2469	2003	2356	2694	4158	3178	3682	2890	2684	2902	3038	2065	1660	3718	1748	1823	3558	3324	2965	4096	998	1599	1144	1914
YDR194C	1524	940	1857	1279	2400	2204	2252	1937	1666	1386	1908	953	1089	2606	977	983	1823	1740	2147	3267	832	878	596	1052
YDR424C	78	58	93	85	122	104	99	80	88	61	73	58	78	172	88	80	129	109	96	83	30	60	46	76
YDR054C	1019	684	1025	897	1768	1254	1572	1075	1089	927	1254	648	779	2149	784	800	1769	1495	1368	1741	488	758	474	830
YDR122W	942	1149	932	1565	2087	1779	1829	1604	1147	1593	1243	1200	731	1795	1336	1448	1737	1884	2051	2807	510	718	769	1246
YDR184C	834	520	861	512	1141	1187	1183	992	798	899	988	620	447	1387	404	412	1120	853	1013	1327	319	427	458	711
YDR183C-A	148	97	158	94	227	190	238	182	158	164	183	93	43	130	36	38	102	74	92	123	23	42	37	63
YDL240W	592	593	531	857	505	410	449	368	508	864	663	624	445	1064	698	709	486	507	474	639	253	389	363	653
YDR056C	735	374	720	511	1035	744	922	636	710	464	796	419	672	1648	468	511	1188	1150	916	1162	449	633	328	506
YDR541C	356	292	342	396	531	405	520	368	432	404	450	269	245	615	285	254	481	350	430	492	177	280	158	269
YDL042C	298	288	289	384	381	489	380	397	273	364	357	266	179	493	291	313	364	280	446	564	134	188	188	310
YDR185C	158	98	134	151	277	203	262	197	180	204	155	164	72	216	88	96	211	152	182	241	54	89	131	204
YDR328C	1224	977	1197	1268	2063	1646	1790	1402	1281	1358	1501	1057	941	2313	1080	1004	1966	1555	1430	1704	550	830	800	1258
YDR280W	268	132	295	197	412	316	405	264	265	281	311	189	206	547	142	138	382	327	305	359	134	166	122	224
tV(UAC)D	40	30	42	33	36	30	43	31	44	38	51	37	18	62	19	28	22	15	32	47	12	31	10	33
YDR098C	506	372	488	517	908	678	820	634	556	673	587	497	426	1108	408	472	822	732	680	822	280	388	326	570
YDR005C	740	442	713	601	1056	669	1005	651	744	681	898	455	486	1216	388	348	921	696	537	663	292	404	271	385
YDR423C	468	523	412	690	835	756	830	674	542	768	682	489	316	722	399	436	728	655	607	885	202	319	269	420
YDR017C	1668	803	1488	984	2373	1605	2104	1518	1535	1203	1983	758	1111	2664	657	805	2497	2245	1897	2308	813	1120	513	819
YDR419W	190	167	217	224	305	247	321	246	174	239	281	163	150	343	178	197	297	295	276	379	97	144	95	174
YDR444W	141	116	130	171	176	131	131	94	139	100	138	83	142	285	160	184	170	210	158	207	65	87	55	104
YDR341C	3714	2015	3942	2299	6008	4518	5194	3825	4026	2603	4292	2015	3121	7427	1624	1669	5586	4984	4489	5088	1938	2678	1276	2119
YDR154C	1659	1865	1814	2334	3192	2810	2960	2583	2153	2625	2118	2293	1079	2583	1954	2103	2321	2025	2474	2456	1284	1467	1722	2703
YDR464W	1089	807	1005	1020	1845	1462	1665	1327	1093	1084	1285	699	718	1780	779	930	1639	1734	1683	2421	475	679	497	803
YDR132C	146	127	167	159	248	186	211	163	172	173	246	117	115	335	104	111	283	212	209	243	92	140	76	137
YDL210W	36	8	25	17	50	40	44	30	34	22	44	18	15	40	19	21	36	32	54	44	8	21	17	26
YDR395W	2811	1384	2737	1790	4843	3473	4034	2864	3050	2389	3343	1601	2099	5104	1213	1223	4195	3752	3404	4265	1369	2033	962	1781
YDL222C	139	441	130	511	353	342	323	312	198	314	217	290	88	203	398	457	218	137	335	422	62	83	104	198
YDR372C	636	620	643	790	999	734	953	730	687	873	818	596	561	1342	618	608	965	797	738	762	277	425	346	607
YDR325W	437	475	435	634	621	538	576	506	429	703	599	454	289	674	393	463	589	501	504	691	176	255	250	411
YDR216W	1896	2034	2255	2891	4791	4874	4269	4317	2913	3894	2877	2962	1037	2922	1679	1990	3073	2312	3994	4797	974	1231	1588	2293
YDR082W	61	61	86	101	122	93	112	97	89	105	102	65	78	196	51	78	134	107	126	146	40	70	42	64
YDL224C	1145	1015	1083	1276	2301	1985	2158	1826	1528	1780	1812	1249	785	1876	890	943	1934	1905	2044	2826	606	862	649	1076
YDR498C	557	319	492	400	857	572	745	522	624	459	696	342	333	945	297	287	769	600	548	797	258	340	217	335
YDR010C	1	0	1	2	3	1	3	2	0	2	0	0	0	3	1	0	0	3	1	1	0	1	3	1
YDR006C	2177	1872	2203	2138	3998	3224	3736	2967	2578	2947	2837	2007	1285	2967	1319	1422	3132	2743	2863	3999	1006	1452	1130	1700
YDR182W	1048	847	1112	1152	1715	1338	1599	1215	1147	1076	1413	784	825	1995	961	895	1866	1588	1653	2268	531	867	516	836
YDL102W	630	345	567	486	1145	993	1014	834	638	546	725	385	378	1101	296	350	930	899	937	1295	274	367	225	380
YDL179W	38	22	43	24	54	32	56	26	52	22	52	26	32	82	18	19	58	54	34	40	19	21	11	30
YDL067C	211	139	238	228	377	313	305	299	239	181	197	161	248	710	271	320	429	475	474	488	258	269	232	372
YDR030C	41	37	39	64	75	83	60	72	39	65	44	44	26	65	62	54	67	94	105	129	24	25	37	56
YDR020C	335	151	280	190	405	331	404	274	313	230	363	164	198	580	138	140	452	345	383	466	163	177	151	248
YDR527W	222	176	244	222	416	389	388	350	262	291	338	153	175	420	130	131	426	338	402	482	96	128	116	195
YDR333C	666	480	684	672	1134	922	985	738	688	746	838	544	439	1345	416	470	1002	1048	945	1330	320	446	336	561
YDL093W	287	165	267	228	522	288	422	282	304	210	339	180	198	532	181	183	526	522	399	579	123	227	103	203
YDL043C	138	87	128	123	215	174	198	146	112	154	166	111	114	269	100	79	204	135	152	164	59	76	78	117
YDR139C	167	105	186	134	280	209	320	179	207	175	232	117	164	417	136	143	338	289	212	281	107	162	113	178
YDR322C-A	446	423	539	500	764	686	702	664	483	563	598	457	332	790	463	433	646	539	665	736	277	302	381	626
YDL130W-A	248	546	269	815	626	818	539	712	314	862	407	688	206	418	688	641	575	334	673	648	166	183	490	719
YDR210W	280	393	303	458	357	319	341	274	288	548	308	497	155	496	417	419	304	184	253	250	99	151	280	503
YDR260C	64	41	51	44	82	83	86	64	51	54	41	49	58	155	53	45	121	105	125	141	45	44	37	62
YDL017W	316	241	341	244	505	342	467	313	361	226	364	178	194	511	170	182	450	376	348	422	122	180	123	203
YDR073W	216	251	230	313	294	301	267	253	194	330	245	256	195	504	324	354	307	356	414	480	132	170	213	383
YDL069C	79	56	82	90	138	119	109	93	96	89	128	74	79	180	86	83	131	92	112	144	35	58	50	74
YDR455C	0	0	1	0	0	1	0	0	0	1	1	0	0	2	0	0	1	1	0	2	0	1	0	1
YDR461W	6539	4086	6334	4210	1369	1058	766	1155	6455	4404	6383	3876	6817	10005	3881	4285	456	370	308	318	5538	6569	3769	4605
YDR435C	194	253	181	309	343	251	359	228	244	382	247	298	131	385	249	298	301	290	275	337	104	146	185	333
YDL063C	783	331	770	360	1167	910	1014	750	758	595	833	404	510	1392	255	271	947	926	820	1076	284	423	235	464
YDR121W	295	141	312	160	419	304	378	278	269	205	350	137	229	664	197	198	537	436	337	456	136	189	151	244
YDR178W	1157	1450	1341	1780	2298	2366	2236	2265	1771	2387	1752	2092	716	1708	1460	1633	1507	1183	1916	2128	984	1024	1473	2255
YDL013W	232	208	238	265	375	345	340	318	257	320	356	216	167	473	237	204	460	411	428	498	130	168	147	243
YDR534C	169	178	178	239	443	319	432	371	311	333	370	292	103	320	179	196	319	356	411	649	97	142	142	202
YDR392W	204	141	207	189	340	221	300	192	232	187	261	110	162	420	161	150	330	291	245	294	86	142	78	134
YDR034C-A	1	0	2	2	0	7	1	4	2	6	0	3	2	4	8	3	3	1	3	1	0	0	3	3
YDL132W	1990	1859	1990	2450	3674	2971	3281	2766	2290	2502	2570	1812	1212	2840	1461	1665	2737	2413	2633	3467	801	1155	1014	1511
YDR535C	33	44	43	35	66	53	81	36	53	27	54	35	17	61	32	37	49	59	70	123	20	28	23	38
YDR202C	293	189	340	264	484	363	471	279	348	261	365	200	269	600	201	209	489	352	303	380	126	195	119	208
YDL050C	2	0	0	0	2	2	0	1	0	0	1	0	0	0	0	0	0	0	0	0	0	0	0	0
YDR524C-A	2	0	2	1	8	5	6	4	4	2	2	2	2	4	0	2	3	0	2	4	1	4	2	3
YDL109C	269	192	260	236	468	391	401	352	280	240	311	217	186	495	200	179	442	446	512	692	167	204	111	216
YDR211W	1868	1200	1807	1614	2869	2083	2374	1841	1841	1481	2164	1195	1578	3720	1157	1202	2936	2621	2240	2838	900	1355	718	1219
YDR110W	339	172	311	247	456	364	392	315	264	245	319	174	208	615	176	190	464	472	418	552	134	174	111	240
tG(CCC)D	1	0	0	0	0	0	0	0	0	1	0	0	0	0	0	1	0	0	0	0	0	0	0	0
YDR274C	3	3	1	1	9	6	7	6	3	3	3	3	2	6	1	3	4	3	11	6	0	1	1	4
YDR167W	114	71	138	109	185	130	160	110	100	92	118	77	125	329	143	97	184	218	135	163	52	74	52	97
YDR156W	416	319	402	391	755	574	707	553	602	559	556	471	241	760	339	405	599	666	652	804	225	339	216	392
YDL223C	666	1599	646	2298	1432	1895	1232	1539	842	1444	802	1191	482	1206	1963	1949	1267	1142	2342	2283	359	516	639	1158
YDR075W	228	181	229	221	315	253	284	232	201	195	294	93	164	375	170	185	336	278	266	362	106	139	79	131
YDR039C	1179	1426	1271	1740	2377	1973	1927	1806	1473	2500	1498	1938	759	3186	1338	1906	2137	2075	3104	4156	544	737	1375	2287
YDL088C	1147	799	1105	1016	1771	1425	1538	1274	1171	1079	1488	835	771	1845	735	727	1608	1476	1531	1944	502	724	501	809
YDL129W	209	104	222	117	345	231	338	216	277	163	268	114	81	279	54	68	200	196	184	242	91	106	42	73
YDL215C	1291	919	1297	1390	1811	2048	1494	1745	1647	1718	1708	1393	694	1528	924	922	1188	929	1485	1560	570	726	730	1147
YDR297W	2143	1023	2327	1178	3345	1629	3140	1542	2729	1049	2546	934	1194	3460	967	1053	2499	2118	1669	1871	1146	1680	648	1023
YDR131C	272	270	322	373	496	404	454	386	362	380	424	280	210	505	250	249	439	347	378	455	123	190	123	228
YDR230W	2	1	2	3	6	8	2	0	3	2	4	3	3	6	0	1	2	3	10	3	1	1	1	0
YDR348C	818	609	745	773	1302	998	1209	849	801	756	961	531	517	1320	480	519	1307	1056	950	1104	433	616	341	498
YDL169C	7	22	12	45	43	43	22	20	11	35	16	40	8	32	44	46	22	34	38	50	8	10	15	37
YDR007W	77	60	89	90	171	116	157	113	98	128	111	96	48	153	66	89	131	130	115	134	42	43	61	106
YDL195W	10327	8160	10074	9863	18104	13814	16503	13233	13179	11243	13901	8834	6164	14929	6370	6925	14232	12771	13244	17758	5127	7224	4670	7644
YDR263C	229	102	165	172	318	243	302	251	215	145	224	126	111	271	133	115	240	249	242	464	62	104	60	104
YDR220C	2	8	5	10	13	10	6	8	6	6	1	6	4	7	10	7	16	12	8	19	4	2	5	4
YDR429C	1297	660	1372	753	1944	1278	1584	1111	1364	806	1399	646	1070	2550	624	665	1752	1739	1440	1724	726	945	480	912
YDR119W-A	86	29	86	35	264	172	255	148	152	55	174	68	34	89	19	20	186	105	139	152	20	79	31	42
YDR421W	391	335	393	400	724	651	652	586	427	471	538	343	269	677	295	310	642	619	628	866	187	245	177	286
YDL186W	2	0	1	6	2	2	2	5	2	0	1	2	1	3	1	0	4	2	3	3	1	1	0	1
YDL198C	630	449	672	523	1351	1192	1162	1092	768	771	839	715	417	983	300	304	1087	1057	1087	1454	340	386	269	485
YDL120W	519	411	539	499	976	761	893	686	616	624	661	480	344	918	408	427	830	689	719	919	299	384	375	553
YDR379W	853	847	853	1227	1364	1127	1242	930	881	1141	1151	743	690	1657	917	1018	1386	1289	1220	1467	443	625	525	798
YDL029W	1269	1335	1246	1845	2173	1773	1886	1592	1330	1915	1531	1413	971	2161	1385	1375	1901	1718	1604	1970	737	955	901	1456
YDR205W	629	559	656	652	1262	1098	1173	982	808	858	924	649	410	1069	478	584	1057	971	1101	1569	305	497	431	726
YDR094W	161	93	166	137	314	213	291	194	204	155	218	128	96	283	97	91	219	269	228	409	99	115	60	113
YDR369C	178	178	220	246	359	276	301	233	193	257	225	162	143	350	142	178	312	301	278	355	75	128	85	185
YDR088C	260	214	260	277	430	327	377	326	273	260	362	160	193	492	211	207	423	334	331	352	130	158	124	165
YDR411C	555	409	557	540	1023	871	976	826	774	819	758	718	321	861	394	431	788	759	806	1283	236	404	356	597
YDR441C	946	480	1007	573	1453	1156	1478	1069	1140	887	1247	698	523	1454	399	476	1204	1017	1117	1326	610	758	522	857
YDR446W	2	0	1	0	1	2	2	4	1	1	1	0	2	4	0	1	2	0	2	4	0	0	1	1
YDL183C	107	97	91	73	228	247	237	271	129	99	144	83	68	194	77	79	296	178	316	330	54	76	63	102
YDR194W-A	0	1	1	1	0	1	0	1	1	0	1	1	0	0	0	0	1	1	3	2	0	0	1	0
YDR114C	2	1	2	1	3	0	1	1	3	1	1	0	0	7	3	0	0	2	0	2	0	0	2	1
YDR442W	0	0	0	1	0	0	0	0	0	0	0	0	0	1	0	0	0	0	1	2	0	1	0	0
tK(CUU)D2	0	0	0	1	0	0	0	0	0	0	0	2	0	0	0	1	0	0	0	1	0	0	0	1
YDL059C	25	47	31	74	68	62	83	56	42	87	43	58	31	73	52	43	52	49	53	69	16	24	22	58
YDR016C	125	103	118	115	177	129	174	129	129	163	164	126	83	202	85	116	157	113	130	123	44	71	83	127
YDR430C	736	448	931	633	1813	1821	1575	1544	982	802	962	560	533	1416	488	519	1323	1365	1880	2725	509	532	405	659
YDR366C	22	8	4	14	10	8	8	10	4	5	2	7	18	10	14	12	37	11	46	9	8	1	17	8
YDR374W-A	59	76	64	109	146	124	142	118	86	186	96	116	51	118	105	114	136	91	140	139	39	49	92	111
YDR293C	4968	6491	4905	8540	9516	9217	7941	7882	5661	8742	5997	6783	3789	8462	7091	7532	8338	7859	9602	11261	2693	3789	4682	7062
YDR459C	147	126	150	229	234	196	183	149	163	232	213	164	128	348	210	167	201	187	247	325	100	124	132	208
YDR022C	80	88	68	109	124	136	143	108	72	111	103	100	50	98	82	81	147	104	124	125	39	50	67	100
YDR217C	762	432	727	588	1223	945	1022	808	726	513	858	329	554	1400	400	405	1218	1153	1107	1404	340	506	217	342
YDR052C	858	670	821	858	1505	1127	1401	1032	869	951	1120	668	511	1398	598	619	1489	1366	1305	1895	381	541	382	568
YDL027C	959	1268	958	1756	1546	1421	1481	1278	1174	1800	1319	1356	602	1503	1134	1189	1281	983	1188	1684	459	626	864	1258
YDR104C	352	419	372	570	659	626	569	528	352	502	404	364	233	592	415	386	541	597	583	862	176	213	214	350
YDL136W	3449	1372	3466	1454	5372	3124	5069	3258	3908	1858	4272	1412	3423	10842	1252	1448	6706	5495	4143	4486	2152	2912	1457	1942
YDR248C	256	163	258	213	439	337	406	291	280	222	308	144	189	448	138	113	413	324	319	350	96	165	93	143
YDR078C	79	46	61	69	111	63	85	68	69	72	69	59	39	103	53	58	80	75	66	120	30	37	41	70
YDR068W	212	124	237	209	298	258	277	209	220	169	283	110	230	489	204	161	404	361	329	331	81	155	87	142
YDL080C	524	353	470	518	822	641	704	567	507	455	618	362	409	980	379	396	908	781	718	1066	271	355	252	388
YDR461C-A	12	6	14	4	121	145	118	152	21	32	25	22	9	34	6	12	152	128	187	166	6	10	21	34
YDR252W	42	30	46	47	83	64	74	49	41	33	63	29	34	93	27	39	60	39	60	77	32	37	20	52
YDL046W	2323	1538	2257	1900	3232	2751	3285	2680	2829	2243	3034	1937	1322	3079	1283	1476	2701	2383	2526	3599	1387	1808	1270	1937
YDR540C	12	80	16	138	29	25	35	22	19	39	25	32	15	43	132	128	39	30	37	64	13	12	26	54
YDR181C	113	103	131	130	218	138	156	142	114	120	136	77	125	288	157	121	250	245	188	288	50	93	61	126
YDL200C	56	45	64	63	95	101	96	87	59	66	74	58	48	125	51	52	91	96	102	86	31	32	27	62
YDR108W	375	276	346	401	536	443	479	385	402	419	475	336	218	558	214	224	458	353	415	526	168	201	186	323
YDR337W	123	79	156	101	227	218	211	180	143	120	135	77	83	275	94	77	176	170	225	212	83	69	56	75
YDR356W	258	281	235	354	329	248	284	227	207	289	277	211	171	483	318	320	340	310	312	411	98	149	133	247
YDL235C	710	604	768	724	1142	939	1002	809	710	782	820	593	528	1320	638	547	1185	926	885	1080	324	436	394	643
YDR320W-B	9	12	16	21	20	20	20	18	22	18	20	12	14	20	13	16	21	12	23	28	6	15	13	17
YDL245C	0	1	0	0	0	1	1	1	2	1	1	0	0	0	1	0	0	0	3	3	0	0	0	1
YDR170W-A	9373	7500	11199	6724	25133	21637	20019	21119	12579	8134	16397	7921	5333	19661	4764	8676	19824	14988	21478	21881	5004	6172	5329	6962
YDR210W-B	12884	24816	11580	32368	9860	7938	9448	8104	13614	17902	14752	12078	10019	28070	26299	37042	11823	9591	13284	14336	5012	7727	13198	15638
YDR210C-D	32799	59025	45200	58384	39060	40271	33737	39272	36537	45483	49317	39870	26800	112482	58040	98387	54542	51205	75681	83158	15785	29738	40624	60858
YDR316W-B	17255	28811	22979	30519	13673	14645	11619	13142	19949	26693	24329	21597	12953	60992	29406	49646	21034	18270	28862	28545	7312	13740	21120	30653
YDR261C-D	40865	55004	48057	66650	21302	23018	15576	19723	48986	55259	56672	40288	28076	117086	51173	83038	28249	24143	41123	39420	15817	26657	34017	48637
YDR210C-C	1158	1633	1036	2329	1765	1760	1216	1329	1145	1703	1326	1419	1275	2761	2674	3261	2630	2179	3019	3022	712	1074	1618	2330
YDR261C-C	9403	13674	11227	16321	4596	4486	3297	3970	12392	13107	16311	10731	6943	29763	12698	20887	6206	5677	8617	9375	4311	7504	7717	12453
YDR261W-B	18928	36601	16637	47259	12947	9846	13063	11059	18981	25685	21896	18287	13458	38088	35060	50120	14337	12089	14062	16072	6596	10800	15884	21106
YDR365W-A	4964	7866	6054	9229	2654	2628	1946	2267	7372	7935	9417	6433	4393	19611	8490	14002	3662	3592	5212	5319	2613	4739	4908	8173
YDR316W-A	669	1104	623	1528	881	696	556	567	643	1064	747	863	712	2091	1651	2288	1635	1285	1771	1885	391	688	1164	1629
YDR261W-A	4013	7894	3569	9760	2286	1660	2278	1860	3949	5331	4393	4105	2911	8629	7726	11042	2708	2381	2531	3204	1492	2487	3609	4959
YDR365W-B	48025	57581	51334	75224	24936	26491	17799	22114	58408	63911	64040	45071	33947	132041	59342	92181	33824	27531	48601	44605	18736	29762	39605	52361
YDR098C-B	23055	44517	27634	56058	19208	21387	15861	18435	29121	50053	37700	39432	17114	74911	50108	78073	27752	22941	39998	39769	9379	17137	33812	48796
YDR098C-A	2158	4923	2077	8270	2873	3033	1947	2200	2284	6346	3217	5356	2125	6544	8495	11018	4512	3329	6190	5840	1074	1823	5547	7652
YDR210W-A	2811	5959	2612	7404	1735	1277	1770	1446	2956	3599	3268	2593	1838	5646	5156	7641	1745	1502	1620	2060	957	1560	2238	2807
YDR034C-D	14857	26537	13571	34504	11543	9327	14931	12867	15609	18404	16278	12319	11345	33253	28137	39494	13680	17323	14918	23367	5845	8979	12433	15917
YDR034C-C	4663	9927	4275	11959	3776	2989	4547	3795	4808	5744	5457	4120	3014	9365	8845	12889	3971	4378	3978	5940	1686	2638	3906	4858
YOR185C	270	708	318	893	630	1050	590	890	365	1242	426	1124	149	380	645	689	371	298	796	756	152	178	610	993
YOR237W	19	11	6	18	27	14	28	17	9	23	13	20	9	11	17	13	14	13	14	13	5	7	17	16
YOL048C	274	324	311	485	536	486	520	427	325	550	421	466	180	405	303	312	431	319	413	515	155	190	239	441
tG(GCC)O1	0	0	0	0	0	0	0	0	0	0	0	0	0	0	0	0	0	0	0	0	0	0	0	0
YOL144W	276	105	267	125	423	350	379	275	218	166	258	121	162	443	101	107	459	391	396	481	93	138	65	141
snR8	520	369	509	486	719	558	613	512	501	430	412	448	294	720	282	359	433	573	452	409	196	228	225	308
YOR082C	0	0	0	0	2	1	2	0	0	0	0	1	0	6	1	2	2	4	4	7	0	0	0	2
YOL072W	444	310	374	391	670	528	638	474	454	497	540	377	268	674	275	286	616	542	487	685	180	266	186	325
YOR114W	67	407	62	546	75	65	70	62	73	151	90	118	51	126	385	434	65	35	48	61	18	47	68	105
YOL085C	1	0	0	0	2	0	0	1	1	0	0	2	0	0	1	1	0	0	0	1	0	0	0	1
YOR385W	1064	1029	1006	1219	1218	948	1130	841	1160	1790	1044	1296	665	2003	956	953	842	584	574	614	431	658	858	1302
YOR214C	5	1	6	2	10	4	11	5	3	4	7	5	1	3	2	2	4	1	6	10	0	3	4	3
YOL119C	398	278	382	380	902	1006	757	833	502	573	588	456	361	877	390	421	947	973	1186	1676	266	344	283	460
YOR019W	38	133	36	164	51	50	47	47	50	121	44	99	36	66	124	126	49	43	33	28	15	19	53	102
YOR206W	1606	646	1501	806	2091	1508	1825	1380	1380	1170	1645	765	1009	2529	494	578	1907	1649	1655	1968	628	892	534	899
YOR345C	4	11	5	16	24	26	13	22	7	18	8	17	2	5	8	10	9	8	16	44	0	5	5	11
YOR341W	9166	3248	8716	3990	13750	8837	11952	8009	8978	5506	9402	3862	6439	15236	2718	2876	12346	12103	10423	14897	4101	5443	2621	4578
YOL088C	494	407	448	549	759	676	726	615	594	599	705	428	283	731	352	350	682	582	649	927	204	290	277	409
YOR392W	2	1	1	3	2	4	5	1	0	0	0	3	2	2	2	0	2	2	3	6	2	0	0	3
YOR160W	767	506	736	596	1240	845	1106	792	840	792	941	575	433	1188	419	419	961	938	853	1197	314	467	312	518
YOR084W	76	132	63	159	111	135	119	95	102	136	81	126	57	142	187	229	109	126	155	234	46	58	81	139
YOR039W	695	548	674	606	991	814	909	730	670	675	783	518	419	1097	419	431	834	695	728	837	310	403	348	563
YOR264W	92	46	90	59	142	104	146	90	113	79	123	46	62	152	54	31	191	156	142	180	47	72	44	54
YOR281C	266	166	297	218	475	325	421	278	281	222	318	124	213	667	220	175	524	435	415	447	117	176	96	179
tK(UUU)O	9	10	16	5	12	5	18	6	10	11	10	9	8	35	3	14	11	11	4	11	10	11	3	8
YOR230W	2528	3218	2111	4415	4247	3163	3431	2665	3095	5193	3359	4257	1657	4013	3099	3225	3208	3656	2455	3335	1094	1940	1929	3649
YOR144C	313	284	306	385	523	524	468	413	358	397	471	267	237	547	270	310	573	418	527	665	165	242	175	290
YOL081W	9101	9333	9289	11035	16469	11671	14748	10699	11442	10993	11876	8843	5341	12267	7076	7907	11383	10850	10848	15196	4096	5826	4856	7331
YOL052C	1445	714	1483	869	2269	1528	2190	1390	1639	1135	1934	746	718	2097	525	551	1623	1224	1301	1655	613	865	418	779
YOR285W	653	781	709	1040	1092	1130	1026	1008	716	1107	694	960	458	1174	932	972	837	783	1011	855	432	476	769	1230
YOR058C	551	703	618	919	923	716	780	698	708	958	744	604	382	1000	686	786	676	554	640	836	269	370	338	586
YOR270C	4109	2513	4132	3061	6452	4608	5580	4136	4572	3290	5016	2676	3586	7911	2408	2381	6380	6227	5153	7006	2334	3550	1611	2923
YOL154W	71	89	105	124	130	128	123	98	97	155	104	159	41	143	93	105	116	102	133	199	47	61	83	160
YOR115C	268	190	285	245	378	277	351	226	244	239	288	178	254	642	218	223	429	328	270	355	120	165	105	249
YOL003C	502	370	501	419	848	702	775	693	603	493	677	350	256	703	302	312	640	521	721	894	254	306	260	356
YOR258W	105	61	126	64	137	126	149	111	128	67	104	48	68	184	50	53	129	123	84	102	56	75	52	62
tN(GUU)O2	0	2	1	1	2	3	1	2	0	2	1	0	1	0	1	2	4	2	2	4	1	2	2	2
YOL103W	1196	820	1269	1116	1862	1335	1586	1172	1336	1045	1347	768	958	2283	830	911	1637	1600	1646	2214	594	879	466	831
YOR215C	356	386	429	541	674	664	592	608	394	552	512	465	314	784	520	502	618	502	674	658	224	254	301	555
YOL095C	178	275	180	438	224	256	242	212	187	634	220	482	124	304	256	254	265	217	235	328	79	117	263	466
YOL063C	491	446	553	634	978	691	797	649	597	613	687	476	400	1006	417	468	822	780	734	1105	270	403	258	442
YOL079W	2	1	0	1	4	2	2	2	2	2	1	0	0	2	0	1	6	3	6	3	0	0	0	3
YOR389W	101	101	98	112	218	207	200	153	108	133	119	102	74	167	101	141	188	174	274	366	54	55	68	93
YOR231W	1089	821	1113	1046	1994	1781	1892	1634	1421	1471	1436	1089	712	1788	800	911	1735	1370	1844	2140	561	755	631	961
YOR021C	230	99	291	149	374	244	278	209	217	145	223	107	255	693	179	162	441	430	353	448	140	188	109	239
YOR139C	4	4	5	4	6	3	5	4	4	2	4	2	0	1	4	2	5	7	1	5	1	2	2	7
YOR120W	691	364	785	454	1280	1318	1203	1074	910	593	928	492	433	1115	304	304	864	682	845	856	312	427	266	430
YOL038W	780	714	762	988	1426	1119	1183	952	840	932	911	683	726	1749	887	901	1416	1334	1212	1305	478	616	539	890
YOR023C	930	1023	926	1232	2054	2060	1852	1891	1313	1656	1414	1226	596	1447	799	892	1488	1280	1830	2409	490	641	639	992
YOL124C	206	110	206	131	267	275	267	206	175	178	174	119	125	402	106	112	285	289	370	396	101	99	77	170
YOR212W	1187	1329	1094	1631	1261	783	1151	704	1056	1286	1218	957	991	2539	1536	1629	1412	1263	1010	1244	616	851	708	1213
YOL013W-A	5	4	4	2	2	6	5	0	4	4	3	3	1	9	2	2	3	5	4	1	3	2	2	5
YOL120C	5139	2754	5136	2985	7216	5078	7019	4658	5730	3480	5751	2649	3562	7578	1600	1590	5836	5048	3792	4242	2991	4047	1682	2521
YOR181W	1038	1331	1104	1508	2641	2043	2365	1969	1464	1709	1303	1529	804	2014	1081	1387	2330	2520	2531	3940	652	843	938	1282
YOR333C	0	0	0	1	3	1	2	2	4	0	1	1	1	2	1	0	1	0	1	1	0	1	0	0
YOR335C	4452	2348	4411	2800	7269	4994	6396	4663	4830	3030	4923	2150	3385	8218	1948	2079	6564	5977	5314	6624	2290	3239	1275	2336
YOL046C	0	2	0	2	1	4	0	2	2	0	0	0	0	2	0	1	0	0	0	0	0	0	0	0
YOL029C	220	131	213	146	378	374	347	328	233	206	286	134	170	387	110	119	379	366	388	540	71	139	83	131
YOL155W-A	0	0	0	0	0	2	1	0	0	6	1	4	0	0	0	0	0	0	0	1	0	0	4	5
YOR072W	17	17	24	24	42	44	29	26	27	24	32	29	12	44	15	29	23	39	40	90	9	16	16	27
YOL161C	1	21	3	30	1	1	3	1	1	2	0	1	1	3	20	30	1	3	2	4	1	1	0	2
snR58	17	6	10	8	26	22	32	19	16	14	13	8	7	20	6	3	19	14	10	14	4	5	5	10
YOL122C	535	601	722	734	1706	2057	1574	1802	858	805	827	693	318	933	554	648	1156	1145	2008	2584	375	449	398	713
YOR252W	54	31	64	26	84	55	66	48	45	28	51	30	58	186	42	30	100	98	85	94	34	36	24	50
YOR157C	530	505	510	684	1050	960	869	809	592	738	629	577	396	1124	567	591	805	1004	835	1122	299	399	283	624
YOL107W	213	1019	179	1323	251	242	267	236	224	508	282	359	167	350	1133	1261	262	211	254	355	112	176	252	388
YOR274W	357	183	375	216	659	442	629	404	428	303	450	187	221	570	134	164	414	370	351	442	122	196	114	222
YOL013W-B	1	0	1	1	1	0	4	2	2	0	3	3	2	2	0	0	1	2	0	0	0	3	1	3
YOR343C	167	660	126	764	106	66	99	84	192	1268	224	1150	100	214	609	670	76	54	63	78	65	107	664	979
YOR093C	1053	745	992	1016	1969	1638	1586	1417	1053	1349	1341	898	677	1507	782	818	1491	1513	1654	2341	402	592	566	952
YOR381W-A	23	486	27	548	21	20	11	18	8	24	10	16	14	37	403	397	6	4	10	14	7	10	7	12
YOL065C	220	224	227	311	384	329	371	237	253	304	319	249	163	406	227	252	350	267	252	339	113	150	141	238
YOR092W	1505	569	1529	636	2486	1576	2524	1376	1793	853	1890	660	728	2038	391	409	1961	1533	1412	1940	749	979	417	633
YOR207C	2709	1886	2796	2442	4581	3414	3960	3014	2655	3045	2971	2039	1767	4617	1717	1828	3914	3680	3582	4926	1193	1772	1354	2282
YOR365C	3	8	3	4	24	13	23	15	9	6	11	4	9	6	4	1	22	0	22	8	2	1	4	6
YOL005C	436	164	429	207	774	595	733	496	527	508	505	402	377	990	174	184	713	600	535	680	296	434	306	564
YOL020W	901	458	975	654	1539	1371	1505	1237	1189	939	1288	721	578	1427	347	373	1307	1237	1369	1846	398	569	327	571
YOL053W	164	120	194	135	263	189	247	188	156	124	210	102	139	336	111	109	261	242	219	340	69	107	65	101
YOL117W	177	180	160	223	276	246	274	205	209	217	238	163	127	313	157	172	278	280	237	339	61	107	90	157
YOR038C	513	350	483	440	859	685	750	555	520	566	708	384	301	789	277	300	753	628	617	962	234	312	191	351
YOR303W	2472	1639	2434	1794	5183	4594	4495	4139	3307	3688	3635	2926	1741	4339	1206	1347	4761	3810	4252	4727	1681	1902	1618	2653
YOR137C	565	748	528	935	656	594	729	582	645	901	623	692	351	808	749	784	652	500	620	830	236	389	441	724
YOL034W	173	165	141	216	304	262	243	240	166	205	195	143	112	279	181	173	276	262	303	360	78	89	101	152
YOR052C	1138	2146	1305	2486	1593	1377	1538	1336	1421	2375	1523	1808	858	2227	2482	2586	1347	930	1193	1444	573	789	1387	2033
YOR190W	19	11	13	9	44	22	29	20	16	11	16	11	13	19	10	13	17	29	22	46	3	2	3	10
YOL039W	1238	763	1346	826	2027	1432	1730	1277	1417	1038	1309	771	918	2405	458	479	1602	1552	1153	1311	759	1029	477	850
YOR349W	428	307	441	405	1007	868	890	770	563	624	697	475	278	742	269	265	742	755	794	1240	225	327	228	337
YOL090W	830	1143	815	1421	1655	1485	1431	1396	846	1386	1100	993	498	1270	811	1006	1377	1187	1480	1828	350	529	537	788
YOR271C	1220	653	1342	760	2482	1746	2205	1702	1688	1086	1572	838	588	1871	505	485	1908	1616	1698	2315	531	787	412	650
YOR173W	340	248	270	337	471	381	448	332	313	278	379	246	166	400	249	230	387	251	278	390	112	165	132	225
YOR106W	362	312	359	393	415	307	397	285	334	419	477	254	342	1025	490	440	614	538	470	591	178	270	261	412
YOR108W	2286	684	2364	846	4082	3086	3611	2686	2625	1295	2896	1027	1575	4234	407	426	3675	3902	3519	5711	1175	1542	488	999
YOR059C	147	136	155	218	222	194	218	159	146	238	163	164	155	420	187	206	277	284	285	337	110	148	107	187
YOL149W	294	149	285	212	424	298	409	230	287	198	322	154	207	522	131	153	399	319	226	258	104	149	98	142
YOR121C	474	364	440	418	582	524	668	548	542	588	654	474	311	615	296	399	529	408	424	510	292	359	371	504
YOL106W	18	137	18	209	34	24	17	28	22	53	24	34	14	25	179	195	24	18	36	60	11	9	26	36
snR9	792	625	826	794	1184	1004	1061	873	889	795	715	753	844	1285	658	746	900	1083	849	707	477	497	495	731
YOR295W	41	40	44	50	50	70	67	69	61	57	73	38	57	114	42	49	47	63	58	58	17	25	23	51
YOR203W	353	251	350	276	705	693	614	604	416	443	480	364	204	512	155	160	533	370	460	430	203	238	219	311
YOR132W	507	637	486	826	893	643	782	563	534	761	610	560	358	930	588	604	779	702	599	856	215	352	314	562
YOR216C	575	375	586	626	863	598	713	488	579	524	673	329	439	1085	433	422	796	663	610	764	217	334	203	348
YOR099W	1072	784	1086	1039	1639	1134	1557	1005	1160	1105	1354	864	827	1984	862	876	1606	1430	1365	1609	609	893	636	1073
YOR001W	784	362	770	498	1179	839	1027	753	759	637	846	415	587	1465	342	373	1076	1137	912	1248	352	495	283	518
YOR009W	383	248	479	305	1123	947	1061	872	824	480	664	367	227	639	260	354	695	733	1069	1610	223	307	214	322
YOR204W	3830	2090	3955	2585	5797	3867	5183	3359	4645	3413	4444	2797	2509	6419	1792	1926	4611	4944	3823	4749	2237	3065	1472	2883
YOR209C	1683	1480	1642	1894	2454	1712	2152	1504	1720	2130	1825	1508	1258	2924	1256	1334	2204	1764	1517	1761	758	1146	970	1604
YOR284W	72	206	66	237	78	78	72	77	70	124	99	86	57	138	207	222	72	73	88	98	27	56	60	91
YOR036W	263	472	294	608	399	340	351	344	279	626	300	479	195	505	536	563	377	274	284	285	122	186	385	526
YOR154W	405	252	411	297	715	607	632	546	462	373	524	251	207	696	184	210	603	538	592	892	161	197	131	222
YOR048C	1690	1002	1712	1292	3047	2451	2586	1986	1834	1491	1822	995	1179	3238	975	1057	2496	2698	2502	3596	848	1049	608	1133
YOL073C	253	252	269	301	502	383	476	336	322	338	336	318	159	481	246	234	346	420	352	642	138	197	143	292
YOL152W	89	227	162	231	135	317	104	214	107	129	121	153	39	88	155	164	67	93	227	407	54	53	72	112
YOL101C	599	100	501	83	459	104	374	86	454	66	554	44	580	1505	21	28	1068	1074	128	191	488	750	32	41
YOR085W	2755	1980	2784	2320	4298	3300	4338	3186	3497	2710	3840	2143	1804	4639	1732	1861	4023	3632	3311	4597	1640	2459	1539	2398
YOR227W	1996	2240	2034	2932	4598	3789	4175	3526	2794	3624	3259	2854	1119	2758	1939	2059	3387	3141	3498	4913	970	1481	1414	2313
YOR159C	81	36	69	37	100	70	77	56	54	46	70	44	27	108	43	45	108	86	51	96	22	50	31	45
YOR146W	0	0	0	0	0	1	2	1	0	1	0	1	0	0	0	1	3	0	2	0	0	0	1	0
YOR372C	788	899	641	1072	772	585	792	546	768	1178	1070	827	375	998	742	819	704	567	656	746	320	529	524	865
YOR112W	909	725	839	816	1479	1278	1333	1171	978	1026	1187	758	568	1456	677	654	1317	1133	1130	1527	381	592	462	725
YOR387C	2	1	3	1	7	4	2	8	3	2	2	0	1	3	1	1	5	5	3	10	0	1	1	3
YOR229W	901	353	727	418	1140	566	930	517	837	431	1105	382	594	1667	395	370	1252	1080	731	942	393	625	260	433
YOR068C	1	0	0	0	0	0	0	0	2	2	0	1	2	0	2	1	2	1	2	0	0	0	0	0
YOR376W-A	23	19	24	21	41	39	44	41	32	33	27	30	33	56	20	21	35	25	51	48	10	18	16	35
YOL050C	0	0	1	0	0	1	1	0	0	0	0	0	0	0	0	0	0	0	0	1	0	0	0	1
YOR342C	1440	1143	1401	1402	2352	1813	2252	1546	1582	2052	1956	1677	731	1916	972	993	1984	1620	1486	1610	592	786	1036	1514
YOL035C	1	0	1	1	0	0	1	0	0	0	0	0	2	2	1	1	0	0	0	0	0	0	0	1
YOR251C	440	351	476	436	689	546	594	447	490	423	498	347	267	665	256	260	573	452	474	518	203	291	211	404
YOR041C	8	25	25	11	102	71	94	64	36	31	29	15	11	34	10	18	65	66	58	111	14	16	10	18
YOR130C	142	226	152	281	243	196	232	188	140	518	190	455	122	360	208	221	301	225	243	248	90	106	279	498
YOR119C	173	87	163	126	202	182	203	148	118	121	168	78	118	301	75	77	213	198	188	240	68	80	50	91
YOL166C	1	1	1	3	1	3	0	2	1	9	1	5	0	1	2	3	0	6	0	4	0	1	2	6
YOR008C	1291	897	1300	1196	2008	1515	1861	1262	1389	1161	1453	1034	824	2140	933	838	1831	1545	1616	2186	590	850	554	922
YOL011W	1244	1474	1418	1766	2117	1676	2045	1540	1712	1591	1851	1184	716	2215	1439	1484	1319	1125	1658	2022	654	888	651	1173
YOR248W	1042	1692	1059	2086	884	1020	728	1065	1562	1267	1607	913	617	1347	1325	1344	483	335	469	617	518	698	376	526
YOR202W	636	464	676	540	1374	1319	1185	1118	765	793	819	660	483	1308	362	376	1282	957	1221	1044	472	585	478	735
YOR266W	145	81	192	139	286	236	284	218	186	114	218	102	102	285	99	94	275	235	246	365	81	111	71	102
YOR140W	740	806	681	958	1449	1267	1331	1205	1032	1428	1198	1117	502	1225	753	849	1322	1367	1469	2166	465	592	561	962
YOR004W	517	197	510	262	693	534	645	452	506	358	540	225	321	858	180	187	588	522	508	719	193	237	202	334
YOR308C	261	147	244	215	445	375	422	370	254	217	329	168	181	456	179	193	466	473	435	609	106	156	94	177
YOR032C	76	44	78	92	249	322	198	318	147	105	112	80	34	143	52	59	233	110	292	345	33	53	85	103
YOR311C	597	432	617	549	873	692	790	632	696	633	702	480	445	1085	446	501	848	664	823	938	387	464	346	612
YOL019W	463	1303	442	1591	1179	1858	1191	1642	543	3265	650	2347	352	870	1427	1482	1479	1194	2075	2734	319	420	1799	2828
YOL138C	1260	880	1248	1160	2214	1946	2043	1652	1409	1219	1568	903	801	2085	868	916	1958	1923	1953	2852	649	826	524	790
YOL151W	112	303	193	439	616	998	543	852	176	971	209	769	90	262	332	328	394	232	791	712	146	102	493	836
YOR330C	426	345	501	555	826	621	683	579	486	409	529	326	413	1051	500	515	869	947	913	1279	247	344	209	367
YOR379C	9	31	11	52	19	22	13	21	12	13	12	15	7	24	50	58	12	17	19	34	7	9	10	18
YOR142W	2131	2623	2200	3328	3531	3829	3409	3490	2800	3796	3227	3167	1306	3039	2376	2462	2408	1988	3092	3090	1371	1439	1867	2886
YOR268C	1	3	0	2	5	5	6	3	1	4	2	4	0	7	1	1	5	3	8	10	1	2	2	4
snR81	420	333	425	351	562	466	506	425	405	357	360	384	224	584	237	313	353	405	356	323	153	206	223	266
YOR017W	526	377	516	478	877	716	835	648	577	539	703	366	323	856	348	323	760	632	673	1072	227	340	251	384
YOR394W	1	0	2	4	6	7	5	2	1	3	2	1	0	2	4	3	6	9	14	28	0	0	2	2
YOL134C	0	0	1	0	1	1	0	1	1	0	2	2	0	0	1	0	1	0	3	4	0	1	2	0
YOR002W	2176	1272	2133	1612	3103	2289	2879	2114	2476	1892	2726	1596	1601	3581	1165	1346	2859	2528	2451	3050	1200	1808	1036	1665
YOR194C	222	146	212	189	329	257	288	201	223	220	276	158	179	549	190	187	368	362	284	381	109	149	116	172
YOR298C-A	954	913	1157	1121	1710	1021	1452	916	1208	1066	1131	948	728	2034	990	1056	1290	1158	878	1080	540	752	654	1040
YOL069W	159	230	147	255	194	151	179	130	149	190	227	175	94	259	179	166	154	123	133	173	63	76	92	132
YOR014W	2972	3126	2991	4297	4638	3593	4112	3202	3205	3575	3752	2641	2086	4834	3156	3293	4206	3799	3874	5096	1497	2182	1681	2727
YOR346W	382	295	381	417	534	477	481	453	404	324	475	226	259	721	233	355	602	464	671	722	178	227	159	252
YOR044W	474	334	469	407	763	590	734	502	511	439	587	328	354	767	353	380	859	648	679	832	198	350	328	477
YOR275C	741	808	745	995	1149	988	964	838	785	1090	941	760	531	1355	794	805	1129	925	1027	1267	356	488	495	764
YOR174W	112	102	117	137	172	122	129	110	111	130	138	81	78	241	115	93	186	146	132	168	51	55	51	108
YOR336W	1288	1370	1258	1760	2355	2201	2051	2063	1349	1917	1607	1514	871	2089	1154	1353	2049	1729	2376	3189	609	821	759	1326
YOL094C	392	269	420	326	670	504	557	416	398	234	519	156	244	672	164	187	597	485	421	538	175	252	71	130
YOR122C	3954	3487	3868	4126	5703	4912	5364	4482	4577	5016	4803	4276	3186	6435	3497	3872	5112	4155	4282	4660	2827	3716	3620	4923
YOR256C	766	595	749	759	1255	1040	1175	911	856	914	908	692	473	1191	561	584	1118	971	1011	1560	334	455	377	632
YOL137W	303	163	330	198	472	352	396	327	338	181	317	152	201	645	163	166	442	502	449	642	160	229	88	185
YOR350C	241	253	230	294	452	380	386	346	300	326	355	278	164	424	210	222	390	323	345	434	108	158	125	203
YOR196C	167	145	183	213	287	214	225	185	165	201	159	148	169	493	201	207	342	336	272	341	92	128	99	164
YOR380W	210	324	198	451	418	417	417	385	253	378	297	291	120	386	354	397	329	296	448	636	110	142	164	282
YOR314W-A	2	1	0	0	0	1	0	1	0	0	0	0	0	0	0	0	0	0	0	0	0	0	0	0
tA(UGC)O	0	0	0	0	0	0	0	0	0	1	0	0	0	0	0	0	0	0	0	0	0	0	0	0
YOL097W-A	17	6	17	11	30	22	30	19	24	17	23	12	10	28	7	13	18	16	22	31	8	6	4	12
YOR376W	3	3	5	5	3	8	8	9	1	2	4	5	0	6	7	7	1	4	5	4	2	1	1	7
YOR369C	1512	1068	1722	1077	2409	1636	1891	1441	1575	985	1290	775	1580	3841	708	640	2423	2799	1616	1777	1011	1320	575	966
YOL132W	6	3	4	8	2	9	9	10	5	8	6	3	7	12	5	7	9	7	12	11	2	4	3	1
YOR296W	682	876	563	1203	917	686	747	606	648	845	768	653	473	1072	819	849	765	722	750	1021	240	437	392	637
YOR260W	2352	1552	2308	1970	3881	2927	3598	2740	2792	2766	3119	1962	1515	3671	1263	1340	3155	2933	2590	3740	1080	1625	980	1753
YOR373W	227	316	213	390	329	279	348	307	314	447	384	355	99	272	232	241	281	224	264	441	93	147	174	317
YOR163W	784	884	766	1106	1174	1047	1126	958	885	1080	1066	865	565	1361	822	875	982	786	853	1002	362	508	558	915
YOR029W	2	0	2	2	17	4	13	4	3	1	1	2	5	3	0	1	10	4	10	3	0	0	1	0
YOL042W	264	203	321	250	413	263	387	229	297	294	337	249	228	553	187	189	359	314	298	311	146	202	135	248
YOR316C	1310	878	1216	1072	1973	1877	2050	1844	1529	1174	1713	960	744	1747	675	749	1563	1268	1646	2219	502	836	502	758
YOR326W	3733	4215	3657	5480	4892	3899	4202	3517	3628	4328	4270	3310	2826	6572	5183	5104	4429	4023	4386	5982	1464	2251	2106	3537
YOR293C-A	0	0	0	0	1	0	0	0	0	1	2	0	0	2	0	0	0	0	0	0	0	0	0	0
YOL036W	2025	2564	1911	3211	3870	3667	3557	3387	2477	3166	2860	2541	1330	3387	2749	2679	3630	2828	3590	4306	1006	1386	1352	1998
YOR072W-B	0	0	0	0	2	0	1	0	0	0	0	0	0	0	0	0	0	0	0	0	0	0	0	0
YOR332W	1674	1281	1683	1699	3012	2244	2479	1805	1834	1857	1859	1473	1675	4022	1629	1750	3225	2698	2548	2297	1043	1623	1124	1996
YOL002C	415	158	374	188	550	255	488	223	449	173	419	117	616	1425	133	170	1010	954	333	365	397	649	108	188
YOR193W	342	644	397	742	212	139	192	160	385	327	354	196	212	555	339	420	190	140	131	138	124	181	74	141
YOR243C	1008	390	1051	491	1609	1117	1321	840	988	639	1024	466	826	2321	438	441	1607	1609	1378	1786	478	741	344	603
YOR126C	125	199	137	258	212	228	213	195	127	390	146	244	68	216	178	202	168	161	198	268	49	70	163	317
YOR070C	1039	1020	970	1288	1485	1099	1416	1017	1073	1134	1269	914	588	1416	831	876	1259	1107	1112	1459	453	647	506	830
YOR328W	407	525	502	781	742	864	680	725	628	799	554	616	285	729	541	590	584	529	734	975	202	271	322	533
YOL056W	151	61	168	105	211	128	198	111	132	96	163	70	115	338	71	83	201	173	114	131	58	80	46	79
YOR098C	2428	1515	2448	1867	4623	4020	4130	3566	2880	2479	3290	1680	1578	4238	1295	1498	3995	3827	4209	5503	1275	1664	980	1648
YOL110W	53	62	44	84	85	88	76	66	67	74	52	75	35	113	60	85	86	81	131	142	27	34	49	91
YOR213C	212	209	226	283	319	291	264	239	196	310	222	244	176	438	219	223	374	274	294	322	125	159	167	288
YOR253W	256	171	268	235	446	315	450	332	308	278	344	195	252	646	213	242	478	407	375	450	178	210	159	277
YOR008C-A	3	0	2	0	3	0	2	2	4	3	5	0	0	2	0	0	2	2	0	0	2	1	1	0
YOL113W	181	458	245	653	449	611	437	514	256	533	303	394	177	426	604	605	527	376	693	918	88	152	275	445
YOR060C	82	66	88	78	126	106	124	94	88	92	95	80	78	159	45	54	138	120	126	169	45	76	38	52
YOL076W	1031	798	1006	926	1518	1176	1368	1007	954	972	1310	639	614	1571	555	650	1216	1137	1051	1356	360	640	393	580
YOR186C-A	3	2	1	3	5	3	3	3	4	3	3	3	1	3	2	7	3	4	2	5	1	0	4	0
YOR381W	206	79	185	119	286	240	243	223	203	174	221	144	126	329	60	59	197	238	261	306	87	127	67	139
YOR113W	916	850	930	1034	1757	1334	1539	1145	1077	1265	1264	941	674	1737	877	951	1715	1564	1585	2239	491	716	645	1046
YOR273C	1415	511	1635	598	2810	1845	2667	1852	2190	1066	1936	835	704	2126	423	438	1786	1311	1612	2404	617	960	461	768
tN(GUU)O1	1	0	2	3	2	2	5	0	3	1	0	0	2	6	0	2	1	1	3	6	0	1	0	2
YOR161W-A	30	40	33	28	69	64	60	62	62	47	46	39	22	76	25	22	59	60	63	87	18	27	19	40
YOL147C	446	307	444	400	930	1184	971	1081	522	618	595	558	284	690	250	336	974	752	1137	1308	333	423	400	584
YOR338W	170	141	287	174	523	460	492	430	323	322	205	243	58	223	92	103	213	179	271	459	85	86	114	171
YOR178C	1751	758	1543	1097	2874	1501	2925	1464	1958	1154	2228	1042	647	1775	540	593	1912	1397	1234	1883	584	877	486	622
YOR188W	1411	1992	1232	2283	1630	1449	1488	1387	1376	1842	1691	1309	851	2429	1704	1780	1538	1325	1628	2153	615	888	870	1455
YOL159C	104	138	108	233	175	174	173	127	117	184	108	154	78	205	173	191	154	130	142	143	62	74	109	182
YOR382W	220	272	211	305	436	472	515	566	250	289	251	200	66	217	146	200	251	149	318	332	80	108	119	176
YOL071W	49	39	47	62	102	109	91	74	60	67	58	38	27	95	44	37	80	67	88	108	27	33	28	71
YOR363C	513	513	549	610	1055	908	949	759	614	653	766	537	439	995	503	472	952	840	1008	1308	302	395	341	539
YOR069W	369	310	410	495	629	463	508	366	420	436	493	313	294	749	396	412	600	569	474	576	211	253	208	355
YOR075W	186	155	199	215	224	178	235	170	162	198	199	126	138	360	178	174	300	239	220	232	61	133	82	140
YOR124C	2583	2218	2547	2734	4858	3912	4147	3543	2919	2939	3373	2096	1731	3916	1820	1920	3811	3136	3453	4298	1105	1551	1190	1876
YOR008W-B	17	10	19	23	41	43	40	21	18	29	12	14	15	42	17	8	46	63	56	105	8	12	10	14
snR31	1428	991	1372	1348	1974	1631	1675	1432	1444	1325	1260	1271	1382	2298	1078	1458	1544	1810	1602	1374	953	1037	912	1327
YOL025W	419	332	406	456	643	557	628	518	425	539	563	380	261	696	283	312	530	472	493	619	166	264	208	332
YOR057W	472	360	457	440	754	574	646	473	426	528	582	398	281	759	335	345	646	537	480	571	166	241	208	339
YOR265W	139	113	165	172	287	226	265	207	164	145	222	117	192	499	232	191	374	312	307	330	98	155	106	209
YOL127W	6159	3281	6392	3509	8557	6262	8292	6043	7008	4688	6970	3553	6219	11515	3284	3168	9170	8195	6807	7075	4944	6020	3308	4695
YOR107W	294	123	376	144	559	374	616	381	384	368	376	263	87	461	130	141	278	182	394	536	150	150	179	256
YOL142W	323	265	307	274	420	337	393	270	297	260	287	222	212	572	216	191	394	330	312	311	144	220	159	283
YOR239W	1611	1246	1726	1595	2274	1650	2071	1496	1742	1488	1880	1058	1229	3076	1275	1215	2003	1972	1590	2477	740	1061	611	1069
YOL091W	28	16	30	25	68	67	68	56	23	33	47	24	15	50	12	16	49	38	88	119	7	15	8	20
YOR317W	2310	1469	2531	1956	5119	4532	4441	3929	3099	3208	3268	2601	1338	3575	1333	1336	3412	2837	3836	4511	1007	1461	1458	2242
YOR370C	1748	1204	1777	1552	2855	2329	2621	2047	1919	1808	2365	1412	1143	2776	892	986	2372	2097	2204	2860	791	1174	740	1289
tM(CAU)O1	6	14	4	21	1	1	1	3	7	4	4	4	6	11	10	5	3	0	0	1	1	3	2	0
YOR211C	495	444	586	562	971	899	848	763	606	595	725	410	398	963	426	446	865	925	926	1555	260	385	224	417
YOR191W	1311	1018	1351	1481	2440	1966	2169	1737	1515	1500	1689	1063	1095	2444	1041	1144	2228	2204	2086	2867	613	889	606	1008
YOL064C	710	545	678	761	1220	941	1056	868	776	905	940	716	539	1464	484	546	1206	1025	856	987	386	527	429	744
tT(AGU)O1	0	0	0	0	0	0	0	0	0	0	0	0	0	0	0	0	0	0	0	0	0	0	0	0
YOL049W	2233	1789	2126	2066	3404	2729	3095	2594	2365	2202	2917	1699	1318	3150	1167	1353	2806	2548	2273	3290	1004	1365	896	1345
YOL043C	108	85	102	121	186	156	145	140	128	129	123	104	109	245	105	75	206	177	157	188	53	74	59	81
YOR043W	745	486	722	628	1238	1001	1148	969	786	751	910	539	554	1357	429	463	1318	1250	1219	1550	368	566	317	554
YOR331C	1	0	1	0	3	0	2	0	2	1	0	2	1	4	0	1	2	0	0	2	0	1	0	0
YOR309C	334	125	341	136	470	257	400	284	305	166	334	116	207	598	104	131	442	405	380	356	147	209	96	166
YOR104W	99	211	90	268	151	137	144	147	104	244	96	206	54	163	191	224	133	134	175	248	36	44	132	202
YOL114C	16	58	14	99	23	12	21	22	23	60	19	44	12	21	57	53	20	19	19	24	3	15	28	56
YOR300W	24	28	24	37	80	61	64	51	33	50	34	36	18	59	43	25	58	48	57	90	10	22	21	31
YOR220W	881	2635	836	3250	1145	942	1105	875	1023	2748	938	2046	524	1482	2445	2550	735	441	560	551	301	476	1411	2077
YOR378W	24	26	9	20	23	22	17	26	23	29	22	17	8	34	19	27	18	20	26	21	5	11	7	18
YOL059W	3581	1442	3882	1543	6464	2564	5835	2541	4369	1861	4507	1475	2269	5809	884	1004	6231	5107	2257	2741	2350	3420	757	1436
YOR386W	312	279	338	380	545	368	505	313	351	326	406	243	229	531	198	218	409	345	321	463	129	196	136	179
YOL027C	1038	833	1252	1138	2074	1947	1832	1656	1181	1195	1358	885	784	2208	933	927	1780	1745	2176	2647	684	700	636	1068
snR62	30	15	31	17	39	30	36	32	36	20	40	7	20	51	26	25	37	37	45	43	11	13	25	34
snR17a	7395	6693	7324	6976	9450	8167	8548	8000	8046	7550	7234	7218	7506	10785	5886	7428	7917	9198	8453	8215	5966	6420	6350	7735
YOL155C	274	89	241	121	2554	2247	2284	1732	529	194	467	124	145	395	62	156	1786	2225	1884	3127	163	204	70	80
YOR375C	1388	1058	1514	1551	3795	3080	2981	2424	1830	2421	1629	1990	1125	3172	1327	1320	3532	3823	3232	4148	962	1203	1055	2082
snR35	1147	926	1107	1011	1525	1304	1426	1205	1214	1102	1143	1092	1185	1921	1018	1291	1383	1646	1414	1292	870	917	971	1198
YOR100C	20	2	16	16	35	55	29	60	22	21	13	18	8	17	4	11	24	20	25	44	5	6	8	18
YOL026C	321	268	293	316	567	434	479	323	330	386	360	291	138	523	224	258	433	352	343	418	111	191	214	332
YOL012C	324	295	328	357	428	289	361	216	299	311	330	271	147	392	307	304	326	226	312	388	142	184	272	407
YOR026W	86	95	96	132	128	115	110	95	90	139	118	106	81	167	91	115	116	111	119	157	35	64	59	116
YOR359W	1358	937	1164	1057	1819	1612	1628	1448	1311	1440	1697	991	673	1829	686	755	1719	1618	1578	2133	663	883	620	1086
YOR250C	484	406	514	538	793	602	729	542	517	531	560	424	325	765	316	321	654	572	575	812	235	342	253	469
YOL013C	770	558	792	730	1151	880	1166	809	852	766	1063	548	519	1371	501	536	1282	1038	935	1446	366	650	346	552
YOR272W	748	329	695	374	1033	807	880	743	658	570	772	366	438	1373	278	305	962	866	866	1124	298	381	246	474
tG(GCC)O2	1	0	0	0	0	0	0	0	0	1	0	0	0	0	0	0	0	0	0	1	0	0	0	2
YOL164W-A	3	12	2	10	6	5	3	2	7	60	4	41	1	6	3	2	1	5	2	2	1	3	16	32
YOL082W	456	985	446	1321	852	831	769	699	515	1288	591	964	309	716	1099	1149	619	601	655	854	194	274	565	941
snR36	604	412	583	516	854	716	842	729	712	668	663	576	362	795	310	418	501	569	491	524	256	266	298	368
YOR035C	603	903	628	1218	1152	1020	1158	1002	722	1334	792	1062	411	935	805	950	909	841	988	1309	237	374	643	933
YOL016C	915	895	1062	1087	1264	898	1154	755	936	1196	823	921	484	1566	819	869	798	599	558	584	344	525	594	919
YOR007C	2832	2397	2936	2978	5016	3997	4213	3644	3336	3150	3428	2444	2535	5399	2391	2514	4512	4320	3846	4388	1582	2060	1596	2582
YOR325W	1	0	0	1	2	1	0	0	2	1	0	1	0	1	1	1	1	0	0	2	0	0	1	1
YOL085W-A	127	59	155	77	247	190	268	165	175	120	185	99	47	135	72	82	128	66	145	175	63	82	63	117
YOL160W	5	13	1	19	7	5	6	8	3	1	6	3	1	6	11	19	7	3	8	7	1	0	3	1
YOR361C	2542	1211	2385	1480	3854	2867	3263	2470	2424	1948	2765	1464	1751	4308	1017	994	3203	2745	2672	3134	1131	1568	832	1410
YOL158C	626	194	407	241	458	531	474	556	673	603	598	381	428	894	115	133	486	384	445	427	174	415	119	280
YOR315W	120	199	127	239	164	196	169	195	127	728	203	500	70	167	119	156	178	122	146	193	48	100	236	316
YOR010C	70	50	82	71	150	78	128	80	111	66	152	56	38	125	56	77	124	93	96	108	38	68	27	46
YOR384W	6	2	4	2	16	3	14	13	11	7	5	2	5	17	1	5	2	4	8	6	5	3	0	4
YOR234C	1925	930	2084	1079	2810	2104	2601	1873	2198	1428	2022	1059	1738	3960	950	984	3029	2674	2298	2258	1420	1843	1053	1605
YOR283W	197	111	184	129	291	204	268	205	170	187	235	110	144	408	92	79	335	244	213	256	78	122	80	140
YOR020W-A	45	50	46	95	67	69	52	55	36	91	32	54	56	179	133	146	108	105	112	101	34	47	60	120
YOL045W	1198	1090	1263	1397	2132	1686	1942	1500	1315	1523	1420	1146	742	1925	934	1097	1774	1462	1521	2032	494	751	758	1164
YOR102W	42	19	40	24	54	59	58	46	35	42	43	28	32	65	17	23	50	34	60	95	22	22	36	53
YOL128C	200	143	156	211	286	320	272	234	175	316	258	224	108	295	152	182	241	152	321	281	102	125	132	221
YOR360C	913	491	859	615	1724	1303	1647	1158	1041	944	1272	782	625	1488	525	528	1524	1323	1398	1654	504	660	528	865
YOL097C	2384	1170	2328	1495	3586	2358	3207	2018	2462	1803	2741	1356	1913	4742	1099	1066	3456	2970	2269	3017	1128	1633	834	1432
YOR164C	524	392	506	492	730	514	732	493	526	453	640	330	370	916	321	335	636	511	440	522	200	313	222	319
YOR175C	857	606	818	835	1288	980	1208	804	922	830	1044	625	784	1837	628	722	1352	1252	1019	1465	519	802	421	674
tP(UGG)O1	4	2	1	1	2	2	5	0	4	0	2	3	1	9	2	2	3	5	4	1	3	2	2	5
YOR086C	2774	2146	2763	2796	4631	4101	4164	3767	2916	2928	3388	2315	2106	4378	2235	2353	4264	3997	4531	6796	1370	1970	1432	2368
YOR242C	46	16	61	32	161	145	163	120	69	40	74	35	27	101	30	36	124	148	177	318	16	34	24	40
YOR155C	129	166	145	250	255	189	212	150	134	194	134	148	138	360	275	247	278	260	250	317	77	126	104	247
YOL019W-A	1	1	0	0	1	1	1	1	0	1	1	2	0	0	0	0	0	1	0	1	1	0	0	1
YOL030W	4080	2402	4274	2849	8230	7718	7942	7208	5329	4439	5819	3634	2904	6869	2184	2421	7011	6457	8192	10156	2926	3896	2227	3715
YOR323C	2074	1646	2068	1926	3561	2837	3148	2470	2224	2184	2518	1637	1361	3356	1084	1197	2915	2686	2330	2939	969	1309	789	1368
YOL017W	19	42	18	48	45	66	52	51	22	40	29	42	23	60	43	54	68	61	68	95	11	23	25	33
YOR233W	512	530	525	681	864	758	759	632	504	705	720	533	388	1050	590	579	840	844	928	1133	282	365	336	539
YOL037C	0	20	0	38	0	0	0	0	0	0	0	0	1	2	37	31	0	0	0	0	0	0	0	0
YOR083W	29	79	31	80	61	41	41	42	38	54	24	50	35	81	103	138	78	89	70	123	21	23	27	65
YOL010W	185	82	170	115	275	254	191	193	146	180	162	114	90	362	94	106	231	254	258	276	83	96	88	163
YOR118W	452	308	429	411	709	507	601	430	463	380	570	253	356	869	334	280	751	653	579	836	207	309	174	306
YOR128C	651	1010	561	1562	1259	2374	980	1658	715	1593	782	1148	752	1243	1160	1158	1823	1501	2295	2124	399	548	719	1119
YOL125W	187	128	201	159	318	265	283	193	213	204	201	128	144	396	117	117	344	365	352	495	92	130	86	156
YOL004W	4972	4187	4823	5163	10368	9161	9016	8424	5968	5383	6337	4026	3624	8178	3776	4198	9185	8937	9488	12982	2637	3547	2601	3906
YOR177C	49	211	35	234	76	56	56	58	59	70	60	45	38	77	214	240	64	40	70	52	15	23	32	38
YOR166C	449	346	495	387	762	596	685	552	557	490	636	342	343	875	292	310	720	525	568	672	220	284	249	358
YOR006C	66	37	72	53	117	88	87	59	62	52	51	49	63	199	49	49	139	136	99	136	28	42	28	61
YOR324C	343	252	334	356	510	482	422	405	363	347	435	252	268	717	296	299	565	519	562	682	204	263	174	285
YOL024W	8	10	6	20	17	31	21	25	19	20	22	12	5	18	8	12	28	21	28	45	2	10	11	18
YOR033C	413	252	418	381	828	686	685	593	505	351	538	280	297	836	317	296	758	769	760	1143	178	351	184	296
YOL033W	190	101	237	125	371	347	323	294	202	154	264	112	131	385	125	92	283	291	362	521	116	124	76	136
YOL070C	300	255	282	354	538	430	430	323	343	306	378	213	284	806	289	316	567	532	502	679	151	214	126	260
YOR116C	2830	1318	2661	1769	4414	3396	3957	2918	2779	2254	2940	1638	2008	5000	1125	1288	3970	4044	3652	5025	1318	1863	983	1759
YOL067C	94	56	90	82	146	93	121	90	90	82	99	58	52	192	53	76	136	144	144	179	46	61	41	64
YOR145C	516	254	523	371	844	616	694	475	450	421	482	307	502	1329	362	336	946	907	846	1074	330	398	282	530
YOR304C-A	35	28	22	49	49	58	42	36	40	61	40	48	23	71	45	36	44	37	29	43	15	24	28	64
YOR192C	125	97	110	111	217	193	198	185	156	141	189	107	78	186	103	81	175	159	178	243	50	82	50	84
YOL109W	984	645	1067	791	1396	1038	1255	944	1242	905	1149	645	808	1923	697	807	1110	984	912	816	462	621	426	704
YOR078W	102	56	98	71	121	101	94	80	88	80	103	62	71	197	59	59	145	136	112	102	42	62	23	51
YOR134W	1026	1898	1107	2055	1644	833	1787	927	1479	3290	1245	2564	446	1432	1512	1671	1029	547	617	841	302	568	1703	2354
YOR131C	101	110	120	149	201	153	180	154	119	140	148	117	96	246	111	112	175	135	150	164	51	86	74	130
YOR368W	58	68	43	137	59	81	82	63	76	73	72	52	52	115	88	116	84	76	67	92	36	32	51	69
YOL111C	715	561	641	616	1183	762	1160	736	755	760	906	557	330	1008	441	438	910	722	618	836	312	479	364	587
YOR168W	4494	2267	4491	2659	6610	4858	6010	4377	4598	3497	5194	2520	3089	6911	1628	1753	5583	4861	4690	5605	1981	2896	1623	2445
YOR226C	72	60	52	85	98	136	65	116	42	70	45	62	50	121	45	50	110	119	168	202	18	56	31	62
YOL162W	11	46	27	66	24	30	33	31	32	85	23	48	10	33	36	37	35	35	44	45	13	11	36	52
YOR334W	462	248	455	332	707	583	742	451	512	386	638	271	283	691	238	233	675	633	590	857	200	334	219	337
YOR241W	847	727	875	888	1228	953	1046	843	781	854	929	584	661	1638	756	749	1118	1136	993	1483	378	563	368	702
tP(UGG)O2	0	0	0	0	0	0	0	0	0	0	0	0	0	0	0	0	0	0	0	1	1	0	0	0
YOR245C	448	428	462	547	670	597	682	600	503	583	602	481	225	690	356	348	591	508	586	805	180	264	278	427
YOL009C	85	76	70	101	106	90	118	78	77	104	111	64	49	125	61	72	78	83	63	107	26	43	32	71
YOR153W	9041	7653	9548	9101	17254	16548	15465	15011	11093	12869	12122	9501	7953	17758	7508	8150	16996	17021	19332	25043	5585	8549	6735	11176
YOR358W	33	33	37	44	79	66	68	48	41	26	43	25	30	76	34	28	68	76	86	102	17	18	15	21
YOR335W-A	0	0	0	0	0	0	0	0	0	0	0	0	0	0	0	0	1	0	0	0	0	0	0	0
YOR170W	1	3	0	1	1	2	0	2	1	1	0	1	0	2	1	2	2	1	2	0	0	0	2	2
YOR267C	5089	3740	5612	3787	9375	6319	9288	6383	6729	4442	6914	3910	2300	6628	2507	2648	6692	5204	5996	8060	2674	2891	2094	2976
YOR081C	1581	2435	1433	3231	1555	1085	1378	893	1618	2220	1952	1744	822	2153	2039	2090	1234	1138	930	1225	634	942	840	1520
YOL145C	1596	819	1621	1130	2634	1730	2269	1476	1631	1389	1978	973	1188	2990	829	799	2354	2274	1773	2557	721	1036	590	938
YOL156W	8	12	9	12	10	13	17	12	16	20	13	21	9	28	6	9	11	7	14	14	7	9	14	23
YOR322C	1394	1067	1313	1273	2374	1993	2211	1842	1538	1635	1991	1180	842	2219	874	989	2237	1933	2034	2788	729	1033	782	1154
YOL044W	165	199	155	259	296	242	280	226	176	289	213	232	98	280	171	198	254	217	238	283	66	80	143	219
YOR054C	451	455	502	698	667	451	609	418	500	495	599	329	304	785	483	490	579	546	453	548	188	296	168	272
YOL031C	573	494	605	710	912	719	868	637	658	688	742	496	394	1029	453	434	813	669	692	992	274	368	279	478
YOR034C-A	19	34	20	60	53	44	38	32	24	50	20	35	17	53	49	58	44	52	46	60	13	12	18	46
YOR306C	852	359	986	382	1932	1242	2025	1123	1040	601	827	481	432	1251	259	265	1774	1556	1211	1743	329	583	254	588
YOR261C	672	556	692	743	1062	754	902	718	698	683	749	481	590	1478	614	636	1038	976	785	870	331	434	336	537
YOR293W	4465	2233	4513	2373	5945	4340	5710	4226	4776	3097	4874	2305	4168	7601	1932	1950	6099	5602	4529	4548	2987	3712	2021	2706
YOR062C	73	103	92	148	188	166	160	168	116	153	91	114	48	164	120	103	136	113	115	138	37	50	87	114
YOR339C	6	0	7	4	6	7	11	11	4	6	6	5	3	6	0	2	14	10	20	10	1	2	2	7
YOR067C	854	540	957	712	1376	1019	1226	863	1038	768	1071	626	729	1564	621	665	1235	1154	1148	1494	521	758	464	756
YOR312C	7650	3602	7659	3882	10375	7587	10242	7232	8288	5388	9052	4022	6357	12199	2899	2791	9836	7997	6563	7169	4540	5769	2976	4380
YOR094W	29	26	44	29	79	56	62	39	45	74	48	42	59	138	44	29	95	92	74	72	26	40	35	58
YOL135C	300	256	263	314	512	395	538	387	314	408	455	293	186	484	198	194	431	354	334	455	129	180	206	250
YOL105C	1657	1067	1442	1365	2095	1961	2191	1818	2183	2012	2834	1695	890	2309	733	908	1999	1522	1922	3039	660	1232	874	1196
YOR329W-A	1	0	2	1	1	4	1	4	3	1	3	3	2	2	0	0	4	3	5	3	1	3	0	0
YOR197W	1995	2328	2123	3011	3426	2731	3103	2386	2152	3139	2360	2525	1297	3437	2190	2412	2993	2709	2603	3270	996	1527	1585	2531
YOL104C	565	260	513	343	255	174	200	145	644	528	780	423	470	1058	247	278	408	275	223	234	352	495	228	385
YOR262W	415	289	443	393	668	521	535	488	402	363	476	301	318	795	305	336	671	497	663	771	253	302	292	401
YOR167C	338	348	423	343	702	454	498	446	396	248	300	176	469	1230	185	186	807	987	574	586	314	439	125	268
YOL015W	91	64	118	83	165	132	157	114	110	117	126	92	63	189	71	74	155	132	116	168	50	71	63	90
YOR161C	47	25	61	36	220	139	208	122	90	58	81	48	27	91	23	18	107	105	111	202	31	56	29	38
YOR393W	16	25	22	34	64	112	43	85	19	48	26	39	16	38	40	71	48	62	152	146	15	8	35	39
YOR105W	64	171	55	212	101	88	101	104	77	198	71	162	36	99	132	148	76	70	109	154	22	26	97	137
YOR210W	988	573	972	657	1216	902	1232	849	949	771	1151	543	654	1405	430	488	1340	910	872	947	408	589	491	722
YOR364W	4	16	11	12	28	21	23	26	14	15	12	6	15	23	11	8	8	16	15	37	6	9	5	9
YOL087C	915	899	980	1160	1668	1194	1456	1073	1040	1157	1192	903	710	1846	942	1001	1540	1502	1362	1712	476	718	589	1003
YOR127W	1072	1114	1154	1487	1800	1540	1698	1334	1176	1755	1443	1255	788	1987	1154	1257	1760	1711	1766	2534	539	789	838	1450
YOR184W	1288	1283	1418	1894	2490	2894	1925	2223	1389	2012	1559	1636	1360	3024	1582	1674	2876	2203	2993	2750	951	1177	1231	1835
YOR150W	375	275	439	396	576	562	591	505	451	379	492	294	316	700	372	348	540	386	607	728	330	344	315	470
YOR179C	115	72	166	132	242	144	190	131	154	123	182	81	110	276	77	85	219	157	136	168	71	89	42	83
YOR340C	846	362	774	416	1264	941	1069	757	821	585	888	390	594	1604	278	290	1142	1063	940	1216	368	533	278	499
YOR354C	741	444	819	627	1163	1157	1217	1030	899	608	1027	484	524	1246	480	449	988	889	1318	1494	469	503	277	494
YOR217W	721	463	757	579	1173	939	1058	816	755	640	889	427	521	1377	360	398	1036	969	921	1208	307	435	229	409
YOR298W	6	13	8	18	9	9	9	9	15	25	14	14	5	13	15	17	11	16	19	16	6	9	15	16
YOL006C	703	873	714	1220	1021	854	916	727	650	886	830	600	496	1240	922	991	991	873	997	1246	309	491	406	652
YOR259C	623	600	677	816	1064	843	968	740	676	779	760	577	511	1431	654	637	1002	1110	916	1126	318	442	372	684
YOR318C	19	10	17	13	24	20	35	13	21	29	21	9	11	23	9	16	18	12	18	20	13	16	7	23
YOR320C	898	688	866	858	1298	1146	1242	968	873	898	1103	621	697	1581	738	786	1401	1241	1253	1708	444	660	401	708
YOR222W	254	183	270	241	704	765	619	592	297	422	345	306	294	843	251	270	978	752	960	1114	222	307	234	426
YOL165C	1	8	1	9	5	4	0	8	5	21	1	18	4	10	4	4	2	13	8	12	2	4	12	23
YOL007C	560	1054	515	1271	1216	1380	1073	1183	524	933	758	595	310	858	957	980	944	890	1247	1985	300	350	398	507
YOR307C	1134	778	1068	945	1730	1458	1684	1296	1288	1066	1462	810	720	1681	718	693	1634	1445	1556	2308	553	765	582	842
YOL051W	2364	1572	2400	2091	4290	3561	3917	3245	2655	2436	3238	1831	1620	4288	1598	1695	4137	3673	4005	5652	1187	1646	1143	1908
YOR091W	919	472	899	507	1542	1207	1392	1069	976	767	1120	487	672	1918	457	481	1624	1450	1554	1954	466	680	340	678
YOR079C	223	147	221	243	316	274	337	239	240	309	263	223	113	316	134	185	239	199	209	277	89	121	165	220
YOL022C	753	349	825	449	1232	887	1148	718	792	596	911	425	542	1548	334	362	1102	924	861	1248	348	474	335	526
YOR278W	301	182	243	240	416	359	437	307	236	268	318	212	173	404	152	138	370	276	311	355	112	142	152	229
YOR024W	4	1	2	3	4	3	5	2	3	2	5	2	2	4	0	2	2	5	2	5	0	0	1	0
YOL148C	398	276	410	337	654	464	574	415	370	389	534	282	305	781	289	327	771	747	678	909	202	347	208	356
YOL078W	465	329	429	430	723	622	679	576	448	414	533	299	277	700	291	309	698	685	715	975	188	269	168	300
tP(UGG)O3	8	3	12	4	10	7	13	16	5	7	12	8	1	12	5	6	9	4	4	9	1	2	0	4
YOR089C	371	354	457	472	611	470	504	359	406	466	460	340	331	892	423	437	602	523	416	530	153	248	238	427
YOL098C	2267	1541	2426	2057	4054	2871	3343	2484	2444	2121	2660	1544	1694	4238	1372	1512	3393	3369	3033	3973	1167	1680	967	1616
YOR171C	728	348	752	446	1359	1033	1208	886	730	620	949	484	470	1306	274	312	1176	1163	999	1362	342	494	234	456
YOL089C	592	488	617	690	950	699	821	676	622	728	784	533	360	913	394	399	777	641	622	904	239	340	240	425
YOL150C	47	35	50	40	99	93	81	74	62	44	69	39	35	77	18	22	63	67	62	98	29	42	22	29
YOR095C	409	549	434	794	459	372	401	278	395	452	348	320	388	996	734	710	563	372	418	505	175	234	247	456
YOL146W	188	141	172	217	304	260	295	220	205	227	225	186	80	294	148	140	238	203	223	204	78	120	105	173
YOR224C	1962	878	1799	992	2764	2007	2684	1788	2097	1620	2062	1184	1281	3133	877	900	2444	2104	1842	2259	1164	1532	1083	1560
YOR302W	657	422	601	465	1104	1068	1025	1019	800	992	902	808	353	797	242	314	977	674	828	897	346	404	412	580
YOR286W	566	356	620	430	908	787	939	744	656	522	784	396	377	907	390	374	675	564	768	804	418	390	316	517
YOR046C	2186	1336	2191	1579	3161	2276	2898	2017	2231	1713	2572	1196	1643	3925	1137	1212	3042	2869	2367	3072	961	1424	722	1285
tG(CCC)O	1	0	1	1	1	0	1	0	1	0	0	0	0	3	1	0	1	2	1	2	0	1	0	3
YOR388C	14	18	12	19	62	99	379	262	14	33	24	24	6	28	15	14	32	309	77	299	6	5	14	14
YOR228C	177	110	166	170	282	183	272	177	224	180	250	123	142	294	117	103	227	208	164	250	97	125	75	169
YOL112W	63	185	81	232	145	138	93	102	62	196	84	144	73	159	207	206	114	110	169	215	43	32	102	192
YOR141C	933	788	985	1067	1830	1445	1557	1258	1108	1202	1314	810	675	1713	688	752	1551	1454	1383	1759	459	622	459	779
YOL131W	1	0	2	5	1	4	2	1	2	3	5	1	1	1	1	0	1	0	2	4	1	0	1	3
YOR049C	22	6	34	8	101	51	83	48	39	11	49	15	21	49	3	5	86	37	58	66	19	32	9	16
YOL143C	1053	717	1198	767	1886	1276	1668	1166	1281	1084	1326	778	754	2278	668	754	1554	1479	1240	1419	768	989	710	1195
YOR172W	295	212	305	275	608	484	486	414	376	326	421	256	223	630	199	228	551	566	552	776	196	236	147	282
YOR149C	776	575	712	708	1224	1021	1188	886	983	889	1078	672	441	1022	460	474	995	834	969	1313	368	535	344	626
YOL164W	167	209	194	273	278	256	271	219	244	534	236	396	143	353	184	182	215	223	201	283	93	139	224	360
YOR011W	370	786	313	1137	332	285	315	277	374	258	466	243	274	641	877	1008	305	243	307	407	150	255	148	246
YOR071C	466	197	445	265	771	490	710	429	516	245	609	189	298	705	160	138	731	408	483	486	232	312	92	168
YOR022C	365	363	368	426	589	484	545	453	388	431	449	314	205	484	238	249	471	399	437	598	141	220	182	266
YOR125C	296	196	281	296	440	320	427	287	322	231	353	175	183	509	196	194	434	406	322	412	111	190	124	194
YOL141W	369	234	298	291	473	453	444	386	366	342	391	216	229	528	209	213	398	361	437	572	166	181	130	228
YOR101W	366	152	340	195	390	327	385	239	321	238	405	159	256	740	135	147	410	383	333	437	163	223	126	227
YOR263C	0	0	0	1	1	1	2	0	0	0	1	0	0	0	0	0	0	0	0	0	0	1	0	0
YOR383C	498	337	602	400	962	884	1164	1210	983	663	750	502	230	702	268	294	606	542	580	848	239	317	223	312
YOR056C	448	290	409	375	503	521	461	350	436	356	394	247	326	930	293	305	519	499	507	618	191	243	203	339
YOL075C	451	303	464	386	803	698	784	607	532	467	614	307	311	766	268	264	729	769	737	1119	250	314	197	333
YOR073W-A	0	0	0	0	0	0	2	1	0	0	0	0	0	1	0	0	0	0	0	0	0	0	0	0
YOR246C	165	118	148	170	297	208	250	196	192	213	192	138	127	360	112	110	232	221	231	284	82	119	55	116
YOR042W	462	554	526	833	1101	912	970	830	644	865	721	657	513	1264	710	768	1119	1151	1125	1426	336	483	401	687
YOR236W	358	325	296	383	273	257	285	256	290	281	362	232	168	482	233	252	248	164	238	189	116	174	145	237
YOR183W	0	3	6	5	6	8	10	3	2	4	4	2	1	2	1	2	1	2	4	1	0	1	2	1
YOR176W	1485	1342	1414	1704	2405	2140	2207	1815	1731	1635	1936	1432	910	2411	1170	1338	2051	1671	1833	1956	834	1150	894	1409
YOR238W	340	325	308	394	560	516	487	398	341	358	387	261	280	822	433	414	631	565	548	622	198	244	267	384
YOR367W	461	440	392	520	731	687	657	605	519	670	609	465	306	734	444	428	621	455	523	630	183	256	308	482
YOR297C	160	115	178	146	344	243	342	246	227	217	267	167	96	294	100	121	295	230	258	305	113	146	124	199
YOR310C	2191	917	2241	1194	3088	2073	2617	1804	2188	1428	2165	972	1300	3575	706	739	2605	2339	2053	2321	892	1261	637	1071
YOR063W	10198	5762	10355	6454	15968	11040	14154	10192	11703	8358	11799	6274	8193	16900	3852	3786	13118	12269	9734	11315	5601	7565	3085	5283
YOR189W	25	24	31	31	58	37	50	35	33	55	40	15	40	112	37	38	58	75	48	71	8	24	12	34
YOL129W	310	328	299	483	562	435	568	422	344	447	381	359	276	594	376	442	476	466	468	591	188	256	238	397
YOR280C	412	287	414	385	686	583	630	495	463	422	470	310	294	686	246	281	593	530	483	573	171	247	195	349
YOR037W	302	201	313	262	518	415	528	326	363	306	406	215	182	462	163	190	457	321	356	446	151	172	123	202
YOR090C	1312	1275	1262	1495	2202	1861	2108	1734	1462	1632	1795	1176	770	1950	936	988	1999	1646	1629	2603	553	802	704	1036
YOR313C	4	3	8	5	10	7	5	12	2	10	5	10	5	15	5	2	16	8	10	6	2	7	3	6
YOL032W	481	498	606	563	942	667	952	612	611	608	643	447	274	851	426	419	693	467	405	561	209	310	243	368
YOR158W	261	118	274	160	477	405	363	372	270	181	302	117	178	421	109	114	316	252	422	436	132	153	70	170
YOR162C	475	478	466	553	758	667	713	620	549	709	627	550	290	686	357	363	618	548	630	909	200	277	311	455
YOL092W	1894	947	1930	1012	2727	2198	2472	2101	2171	1371	2212	1173	1306	2997	803	926	2392	2425	2405	3044	1275	1647	953	1459
YOL061W	1493	871	1522	1083	2345	1749	2023	1474	1762	1402	1778	1067	966	2693	780	759	1904	2011	1714	2172	784	1007	624	1200
YOR232W	1813	1012	1931	1359	2514	2018	2449	1834	2000	1160	2149	920	1261	3044	990	945	2144	1684	1703	1951	877	1040	574	1018
YOR219C	2111	4365	1982	5602	2140	1693	2060	1597	1999	3660	2357	2938	1452	3167	4610	4748	1900	1530	1717	2553	760	1196	1814	2724
YOR182C	1280	593	1289	682	1881	1206	1728	1184	1362	733	1307	610	1136	2447	488	492	1828	1721	1241	1307	826	1087	462	720
YOL099C	21	8	21	8	28	20	36	19	24	14	28	10	16	42	6	13	36	43	30	59	7	14	6	16
YOR294W	250	119	301	146	425	297	296	219	256	175	206	131	327	981	243	183	610	660	580	747	196	258	198	376
YOR288C	424	391	426	570	694	560	756	504	521	686	633	501	303	741	377	443	543	436	441	630	189	294	308	472
YOR110W	182	119	208	163	344	257	337	189	228	203	225	148	190	445	150	171	394	323	310	401	111	145	98	186
YOR040W	86	95	87	109	144	153	138	115	83	112	112	97	75	208	107	109	165	150	189	179	58	67	56	89
YOL083W	162	315	157	474	311	357	282	271	204	425	241	331	127	304	312	332	253	196	293	341	80	130	169	336
YOL136C	1999	1115	2239	1374	3433	2429	3322	2306	2661	1887	2911	1426	944	2610	687	797	2532	2077	2135	2402	1002	1224	795	1165
YOL130W	1540	960	1555	1223	2789	2224	2467	1892	1655	1614	1850	1089	1196	2875	926	980	2445	2197	2381	3109	807	1050	767	1225
YOL021C	2205	1466	2113	1940	3442	2697	3193	2367	2323	2090	2569	1452	1385	3583	1213	1415	3030	2825	2793	3632	947	1471	923	1480
YOR282W	0	1	0	0	1	0	1	0	0	4	0	1	0	1	0	0	0	0	0	0	0	0	0	0
YOL077W-A	318	236	408	317	574	582	590	522	410	343	414	271	238	724	342	369	518	431	639	578	270	244	206	389
YOR319W	287	186	286	216	376	279	315	242	252	219	293	169	221	577	186	188	484	367	364	335	136	194	137	193
YOR030W	900	753	881	901	1459	1329	1394	1173	1020	1002	1183	699	607	1426	656	759	1378	1247	1341	1921	448	654	420	637
YOR291W	1300	907	1302	1199	2358	1929	2223	1743	1503	1412	1738	1110	795	2031	786	878	2039	2064	2139	3259	609	953	602	1024
YOL077C	952	388	942	442	1308	982	1284	849	942	705	998	477	799	2010	358	375	1412	1286	1051	1442	455	644	400	682
YOR390W	237	157	246	203	345	291	325	233	249	220	282	179	151	522	211	280	384	393	501	538	148	213	174	306
YOL052C-A	72	14	59	20	220	260	216	253	93	58	109	41	29	65	10	16	155	73	219	157	45	65	29	24
YOR123C	401	224	434	332	592	373	482	296	399	280	442	194	343	848	268	236	556	514	421	484	160	273	132	248
YOR013W	25	26	39	34	30	20	28	26	28	29	35	19	30	71	30	24	47	39	37	33	21	18	21	35
YOR249C	287	231	276	287	350	275	359	245	283	276	368	174	211	481	222	226	386	281	302	414	122	177	123	191
YOR362C	1266	1283	1277	1601	2291	1751	1889	1509	1397	1627	1494	1271	1045	2461	1366	1411	1978	1754	1833	2082	707	944	964	1512
YOL058W	4798	3476	5145	4221	13270	14590	11118	13269	6463	6965	7136	6468	4178	9962	2644	2897	11946	7873	13518	11806	4203	4278	3299	5638
YOR143C	241	168	234	198	238	212	204	162	210	207	244	154	180	553	234	224	350	245	256	311	114	163	135	239
YOR347C	762	1039	789	1364	1375	1204	1253	1149	964	1824	1014	1593	395	990	774	797	863	635	905	1020	377	458	770	1165
YOL157C	18	12	35	23	50	36	60	24	25	33	24	35	14	68	15	11	56	48	39	69	15	21	18	25
YOL057W	1024	773	1021	1044	1604	865	1411	773	1050	1044	1302	700	741	1827	762	751	1462	1360	1048	1440	490	755	443	791
YOR321W	421	426	435	555	808	624	719	622	507	514	614	408	260	728	407	402	707	738	679	1060	200	354	282	429
YOR015W	557	570	496	712	786	558	684	567	553	597	613	445	413	904	593	682	777	698	731	1038	308	414	376	570
YOR111W	185	128	204	146	274	252	296	222	179	159	260	119	101	235	82	100	228	175	239	227	94	104	58	122
YOL008W	191	144	184	213	247	192	240	164	216	191	194	175	90	268	131	156	193	168	151	206	79	129	113	170
YOR279C	83	77	121	97	166	114	170	101	110	89	116	70	96	214	69	63	197	148	144	205	48	54	54	82
YOR394C-A	79	88	66	94	150	127	140	122	120	108	132	98	26	96	60	76	83	86	118	181	24	50	40	83
YOR180C	72	429	54	612	93	85	102	76	74	142	84	94	49	101	493	564	58	64	84	126	27	35	54	107
YOL055C	208	172	190	169	330	301	305	242	196	279	240	214	112	308	121	113	235	163	225	238	74	87	103	162
snR5	532	418	508	490	779	597	669	598	550	470	455	414	486	933	336	468	547	661	573	501	316	348	342	442
YOL139C	2361	1306	2440	1598	3313	2514	3292	2200	2583	1807	2736	1321	1728	4277	1111	1119	3298	2606	2203	2578	1205	1562	992	1590
YOR287C	138	65	133	66	195	175	175	129	127	116	162	57	95	281	57	55	178	156	148	113	49	64	28	44
YOR198C	2904	2792	3119	3524	4717	3799	4210	3557	3208	3487	3565	2587	2391	5649	2990	2895	4468	3822	3923	4378	1540	2110	1773	2802
YOR053W	21	152	22	160	18	26	18	28	23	89	15	46	10	13	56	114	14	12	10	7	6	14	29	49
YOL054W	61	61	67	87	138	133	114	87	62	99	79	54	49	171	81	72	130	132	157	171	45	52	57	79
YOR012W	8	4	10	9	14	6	12	7	6	9	10	8	8	26	4	1	19	6	8	6	4	9	3	8
YOL118C	2	5	8	7	10	6	9	8	6	10	10	2	4	8	5	9	4	11	12	26	2	5	5	8
YOR034C	589	377	585	520	1099	788	963	703	744	564	826	443	381	959	355	428	899	884	823	1153	258	422	284	456
YOR374W	318	925	396	1423	1140	1479	923	1266	537	2458	490	2022	208	547	1207	1208	754	761	1550	1767	218	231	983	2050
YOR018W	708	916	716	1191	1296	1227	1286	1124	868	1457	987	962	514	1195	871	832	1125	1057	1122	1708	328	460	548	948
YOL084W	140	155	146	201	300	261	256	250	200	413	232	320	99	268	137	145	279	208	276	308	73	126	153	271
YOR314W	0	0	0	0	0	0	0	1	0	0	0	0	0	0	0	0	0	0	0	0	0	0	0	0
YOR050C	2	1	2	3	8	8	9	4	7	2	4	5	3	7	5	2	12	5	9	10	1	4	1	3
YOR391C	3	11	6	21	12	18	8	14	6	16	8	17	8	18	18	33	9	7	37	32	2	3	24	28
YOR327C	448	382	413	498	645	468	667	451	479	604	589	442	341	787	394	427	591	404	376	450	182	283	261	465
YOR352W	209	148	206	233	308	209	273	227	223	246	257	208	157	331	128	144	235	199	173	181	88	119	108	156
YOR348C	32	41	36	77	113	336	83	235	71	155	66	179	26	121	102	98	108	70	482	613	32	33	74	142
YOL115W	369	190	326	278	506	355	469	321	314	299	365	199	228	620	179	230	483	474	387	524	161	225	121	248
YOR066W	2537	1907	2456	2222	3367	2258	3127	2056	2753	1842	3402	1416	1698	4026	1734	1893	2795	2578	2247	2907	1518	1980	890	1417
YOR072W-A	10	6	4	6	12	14	20	13	11	10	16	5	6	14	2	3	14	15	12	16	6	8	3	1
YOL096C	70	52	63	68	128	101	144	81	90	76	77	67	55	150	65	63	124	121	92	132	33	31	31	68
tM(CAU)O2	2	5	8	7	3	3	1	5	3	6	9	3	2	4	3	2	1	0	4	4	1	2	4	2
YOR020C	660	522	839	591	1398	1214	1277	1085	921	566	885	462	467	1244	451	469	1018	1018	1163	1240	548	539	257	539
YOR133W	26367	13827	27450	16555	45535	28465	38719	24837	31291	19578	31201	14728	20023	67283	12306	15010	40148	42781	38312	39190	15157	20624	10244	16957
YOR356W	595	796	723	1113	1262	1050	1120	932	718	1513	794	1387	435	1224	1016	965	1102	1132	1317	2019	349	403	996	1659
YOR208W	1327	2937	1399	3551	2693	2971	2611	2816	1800	4131	1729	3016	686	1690	2335	2603	1935	1642	2553	3114	524	758	1924	2758
YOR357C	41	38	47	46	63	51	60	45	37	32	32	35	29	124	29	30	77	65	50	42	21	23	14	31
YOR277C	8	2	3	3	19	9	18	14	12	4	7	1	5	7	1	3	5	2	8	6	4	2	5	2
YOR276W	1319	698	1335	873	1846	1337	1672	1141	1406	926	1414	706	868	2203	648	601	1604	1292	926	1256	623	820	545	871
YOR247W	3110	5124	3214	6075	2658	3137	2247	3271	4686	3956	4688	2856	1866	4430	4473	4680	1457	1100	1580	2111	1730	2315	1288	1944
snR50	38	21	37	20	84	62	69	49	42	25	45	28	29	61	13	18	65	53	50	51	23	33	13	15
YOL047C	5	13	4	16	19	24	17	16	7	28	11	30	3	2	10	9	9	3	6	12	6	2	9	20
YOR221C	1186	1493	1152	1932	1604	1260	1372	1113	1153	1149	1462	944	717	1831	1368	1352	1419	1218	1146	1435	525	746	540	858
YOR344C	2992	1788	3041	2236	4047	2116	3996	1972	3401	2526	4071	1973	2352	5563	1636	1789	3456	2370	1808	1839	1792	1946	1247	1869
YOR269W	252	190	251	202	419	333	365	328	275	210	365	175	162	445	178	149	380	361	359	478	129	197	120	205
YOR152C	152	276	151	330	347	424	390	431	246	507	366	369	88	240	227	254	210	162	338	430	70	119	212	313
YOR103C	143	264	142	295	208	144	209	145	160	326	174	221	87	276	254	230	181	147	145	156	85	122	155	262
YOR377W	539	227	453	350	620	444	595	389	555	343	596	302	372	1016	207	217	733	634	428	558	217	450	122	205
YOR129C	378	353	330	428	599	546	528	523	387	1724	491	1290	235	629	319	373	545	518	628	917	200	234	785	1228
YOL038C-A	10	8	8	15	13	9	11	12	9	16	9	9	9	22	15	20	14	11	22	10	3	7	14	10
YOR156C	423	356	390	467	731	612	778	513	516	508	629	364	246	638	265	310	687	567	552	794	176	278	197	289
YOR329C	1366	1860	1382	2407	2767	2466	2626	2192	1823	2721	2033	2039	969	2365	1682	1922	2596	2507	2453	3665	836	1118	1224	1891
YOR351C	1	3	5	2	3	5	8	6	6	3	3	4	2	6	0	2	4	4	4	2	2	1	2	1
YOL040C	4838	3045	5028	3396	7404	5627	6578	4873	5457	3898	5123	3043	4253	9162	2632	2781	6974	6844	5659	5745	3835	4705	2527	4219
YOL159C-A	81	50	48	67	93	97	131	88	79	72	106	49	34	82	20	25	77	62	74	79	24	36	33	29
YOR051C	1482	784	1377	950	1902	1050	1547	856	1397	837	1566	614	1233	3139	828	829	1982	1521	1129	1296	536	948	405	722
YOR003W	72	85	82	143	150	160	114	121	79	90	71	78	45	134	106	100	95	108	147	180	31	36	58	103
YOR064C	69	48	64	72	86	102	85	67	59	88	78	50	50	140	70	68	126	118	127	170	43	67	59	82
YOR073W	208	183	195	242	300	266	261	258	208	243	266	174	154	396	192	222	313	253	359	483	88	129	122	231
YOR201C	350	253	344	373	794	855	780	765	440	495	489	398	245	635	276	225	562	575	905	1212	194	244	199	338
YOR065W	732	925	922	1202	2211	2746	1990	2513	1262	1851	1254	1698	381	1013	920	936	1082	959	2464	3291	380	368	803	1236
YOR186W	16	16	10	29	19	17	27	34	13	47	16	36	2	18	18	15	10	8	20	13	5	10	23	36
YOR045W	413	198	471	251	688	670	707	648	530	308	519	254	330	759	228	258	554	496	620	664	326	331	172	317
YOL018C	126	94	124	144	240	165	177	137	125	146	140	101	139	371	140	147	286	242	193	240	68	112	64	136
YOL133W	224	293	241	401	318	271	261	222	173	292	217	236	212	459	345	364	299	270	291	377	157	195	213	319
YOR087W	519	344	496	462	870	719	859	673	577	568	702	507	270	721	294	318	646	539	642	923	200	349	184	346
YOL028C	151	97	159	122	312	288	237	238	190	158	188	106	112	367	129	121	312	349	388	502	104	127	75	148
YOL086C	13741	9327	13761	10158	22966	15161	19689	14810	16796	12473	16533	10345	10384	22869	6646	7532	18002	19170	11798	13162	7823	11904	5074	8537
YOL108C	47	92	52	106	62	53	64	40	40	57	35	36	29	102	108	107	48	48	41	60	11	19	26	51
YOL023W	234	153	271	237	473	417	411	419	293	241	338	185	136	358	144	146	370	308	459	628	128	134	107	175
YOR011W-A	0	0	1	0	0	1	0	0	0	1	0	0	0	0	0	0	0	0	0	0	0	0	0	1
YOR165W	943	495	893	750	1380	924	1195	865	949	692	1069	535	792	1814	575	505	1339	1159	1051	1362	465	687	355	579
YOL068C	745	491	706	596	1030	827	962	720	736	662	891	482	483	1160	372	432	1028	902	895	1143	358	518	328	450
YOR138C	338	259	321	388	592	466	566	365	369	383	411	280	296	812	372	350	656	637	577	729	186	280	196	317
YOR016C	802	501	858	513	1202	1029	1176	970	854	624	998	521	422	984	281	353	1012	762	939	1206	349	497	330	472
YOL121C	3226	1475	3166	1489	4682	3335	4506	3116	3637	2165	3546	1572	2530	5546	1057	1031	4183	3530	2708	3027	1891	2492	1142	1732
YOL126C	744	529	898	615	1639	1040	1454	957	1182	902	1059	657	373	1246	517	520	995	852	802	899	454	577	614	858
YOR235W	315	276	328	314	462	394	441	368	387	327	325	316	114	248	68	88	240	221	173	195	100	134	101	122
YOR080W	346	378	356	457	596	567	577	463	414	513	446	407	269	606	318	332	528	498	561	757	145	227	195	320
YOR169C	1	0	2	0	1	1	0	2	2	2	0	0	0	3	0	0	0	2	1	1	0	0	0	0
YOR028C	266	104	310	143	705	508	634	422	345	185	402	161	184	459	73	114	539	388	553	798	159	216	110	143
YOR225W	1	0	0	0	2	0	3	1	1	0	0	0	0	2	0	4	2	4	1	3	0	0	3	2
YOR108C-A	6	3	1	3	2	6	3	3	4	2	1	2	2	6	4	4	3	1	1	0	1	2	4	5
YOR109W	2672	2961	2676	3832	4071	3256	3627	2988	2894	3504	3156	2660	1858	4173	2523	2894	3386	3210	3298	4298	1277	1741	1497	2375
YOL093W	357	158	398	202	536	397	504	310	399	217	459	140	301	794	153	172	560	549	422	590	192	256	126	179
YOR147W	711	638	724	778	1092	1050	1100	872	771	518	928	380	392	1031	425	479	918	843	857	1323	336	448	194	321
YOR218C	0	1	0	2	2	1	0	2	0	1	1	0	0	2	2	5	3	1	1	1	0	0	1	5
YOR254C	2118	1324	2228	1643	2994	2199	2742	1956	2157	1551	2341	1216	1686	4076	1340	1341	3130	3191	2582	3764	1004	1527	798	1390
YOL080C	173	74	193	93	246	183	216	160	157	125	155	80	142	429	78	79	304	269	258	383	76	109	60	135
YOR161W-B	51	36	45	32	90	81	82	74	57	44	58	45	33	70	32	45	84	63	92	111	25	49	24	37
tY(GUA)O	0	1	1	0	0	0	1	0	0	0	0	0	0	1	0	1	0	0	0	0	1	0	0	0
YOR136W	2291	2045	2815	2947	4971	5356	4458	4668	3014	3486	3103	2759	1747	3764	1876	1842	4014	3674	3838	4313	1644	1642	1353	2453
tR(ACG)O	2	0	1	0	0	0	0	0	0	1	0	0	0	1	1	0	0	0	1	0	0	0	0	0
YOR192C-C	783	924	744	1070	479	358	455	399	880	787	852	571	306	894	453	591	230	223	200	256	187	275	261	324
YOR205C	411	265	400	352	714	784	661	654	470	491	556	343	265	647	286	272	583	583	747	1000	225	246	185	360
YOR200W	1	3	0	2	3	2	2	4	1	3	4	3	1	1	0	2	2	0	1	1	0	0	0	5
YOR305W	216	220	204	312	264	278	223	221	220	270	253	225	164	370	233	242	260	235	281	313	100	132	175	235
YOR195W	323	441	362	654	712	604	637	535	372	578	420	328	223	642	458	516	589	573	677	848	132	189	236	395
YOL123W	1283	1042	1460	1494	2618	1843	2171	1562	1384	1418	1546	1194	889	2454	1271	1367	2038	2279	2268	3123	516	840	748	1378
YOR097C	222	225	231	298	383	328	375	322	240	373	325	250	143	370	238	219	320	240	250	366	88	156	183	258
YOL083C-A	4	3	4	2	2	0	1	1	1	4	4	1	1	3	1	1	5	0	1	1	1	1	0	1
YOL086W-A	43	92	58	121	68	103	61	83	65	143	64	103	31	95	122	138	60	44	114	113	20	28	77	124
YOR337W	1592	1456	1463	1592	3067	2933	2667	2618	1716	4432	2248	3244	851	2340	1007	1111	2661	2013	2436	2870	901	1086	1996	2727
YOL100W	863	676	857	1012	1417	1056	1290	889	908	823	1129	662	638	1492	750	778	1382	1110	1300	1605	382	521	372	660
YOR289W	44	85	50	118	94	79	59	64	63	96	57	85	45	93	98	107	79	57	62	64	16	37	65	117
YOR255W	2	3	4	1	2	0	3	1	0	1	3	1	2	3	1	0	1	2	2	1	2	1	0	0
YOR304W	620	420	633	574	928	691	928	608	649	553	667	373	470	1181	424	428	933	937	788	1111	292	442	227	451
YOL163W	9	39	18	36	16	12	20	15	11	40	11	25	4	12	23	26	23	14	18	24	7	10	17	23
YOR077W	86	44	88	71	138	116	105	101	102	78	103	49	103	242	80	75	167	175	178	165	53	62	42	64
YOR074C	51	100	44	180	132	163	104	141	64	122	72	70	37	129	118	131	158	152	160	223	29	45	40	88
YOR117W	1246	1241	1359	1506	2097	1668	1903	1505	1395	1505	1446	1130	888	2196	1134	1176	1740	1556	1579	1855	685	816	809	1176
YOR055W	0	0	0	1	0	1	0	0	0	1	1	0	0	0	1	2	2	0	1	3	0	0	0	0
YOL166W-A	0	0	0	0	0	0	2	1	0	0	0	0	1	0	0	0	0	0	0	2	0	1	0	1
YOL066C	423	292	428	366	647	544	598	422	402	450	513	318	256	734	275	242	606	572	538	835	189	271	183	365
YOR396W	191	312	215	326	405	359	355	354	255	369	294	404	174	684	349	594	375	572	611	883	106	160	302	411
YOR161C-C	8	8	5	12	16	25	19	11	6	8	8	7	6	8	5	10	13	17	12	26	4	5	3	14
tV(AAC)O	4	5	5	3	3	4	5	7	7	7	1	3	3	7	2	3	1	7	11	8	2	2	2	1
YOR151C	3630	2478	3790	3283	6978	5447	5701	4592	3719	3510	3997	2461	3249	7400	2422	2628	6657	6628	6176	7891	1867	2695	1644	2839
YOR187W	1347	962	1708	1379	2562	2781	2321	2249	1732	1177	1693	948	923	2377	1116	1075	1672	1726	2616	3588	1046	864	527	1023
YOL001W	679	552	588	763	840	655	788	572	676	803	882	615	338	854	421	445	667	540	576	807	233	367	347	526
YOR005C	80	70	90	118	150	118	117	100	92	90	91	93	67	188	96	83	154	167	149	182	45	70	44	69
YOR199W	0	1	0	2	0	1	0	0	1	0	0	1	1	4	0	4	2	1	1	1	0	0	1	2
YOR355W	3200	2095	3114	2425	4897	3301	4275	3121	3510	3131	4040	2314	1929	4208	1673	1651	3694	3105	3112	3945	1474	1946	1375	2067
YOR290C	2175	1985	2042	2576	4296	3957	3683	3568	2454	2379	2715	1828	1634	3569	1824	2080	3750	3816	4155	5990	1088	1432	1209	1708
YOR396C-A	0	1	0	1	1	2	1	1	1	2	0	2	0	2	0	1	1	1	2	2	0	0	1	2
YOR047C	1553	858	1591	962	2871	2151	2800	1934	1732	1148	1996	828	900	2329	683	782	2454	1801	2050	2714	764	967	552	828
YOL014W	346	56	418	57	442	218	512	255	366	81	424	53	168	544	32	31	266	196	165	193	131	255	27	60
YOR244W	375	311	418	488	611	480	565	403	412	476	521	328	300	810	339	344	626	548	486	593	174	259	213	305
YOL102C	115	75	110	116	195	143	208	107	131	111	188	89	114	338	99	89	214	195	144	174	60	82	73	102
YOL060C	1688	2428	1760	2788	3584	3710	3452	3458	2321	3294	2504	2604	930	2388	1932	2006	2717	2416	3252	4897	801	1136	1300	2042
YOL041C	757	386	756	425	1136	832	972	804	749	630	831	389	547	1444	318	352	1029	911	998	1264	342	411	287	494
YOL116W	281	215	279	314	530	335	423	331	307	360	429	225	243	550	240	258	445	401	379	584	136	216	123	214
YOR353C	814	856	823	1015	1569	1289	1372	1136	880	1139	1047	789	620	1566	858	907	1437	1365	1450	1981	348	520	498	845
YOR299W	350	337	368	474	636	571	527	502	389	530	418	436	345	870	471	477	698	646	680	856	205	300	272	525
YOR366W	8	10	14	12	33	39	26	31	26	17	22	8	9	30	12	16	17	18	39	72	6	7	10	16
tD(GUC)O	2	0	2	2	0	3	0	1	1	3	0	1	3	8	4	3	2	4	3	4	0	0	0	1
YOR096W	4590	2331	4740	2603	6514	4787	5980	4345	5194	3565	5107	2512	3619	7909	1528	1486	5811	4978	3787	3962	2607	3421	1653	2409
YOR148C	48	47	49	64	66	46	55	41	55	34	64	33	28	106	65	52	68	65	59	67	21	20	15	29
YOR301W	278	398	302	475	408	363	356	328	337	468	321	401	154	486	374	415	338	295	415	620	123	170	230	345
YOR257W	69	56	81	84	126	75	123	58	59	106	88	69	60	181	63	71	139	113	83	113	41	49	52	76
YOR135C	1	1	0	0	1	0	0	0	0	5	1	3	0	1	0	2	2	0	0	0	0	0	1	0
YOR032W-A	7	2	4	13	11	11	14	11	12	11	7	6	6	12	7	7	11	12	27	26	3	7	5	5
YOR223W	90	85	101	109	183	130	186	118	104	143	117	96	68	192	69	91	138	151	132	156	28	43	43	97
YOR076C	476	387	444	440	815	625	729	554	488	559	665	410	327	797	337	349	750	599	587	823	190	326	224	402
YOR231C-A	2	0	1	0	0	0	0	0	0	0	0	1	0	1	0	0	0	1	0	0	0	0	0	1
YOR316C-A	0	2	1	0	2	1	5	2	1	1	3	0	1	3	1	3	3	3	4	4	1	1	1	1
tS(GCU)O	4	2	0	2	6	4	5	5	4	2	2	6	2	11	4	3	3	6	4	6	0	4	2	6
YOR061W	1423	826	1477	1029	2249	1610	2218	1415	1453	1267	1766	879	940	2475	683	713	2037	1825	1571	2111	666	934	556	901
YOR025W	70	91	78	128	122	120	92	95	99	94	108	81	62	155	107	108	113	102	115	149	38	60	44	90
YOR371C	935	714	924	858	1683	1474	1509	1299	1045	1075	1210	807	625	1447	546	631	1453	1310	1451	1922	471	611	469	728
YOL140W	576	522	642	717	1474	1477	1296	1227	816	915	842	792	396	1115	534	571	1184	743	1243	1308	372	369	416	793
YOL062C	742	581	750	839	1226	940	1038	738	783	922	854	749	448	1089	550	593	1006	850	853	1026	357	475	401	722
YOR292C	145	211	124	270	198	170	195	159	163	190	180	178	80	225	248	268	177	134	177	216	74	98	71	142
tG(UCC)O	1	3	1	0	0	0	0	0	0	0	0	0	0	2	0	0	0	0	0	1	1	0	0	0
YOR027W	4913	4262	5390	5287	10633	8229	9124	7516	6331	5367	6833	4321	3293	7695	3605	3849	7821	7356	7542	9335	2357	3130	2382	3870
tT(AGU)O2	0	0	0	1	0	1	0	0	0	0	0	2	0	0	0	1	0	0	0	1	0	0	0	0
YOR142W-B	15729	15739	15665	21306	33762	30215	24252	26059	20777	21585	20413	14731	17148	47801	22516	32493	45155	43135	54282	55542	7834	12442	15157	20978
YOR192C-A	4454	8615	4393	10377	2706	2000	2761	2433	4903	5329	5165	3707	2807	9216	7240	11053	2488	2274	2399	3190	1658	2473	3281	4182
YOL103W-B	35283	48414	38788	56369	21047	21144	17083	18983	42629	46103	71208	45299	27888	99312	47617	73308	27543	23089	37176	35869	15244	25380	29676	41010
YOR142W-A	797	1082	808	1323	1925	1657	1345	1367	895	1199	1050	1059	1063	2765	1615	2188	2719	2830	3318	3361	571	859	1132	1772
YOR192C-B	23546	44410	22685	57303	17343	13554	16272	14511	25704	31318	27662	21240	16616	51588	45216	65317	19729	16332	22316	24474	8968	13398	22750	27223
YOR343W-B	13222	26713	12317	32850	10195	8563	9572	8677	14265	18453	15434	12699	10428	30619	28838	40949	12713	11093	15281	17243	5554	8138	14643	17929
YOR343W-A	2750	6017	2702	6944	1617	1216	1636	1332	2946	3368	3164	2421	1852	6447	5041	7775	1496	1433	1480	1845	1056	1525	2066	2684
YOL103W-A	2158	2468	2369	2869	1223	1349	799	1001	2553	2623	2784	2413	2103	5120	2739	3335	1483	1243	1780	1475	1289	1858	1537	2506
YGL087C	823	947	752	1104	1423	1411	1363	1227	949	1395	1044	1068	426	1162	805	895	1065	851	1039	1208	420	585	818	1228
YGL156W	389	1960	438	2926	1007	1968	880	1481	477	2797	612	2240	252	627	2286	2498	796	715	1812	2097	277	295	1712	2423
YGL015C	13	10	18	14	31	21	24	9	12	14	13	12	2	14	5	10	16	11	17	25	9	8	3	10
RME2	951	734	912	809	1538	1232	1375	1183	1228	326	1454	266	552	1328	525	531	1222	955	1074	1438	545	799	136	204
YGR251W	94	64	80	84	110	74	82	60	72	72	93	56	88	240	89	76	106	104	95	96	40	50	36	60
YGR162W	6528	3368	6440	4034	9081	6124	8036	5447	6270	4266	7055	3126	4831	11491	3067	3334	8913	8060	6849	9307	3147	4495	2141	3616
tK(UUU)G2	6	2	7	4	12	5	5	7	8	5	9	7	3	12	3	6	5	5	2	4	0	1	2	3
YGR005C	234	154	271	236	399	277	331	225	217	228	280	179	269	697	206	231	489	470	381	431	147	216	132	221
YGL160W	635	563	722	736	1296	1023	1239	961	800	735	945	590	399	1090	573	572	1097	858	1151	1722	294	422	344	581
snR46	1186	943	1195	1128	1537	1274	1367	1243	1167	1081	1010	1041	924	1570	796	1043	1064	1261	1068	933	661	696	669	897
tD(GUC)G1	2	1	0	0	0	2	1	3	0	0	1	1	2	1	1	5	0	4	2	2	1	2	2	1
YGL211W	224	148	206	190	333	292	292	224	239	212	240	156	146	476	142	146	310	305	296	371	116	148	99	191
YGR141W	173	138	177	182	302	227	286	267	160	251	200	189	131	339	142	166	274	344	345	494	109	119	115	188
YGL239C	0	0	0	0	0	0	0	0	0	0	0	0	0	0	0	0	1	0	0	0	0	0	0	0
YGL097W	456	251	483	360	799	544	572	424	447	376	453	266	417	1195	346	313	869	958	743	905	253	347	195	343
YGR030C	364	216	319	285	366	408	434	388	338	324	439	234	157	391	156	167	397	229	284	281	132	161	158	208
YGR224W	3	2	2	1	1	2	2	6	2	4	2	5	1	2	1	1	4	0	1	2	1	3	1	1
YGR142W	739	753	1188	1061	1542	1052	1420	956	1196	846	988	671	468	1665	567	628	1090	904	584	810	339	571	286	429
YGR186W	746	480	903	711	1370	930	1105	836	725	580	905	424	776	1799	585	624	1434	1464	1189	1575	430	647	344	560
YGR181W	98	70	110	78	195	166	150	149	96	95	117	69	123	416	158	131	240	284	307	307	115	138	110	221
YGL081W	82	47	83	61	135	83	113	82	78	60	87	42	39	94	31	33	101	66	88	100	25	28	24	33
YGR082W	917	347	1027	571	1526	1281	1316	1098	1036	555	999	531	680	1842	500	519	1367	1232	1487	1607	798	972	486	899
YGL028C	611	445	481	579	659	440	610	383	1016	7753	946	5985	417	812	408	439	729	712	468	838	362	484	3893	5340
YGL021W	234	365	235	494	405	358	369	343	310	726	342	491	116	370	379	384	316	259	387	388	117	149	301	447
YGL110C	310	304	284	424	439	314	396	286	282	297	346	182	253	629	308	318	395	349	362	441	145	161	139	206
YGR167W	458	435	548	614	965	800	738	640	468	654	547	476	382	1119	534	558	801	889	734	849	256	326	303	613
YGL017W	125	85	135	130	241	116	172	96	113	131	126	95	126	323	104	87	214	220	146	200	63	98	58	103
tA(UGC)G	0	0	1	1	0	1	0	0	0	1	1	1	0	0	0	0	0	0	0	0	0	1	0	1
YGR156W	585	612	576	766	1137	1040	972	904	629	826	657	636	347	955	549	636	1112	1105	1166	1786	296	426	425	662
YGR291C	0	0	0	0	2	2	4	1	1	2	2	0	0	2	0	0	0	1	1	1	0	0	1	0
YGR197C	228	188	266	269	570	497	545	522	343	352	356	279	120	390	192	200	443	388	492	716	110	186	150	270
YGR041W	120	58	111	64	179	116	177	100	125	84	142	62	98	243	75	60	203	179	167	183	73	81	48	66
YGL079W	415	298	413	410	620	571	619	464	451	435	575	346	282	655	252	250	562	410	454	546	206	247	263	362
YGL107C	666	462	625	684	1056	964	904	766	705	666	838	482	474	1180	502	488	842	784	926	1196	347	410	310	514
YGL168W	4	1	2	2	5	1	4	2	1	3	2	3	3	3	0	0	3	4	4	3	0	2	0	2
YGL228W	1338	1094	1338	1374	1905	1440	1664	1338	1274	1902	1471	1503	995	2456	1228	1234	2003	1642	1774	2306	638	906	1190	1688
YGR183C	520	636	634	790	1119	1337	1028	1173	690	926	742	847	395	960	734	770	901	610	1370	1409	408	418	862	1061
YGL050W	331	203	292	281	418	347	409	278	301	447	370	338	240	620	226	211	444	383	375	419	113	212	228	435
YGR273C	0	0	0	2	1	0	1	1	0	0	1	1	1	2	0	0	0	0	2	0	1	0	1	2
YGR086C	2132	2375	2227	2908	4179	3900	3670	3555	2542	3166	2832	2852	1314	3326	2120	2278	3397	3040	3752	4409	1166	1455	1824	2776
YGR228W	0	0	1	0	0	0	0	1	0	0	1	0	0	0	0	0	1	1	0	0	0	0	0	0
YGL145W	824	626	754	758	1209	948	1179	860	847	936	1113	702	496	1288	619	625	1188	943	1015	1137	341	460	443	622
YGR098C	726	788	706	988	1143	1104	1014	979	785	966	998	638	430	1074	678	750	905	767	1076	1424	292	386	377	613
YGR074W	315	252	329	318	434	385	436	306	317	340	374	276	217	513	257	254	485	315	350	388	182	227	229	330
YGL098W	371	298	378	302	531	358	530	354	361	355	485	252	232	539	194	211	539	359	372	457	177	266	189	243
snR7-S	447	366	440	451	587	458	506	444	444	426	348	400	367	694	329	411	424	563	435	400	245	242	232	357
YGL096W	99	74	94	105	176	124	169	97	128	91	145	81	64	179	81	83	166	126	130	195	36	78	37	71
YGR240C-A	22	22	22	26	36	32	33	30	18	30	32	29	14	30	21	22	44	34	38	53	14	16	16	28
YGR172C	209	134	200	145	332	294	311	253	255	181	249	132	145	403	141	128	357	368	342	408	105	161	87	153
YGR194C	358	319	322	444	616	443	574	426	431	445	443	335	202	535	290	289	441	350	414	453	170	213	167	273
YGL026C	2766	2760	2652	3552	5385	5228	4699	4674	3325	3930	3646	3241	1900	4701	2130	2194	4071	3543	4186	4440	1408	1938	1485	2662
YGL213C	464	323	422	446	662	488	630	408	530	481	582	337	264	742	262	291	506	406	431	470	207	305	186	375
YGL248W	1003	1720	1093	1921	1765	1533	1783	1363	1194	1884	1274	1505	625	1564	1519	1550	1355	1134	1256	1415	464	674	948	1502
YGL075C	50	23	40	35	53	45	60	38	35	29	49	23	25	80	28	19	65	40	50	51	20	28	12	23
YGL256W	686	414	578	525	905	659	795	574	708	529	794	448	470	1164	383	381	820	707	655	756	366	460	247	422
YGL012W	1945	1282	2069	1383	4005	3992	3884	3885	2527	1891	2718	1517	1269	3020	1176	1272	3382	2919	4210	5196	1319	1516	1082	1663
YGL082W	751	765	766	1017	778	592	719	455	720	904	811	683	560	1548	828	839	841	578	544	623	338	513	452	754
YGR161C	1597	2545	1642	2737	3285	2898	2944	2774	2132	3998	2293	3126	996	2904	1767	2015	3139	2340	2081	2460	961	1501	1638	2443
tW(CCA)G1	6	3	6	3	3	2	2	2	4	4	4	6	4	8	2	2	2	3	0	4	0	0	1	3
YGR274C	729	514	660	666	1064	828	1032	749	714	697	870	476	486	1255	490	499	1070	938	880	1298	334	470	274	475
YGR031C-A	0	5	0	4	6	4	1	2	2	5	1	6	0	5	5	9	1	0	2	2	0	1	4	4
YGL037C	2489	3367	2636	4199	5210	5667	4829	4936	3216	4742	3354	4038	1440	3571	3021	3244	3371	2555	3832	4050	1418	1648	2524	3836
YGL252C	518	436	616	620	904	645	752	566	546	604	636	420	455	1099	398	420	864	821	684	890	256	362	249	430
YGL250W	41	47	46	64	62	58	58	40	43	55	49	44	33	91	68	67	62	39	50	51	19	27	24	45
YGR260W	2388	696	2170	832	4036	1589	3934	1595	2642	1132	2944	875	1854	3830	434	483	4826	4055	1460	2227	1558	2444	467	856
YGR159C	3298	1246	3351	1355	4897	3584	4373	3071	3370	2374	3152	1687	1957	5000	856	986	3986	3826	3447	4364	1695	2064	1250	2105
YGR006W	178	123	152	132	295	233	299	191	203	207	202	150	92	268	116	106	245	203	209	324	79	104	86	129
YGL121C	270	279	294	390	417	560	415	464	349	437	344	455	209	480	358	343	341	257	387	308	206	218	306	426
YGL040C	509	316	545	400	981	787	906	730	686	562	676	450	312	808	278	338	719	609	761	971	261	365	269	526
YGR130C	2193	2290	2145	2927	3336	2458	3057	2372	2507	2592	2843	1971	1414	3339	2152	2301	2921	2398	2380	2957	945	1513	1226	1791
YGR021W	212	242	280	324	370	419	346	377	251	255	324	208	141	401	276	288	290	300	488	591	134	159	139	229
YGR097W	4367	4886	4467	6100	9833	6814	9511	6213	5514	5438	5593	4421	2464	5990	4304	4766	8059	6589	6087	8314	1856	2758	2474	3896
YGL170C	3	1	6	2	2	4	3	4	4	3	5	4	2	4	1	3	2	1	0	6	0	2	1	2
YGL166W	84	102	93	149	160	117	142	100	82	149	91	107	62	209	155	153	148	129	163	179	41	60	91	139
YGL104C	206	192	201	284	388	339	352	324	286	321	325	234	136	325	207	190	295	291	346	477	111	172	116	222
YGR149W	541	1340	609	1712	860	961	902	884	788	1961	764	1490	273	703	1018	1200	640	422	745	975	230	336	743	1283
YGR195W	387	210	414	281	684	521	654	422	400	370	464	245	335	821	240	208	614	554	506	586	181	258	171	336
tG(GCC)G2	0	0	0	1	0	1	0	1	0	0	0	1	0	2	1	0	1	0	0	0	0	0	2	0
YGR250C	2281	1462	2984	1919	4839	3210	4439	3199	3533	2411	3384	1833	1402	4239	1218	1366	3313	2717	2870	3479	1323	1633	967	1583
YGL155W	472	342	469	526	628	448	589	409	477	550	577	386	324	803	311	302	535	441	464	589	222	287	212	399
YGL216W	546	856	518	1048	900	889	792	741	639	922	701	591	368	899	839	872	742	703	948	1243	322	435	437	729
YGR029W	278	150	298	243	494	374	399	324	291	218	314	179	216	598	216	176	458	462	413	414	163	186	116	187
YGL125W	678	793	936	917	1849	2159	1826	2053	1050	1915	1056	1643	285	920	553	551	1144	823	1824	2909	285	468	717	1188
YGR038W	481	526	508	721	840	650	851	635	617	509	688	363	262	819	592	666	602	598	642	931	308	410	307	441
YGR008C	157	85	160	146	265	174	188	150	180	136	204	121	151	367	122	118	248	180	127	91	92	120	90	137
YGR248W	252	89	264	106	608	485	566	422	326	150	364	137	116	404	56	74	344	302	327	374	115	133	60	110
YGL094C	987	1031	990	1442	1730	1338	1470	1150	1090	1385	1209	904	723	1675	990	1026	1463	1340	1424	1930	444	686	620	965
YGR131W	34	16	46	6	51	42	67	32	65	22	49	32	21	77	14	12	61	39	32	30	26	31	12	26
YGR163W	168	156	173	176	289	196	295	166	189	220	236	155	144	371	125	141	277	213	202	223	84	128	93	142
YGR125W	1207	1066	1175	1346	2208	2167	2012	1948	1380	1510	1609	1207	856	2082	1035	1088	2002	1919	2395	3776	572	848	759	1259
YGR279C	16040	4865	16404	5273	21911	16202	19450	15927	20858	5413	21113	4480	12091	25112	3959	4271	17003	16152	15480	17076	12071	15082	2034	3853
YGL022W	3774	3366	3767	4123	6857	6417	6388	5807	4747	5039	4839	4279	2511	5948	3166	3545	5786	5679	6464	9354	2028	2744	2581	3955
tD(GUC)G2	5	1	3	5	6	3	3	5	6	7	8	3	1	13	6	6	11	4	9	8	4	3	5	7
YGR271W	2565	2230	2558	2943	3832	2870	3398	2726	2684	2653	3115	1975	1725	4097	1840	1925	3296	3429	2829	4180	1080	1709	1096	1784
YGL025C	523	455	520	510	1001	861	970	772	592	623	720	463	305	964	379	394	932	896	809	1112	276	423	278	427
YGL176C	244	198	267	240	366	386	357	315	276	281	338	221	161	441	180	187	357	306	342	435	112	188	145	229
YGR031W	217	191	208	221	352	319	275	283	214	212	221	191	135	391	194	243	345	295	310	452	97	159	92	173
YGL102C	1	2	2	0	2	1	4	0	2	1	0	1	4	9	1	0	2	2	2	6	2	0	1	1
YGR182C	100	118	114	128	246	312	265	275	146	234	152	170	74	196	144	197	163	118	317	279	74	74	181	227
YGR025W	39	34	50	52	76	63	57	59	49	52	51	41	41	93	42	37	83	63	70	83	22	28	25	50
YGL113W	473	358	448	484	713	688	695	665	552	606	667	414	329	832	339	351	702	614	764	1027	190	280	249	387
YGR188C	188	171	200	255	366	320	286	289	238	296	254	162	135	327	199	208	341	266	421	530	104	115	130	211
YGL162W	628	536	631	555	715	458	664	458	765	802	839	648	318	902	358	460	640	668	433	684	312	430	266	400
YGL084C	1522	1083	1441	1342	2256	1695	2162	1581	1815	1508	2015	1335	867	1957	858	963	1741	1449	1494	2219	683	976	757	1086
snR10	72	101	78	98	117	90	87	110	86	81	64	71	53	154	52	70	98	192	65	62	31	33	22	56
YGL196W	1141	691	1196	890	1573	911	1572	896	1413	904	1404	737	674	1932	516	564	1138	898	894	1010	570	741	317	669
RME3	126	143	140	194	284	268	241	264	177	272	224	174	75	194	153	186	187	174	283	359	71	80	125	190
YGR230W	162	132	168	187	287	226	291	243	182	196	243	147	96	274	145	163	240	180	231	210	100	117	99	184
YGR084C	275	176	318	241	517	467	518	452	341	299	353	186	213	581	200	221	459	401	504	628	167	159	153	257
YGL222C	494	242	525	268	836	748	789	707	622	571	757	440	258	763	176	191	691	525	577	845	214	362	231	397
YGR166W	611	984	610	1212	1157	1094	1130	927	707	1513	888	979	348	955	682	752	947	738	894	1171	246	378	518	913
YGR122C-A	146	573	110	647	100	78	107	89	156	1128	172	943	88	188	528	595	112	75	125	118	73	99	596	838
YGR152C	73	91	68	93	131	109	98	94	71	92	88	65	44	138	83	84	120	102	137	158	31	44	46	91
YGL210W	246	212	253	235	364	346	389	281	252	258	315	210	169	444	189	173	354	337	313	383	122	154	101	214
YGR265W	0	1	0	0	0	1	0	0	0	0	0	0	0	0	0	0	0	0	1	1	0	0	0	0
YGR157W	4196	3347	4401	4343	7637	6911	6984	6167	5251	5012	5960	3680	3412	7289	3098	3394	6981	5504	7161	8648	2795	3277	1957	3233
YGL240W	135	72	115	77	196	138	182	133	122	79	134	64	80	214	46	55	169	150	139	217	74	85	40	84
YGR085C	5149	2463	5548	2915	8339	5498	7629	4582	5462	3726	5705	2631	4858	15888	2601	2627	9229	7521	5932	6092	2818	3778	2179	3569
YGR237C	844	451	955	595	1546	1051	1467	932	991	605	1167	484	521	1437	378	430	1286	1155	997	1477	353	501	257	447
YGL146C	3	5	5	12	13	12	10	12	5	11	4	11	6	14	7	8	9	11	17	18	1	0	2	4
YGL153W	150	129	153	203	212	168	182	131	130	159	205	117	131	374	243	236	275	225	218	255	76	100	112	180
YGR075C	46	23	46	47	77	54	64	45	57	41	63	32	32	61	18	22	56	45	56	62	14	29	19	30
tT(UGU)G2	7	6	8	4	5	7	6	6	8	7	9	5	4	15	3	0	2	10	4	7	3	5	7	4
YGL169W	643	299	641	374	986	879	851	782	666	602	724	430	336	864	205	273	755	677	778	1011	270	355	260	414
YGR187C	458	244	449	278	668	519	611	497	445	465	527	281	298	803	178	151	579	440	473	536	147	211	158	289
YGL167C	3359	2744	3454	3518	5379	4263	4892	3799	3664	3693	4041	3157	2456	5742	2987	2979	4981	4454	4890	6648	1734	2536	2041	3397
YGR050C	37	51	30	59	50	49	44	42	37	59	28	43	12	39	55	60	30	22	37	38	11	14	25	49
YGR035W-A	1	2	1	1	0	3	6	1	1	1	0	1	0	1	2	0	2	1	1	1	2	1	1	1
YGR217W	1175	1054	1018	1255	2175	1899	1943	1739	1273	1564	1403	1140	719	1846	919	1002	1868	1815	2110	3245	519	770	611	1055
YGR068C	335	428	334	511	527	419	450	403	387	401	380	356	247	631	403	487	411	523	480	745	190	254	186	312
YGR296W	140	304	152	384	414	431	332	381	207	398	188	328	172	575	458	672	456	637	801	989	110	144	354	465
YGR177C	567	138	576	149	1161	632	1025	640	616	222	803	145	322	954	86	123	966	781	714	921	228	416	63	156
YGL068W	874	433	977	555	1292	1183	1264	1059	1018	600	1074	572	521	1406	476	478	937	834	1053	1220	569	558	410	681
tN(GUU)G	0	1	0	2	1	1	0	2	0	0	0	0	0	0	0	1	1	1	2	1	0	1	0	1
YGL018C	145	105	128	165	234	161	226	165	163	113	178	128	103	303	99	128	263	191	195	240	83	108	80	129
YGL188C	30	36	64	53	105	114	78	83	47	72	54	68	24	41	21	34	50	20	31	56	14	12	23	32
YGR126W	145	128	188	165	295	249	313	202	212	219	187	166	93	249	90	108	202	214	193	320	74	107	68	124
YGL065C	554	482	573	619	880	711	865	644	588	518	683	407	301	784	346	387	750	657	693	1014	205	309	223	336
YGL014W	3980	2414	3770	2702	6164	5384	5929	5046	4557	3931	4960	3087	2496	5915	1783	1986	5743	5048	5530	7179	1995	2716	1653	2619
YGL100W	949	670	902	814	1461	1064	1239	914	963	884	1087	666	611	1528	567	586	1212	1055	954	1239	395	583	388	651
YGR288W	109	84	126	115	230	153	192	137	143	141	144	117	124	275	125	141	218	208	186	272	55	96	84	122
YGL174W	134	84	160	109	200	178	183	142	154	94	177	70	104	272	94	92	215	201	185	274	37	84	43	74
YGR211W	1974	1448	2310	1588	3584	2769	3249	2400	2565	2312	2538	1659	1211	3568	1015	1201	2950	2498	2505	3166	1108	1546	980	1636
YGL204C	186	158	167	226	277	246	279	231	211	242	233	189	80	264	138	180	226	154	218	271	88	107	138	227
YGR270W	1701	1280	1786	1792	3144	2551	2711	2285	1902	1877	2266	1288	1261	2882	1249	1278	2514	2477	2427	3428	733	1113	696	1162
YGR204W	5142	4183	4936	5413	10420	10395	8578	8745	6098	6608	6316	5684	4170	8822	3642	4084	9938	9516	10126	11336	3060	4092	3042	4834
YGR266W	617	607	693	766	1364	1458	1203	1288	757	971	834	747	367	999	469	532	1066	1012	1358	1878	260	335	359	616
YGL070C	229	110	212	148	278	202	246	156	233	154	241	124	187	503	153	117	329	307	260	202	126	185	95	185
YGL225W	1166	897	1183	1079	1965	1463	1815	1382	1427	1302	1536	896	946	2322	871	1014	1932	1740	1765	2245	754	1106	727	1150
YGL120C	2636	1030	2502	1306	4083	2803	3562	2430	2592	1851	2601	1136	1610	4314	849	838	3422	3128	2937	3930	1018	1412	820	1340
tE(UUC)G1	0	0	0	0	0	0	0	0	0	0	0	0	0	0	0	0	0	0	0	1	0	0	0	0
YGR252W	236	166	247	250	353	297	335	210	249	246	301	162	154	428	161	181	340	319	278	359	98	133	103	157
YGL106W	698	708	649	909	749	591	626	475	616	800	652	631	623	1577	997	1002	762	768	621	695	343	491	472	865
YGR284C	1410	1248	1475	1594	2412	2072	2191	1913	1754	1755	1858	1443	1335	2873	1521	1738	2349	2109	2366	2897	1047	1459	1255	1875
YGR032W	4724	23371	5087	28700	7079	6033	6377	5333	7276	28822	5888	22562	2147	5588	22134	23981	4152	2622	4182	4782	1861	2529	14417	21825
YGR174C	47	41	75	81	126	126	100	88	71	43	47	44	60	158	91	72	109	119	186	203	54	29	33	64
YGR208W	430	317	408	410	624	606	561	521	464	468	463	306	332	708	282	324	674	454	524	485	176	252	194	305
YGL016W	2362	1463	2448	1924	4290	2809	3713	2480	2687	1911	2951	1367	1530	3943	1367	1387	3434	3044	2825	3658	966	1528	871	1401
YGR255C	1310	1277	1253	1706	2282	2063	2155	1716	1464	1599	1598	1261	669	1720	1129	1141	1564	1489	1702	2504	588	754	680	1101
YGR146C-A	11	5	3	12	16	11	9	6	14	18	11	10	1	10	9	8	11	7	12	14	5	10	6	15
YGL194C	465	702	412	907	578	552	560	469	438	464	557	348	324	758	657	653	502	417	487	526	187	286	236	356
YGL138C	1	2	3	1	3	4	3	2	2	4	5	2	2	6	2	1	6	1	2	2	2	0	3	5
YGR091W	341	224	350	270	497	403	471	356	330	387	479	288	190	549	189	194	422	407	387	488	137	212	210	325
YGR200C	958	493	963	547	1453	1069	1272	900	913	720	1069	507	759	1836	358	361	1314	1261	1133	1522	397	567	308	626
YGR191W	1381	777	1733	884	2463	1972	2580	1996	1778	1241	2183	936	919	2663	597	642	2034	2109	2067	2793	748	1222	570	1003
YGR270C-A	0	3	1	0	0	0	0	1	0	0	0	0	1	2	1	2	0	2	3	3	1	2	2	3
YGL227W	391	481	379	690	686	576	656	538	418	571	545	494	297	652	464	492	588	526	517	725	172	245	240	445
YGR081C	189	75	195	101	284	219	247	190	195	168	273	94	153	531	122	121	361	317	265	345	103	154	96	142
YGL243W	207	127	191	145	258	198	207	162	179	154	209	98	145	449	112	97	287	242	226	284	62	105	75	124
YGL194C-A	158	202	134	355	119	88	105	82	174	517	205	413	111	257	280	270	94	87	78	100	108	169	318	553
YGR148C	2033	977	2086	997	3174	2052	2869	1800	2174	1347	2321	869	2134	4814	825	798	3321	2893	2019	2351	1139	1653	609	1021
YGL136C	51	45	45	61	107	85	107	59	76	78	81	61	58	135	48	46	98	78	83	96	38	44	39	61
YGR276C	338	206	338	271	529	368	504	290	344	302	411	203	262	682	199	226	495	471	351	520	142	236	137	233
YGL129C	749	533	812	708	1338	1173	1255	1026	862	631	962	503	491	1171	481	451	1038	874	1202	1493	475	498	346	571
tR(UCU)G2	21	15	21	11	38	25	50	31	28	22	38	28	26	57	7	14	34	25	19	33	18	19	17	26
YGR053C	45	28	45	59	72	54	64	46	35	36	53	43	32	90	47	34	60	50	61	39	21	28	20	34
YGR069W	8	5	8	7	10	13	19	11	1	9	8	5	1	16	2	10	11	13	17	14	4	6	7	15
YGL224C	421	131	399	175	961	804	854	617	440	307	453	233	372	859	124	132	980	640	738	750	235	246	136	273
YGL193C	91	73	80	80	160	122	146	123	132	36	161	30	58	127	48	56	111	89	90	134	45	71	14	18
YGL020C	248	141	269	187	451	324	402	259	296	186	304	138	158	458	134	113	367	341	265	405	110	154	67	154
YGL177W	276	268	248	324	399	310	374	269	306	384	320	289	119	282	144	177	232	180	236	333	121	151	181	258
YGL189C	6560	4348	6805	4700	9189	7166	8425	6739	7366	5719	7282	4540	6320	12046	4160	4190	9129	8639	7168	7832	5076	6038	3945	5744
YGR122W	346	287	371	379	537	449	514	364	325	429	498	338	208	600	266	289	499	409	437	552	158	258	181	347
YGL003C	353	228	346	361	585	519	583	466	431	392	479	308	214	551	223	241	525	473	510	656	155	279	158	258
YGR210C	549	358	591	415	979	754	871	680	628	515	688	371	422	1131	310	341	883	934	868	1090	325	453	232	446
tG(GCC)G1	0	1	0	0	1	1	0	0	1	31	0	28	1	4	4	4	0	0	1	0	0	0	19	49
YGR079W	584	484	404	424	829	1053	690	922	414	905	581	643	210	650	329	369	795	809	1071	1433	364	370	612	939
YGL115W	1036	594	1034	779	1522	1146	1391	1010	1106	791	1283	595	656	1666	532	531	1299	1068	1075	1340	445	602	400	644
YGL105W	4630	3168	4631	3758	7943	6011	7282	5406	5306	4448	5808	3304	3749	8340	2858	3033	7547	6706	6214	7140	2847	3951	2248	3776
YGR026W	843	692	798	931	1411	1312	1310	1170	967	994	1081	852	608	1457	654	665	1143	1043	1006	1382	351	518	416	694
YGR087C	10	29	11	24	40	28	30	40	21	67	21	38	6	19	24	20	24	18	49	29	4	9	25	37
YGR278W	232	198	244	257	371	300	333	288	219	296	307	232	150	480	191	162	370	364	340	446	88	147	119	198
YGR042W	96	64	98	113	188	152	131	126	116	125	124	90	118	336	131	136	244	200	230	269	66	90	78	132
YGR043C	149	274	169	396	454	522	454	436	170	979	238	789	71	199	285	304	344	164	386	323	51	73	542	834
YGL165C	12	17	10	28	25	19	10	12	19	12	18	8	10	18	14	26	14	15	13	14	6	4	5	8
YGR110W	76	276	124	354	205	355	244	285	128	462	130	408	39	139	206	226	162	120	270	330	37	46	187	293
YGR089W	1145	716	1031	889	1665	1383	1563	1229	1181	1046	1372	836	683	1672	562	677	1468	1441	1459	2039	483	712	434	781
YGL158W	13	16	10	24	31	20	24	14	8	22	12	20	4	18	14	14	18	9	25	28	4	5	9	20
YGR262C	637	430	560	495	833	598	756	581	626	426	692	332	346	863	296	311	661	552	536	632	276	398	216	361
YGL200C	943	776	950	1120	1508	1245	1362	1063	997	873	1009	688	823	1952	892	938	1448	1411	1210	1542	607	800	527	863
YGL117W	446	339	469	449	885	760	822	685	498	936	789	783	503	1346	294	308	1156	688	734	651	270	390	395	668
YGL186C	343	182	350	285	598	697	518	549	440	308	404	235	338	906	238	248	692	630	791	830	203	279	148	264
YGR010W	275	228	308	262	434	377	391	343	286	284	380	232	192	456	140	172	401	310	320	410	123	200	114	162
YGR198W	796	473	768	671	1320	924	1242	820	927	841	1104	557	582	1390	397	425	1177	1084	856	1226	404	601	332	499
YGR137W	817	1135	844	1255	1599	1369	1400	1228	1083	1516	1082	1315	424	1169	822	935	1026	845	1008	1130	458	611	746	1136
YGL058W	1215	1179	1283	1339	1860	1333	1607	1240	1236	1259	1339	955	803	1881	975	1164	1582	1225	1273	1472	645	843	758	1140
YGL226W	28	36	31	49	64	50	86	68	30	38	47	21	24	107	38	42	73	56	48	64	25	30	26	48
YGL055W	10060	2649	8805	2309	13862	6606	11992	6233	11029	3692	11221	2785	11032	21458	1243	1460	18539	16481	7522	9580	7518	10798	2244	3096
YGL184C	328	656	278	749	578	545	638	421	291	1049	330	791	149	286	298	332	530	435	378	645	61	166	327	531
YGL024W	0	0	1	0	3	2	0	6	1	0	1	3	0	0	0	0	0	2	8	6	1	1	0	4
tV(AAC)G3	3	0	2	1	3	2	2	2	0	0	1	2	1	2	3	2	0	1	2	2	1	2	3	3
YGL151W	2149	1643	2095	2040	3525	2532	3127	2211	2300	2108	2812	1536	1219	3016	1262	1341	2700	2409	2231	2986	818	1201	827	1260
YGR101W	186	187	230	262	406	278	430	293	275	274	335	187	164	420	171	243	283	303	302	481	127	192	135	213
YGL230C	6	12	6	19	30	20	18	17	12	46	18	46	14	24	20	19	25	14	32	17	6	6	28	44
YGR103W	2203	707	2369	956	3073	2137	2772	1877	2168	1446	2187	928	1582	4117	665	756	2770	2538	2382	2969	942	1242	723	1143
YGR096W	157	128	171	149	392	316	335	307	218	194	236	165	89	299	118	131	307	283	318	462	124	136	73	194
YGR112W	207	159	237	214	396	380	358	308	251	229	287	179	138	401	148	162	373	344	427	628	129	162	124	219
tI(AAU)G	2	2	6	1	5	1	1	1	3	3	7	3	5	8	2	2	0	6	2	8	2	4	1	5
YGL013C	1362	1406	1344	1800	2456	2400	2264	2085	1625	1940	1823	1468	926	2198	1176	1293	2001	1729	2181	2827	601	880	770	1246
YGL076C	5003	2487	4984	2628	7568	5057	6679	4716	5628	3624	5805	2674	4024	9735	1776	1908	6843	6243	4762	5314	2970	4107	1861	3153
YGR067C	138	201	151	238	247	323	210	292	194	216	224	174	74	184	129	145	214	142	309	381	77	70	90	131
YGR094W	10396	4950	10313	6019	16918	11637	14748	10519	11076	6875	11725	5247	7979	17521	3651	3947	15117	13942	11450	14090	5251	7289	2901	4964
YGL226C-A	804	516	753	605	1037	775	1007	781	869	614	849	508	460	1031	454	460	833	672	675	618	402	559	369	490
YGR045C	16	20	17	26	28	26	18	21	16	19	16	15	4	22	17	19	17	11	14	18	4	11	6	15
YGR175C	3679	2413	3353	3150	6256	3766	5113	3233	4115	3915	4351	2816	3071	7279	2687	2912	6048	5398	4061	4528	1871	2990	2277	3753
YGL008C	37041	19129	37777	20660	52256	39620	46894	38218	44765	19987	44119	16727	31525	57882	14095	15364	45461	41935	37997	42013	26186	33941	8832	14969
YGR115C	3	4	2	2	4	2	6	4	5	2	4	3	2	9	1	3	2	2	3	4	2	0	3	4
YGR108W	19	19	24	24	45	27	27	38	33	20	38	14	32	57	30	40	65	37	34	39	23	20	10	17
YGR218W	4566	3336	4500	3947	7962	6766	7348	5862	5228	4663	5975	3297	3416	7735	2684	2968	6982	6413	6233	7786	2202	3286	1863	3204
YGR205W	145	83	167	146	222	103	199	101	162	96	153	83	109	310	105	108	192	188	148	157	80	120	59	96
YGL073W	1380	1372	1330	1647	2432	2096	2218	1873	1469	1774	1837	1271	676	1900	977	1055	1847	1673	1870	2632	575	767	713	1061
YGL009C	2076	1730	2184	2220	4252	4139	3666	3464	2528	2669	2504	2160	1534	3811	1685	1695	4206	3899	5051	6069	1153	1632	1197	2107
YGL095C	728	615	761	827	1160	915	1078	814	782	771	905	592	514	1506	613	621	1073	1017	903	1248	335	450	365	629
YGL137W	2402	1852	2399	2383	4279	3314	3381	2839	2525	2390	2581	1664	2050	4683	1791	1778	3845	3906	3532	4416	1259	1756	1034	1902
YGL214W	3	1	3	3	11	4	3	8	4	0	6	1	1	6	1	1	5	4	4	1	2	3	0	2
YGR105W	126	85	107	83	183	161	155	142	148	92	120	82	76	259	69	88	162	164	128	122	70	95	53	102
YGR001C	927	530	911	668	1520	1060	1450	942	1127	897	1168	707	491	1232	315	306	1015	846	657	842	357	539	352	492
tK(UUU)G1	3	4	6	5	2	5	5	3	3	2	6	9	0	14	2	3	1	3	4	6	6	3	2	7
YGL217C	0	0	1	0	4	7	6	0	1	1	3	4	0	3	0	1	6	4	4	3	0	1	2	1
YGL173C	6124	4364	6391	5835	10721	8657	9248	7584	6934	5761	7186	4498	4595	10601	4122	4356	8856	8558	9071	11583	3312	4322	2703	4594
YGL086W	583	326	634	424	993	613	972	595	693	456	860	297	373	887	262	267	869	674	643	848	208	346	167	267
YGR223C	333	503	326	738	497	409	440	390	370	499	458	403	234	619	464	554	432	354	340	500	157	229	206	325
tS(AGA)G	1	0	0	0	3	0	1	0	0	0	0	0	0	1	1	0	0	1	1	1	0	0	0	0
YGR077C	1264	1116	1186	1442	1913	1534	1758	1454	1485	1456	1747	1220	716	1717	858	886	1434	1255	1403	1956	607	900	641	1087
YGL052W	42	115	42	154	80	53	69	44	45	428	63	349	22	66	125	144	50	39	52	51	17	25	292	476
YGR285C	2704	1566	2651	1918	4922	3344	4295	3042	3108	2171	3150	1483	1983	4754	1187	1284	3934	4068	3041	4084	1420	1957	808	1483
YGL080W	547	542	547	613	791	664	856	668	682	765	784	596	334	942	451	522	709	542	556	648	307	399	468	685
YGL207W	2834	2286	2832	2828	5394	4361	4695	3700	3150	2909	3458	2077	2013	4578	1878	2069	4343	4276	3888	5245	1366	1875	1153	1930
YGR261C	1519	1204	1615	1501	2579	1825	2239	1698	1714	4544	1979	3180	1123	2758	998	1139	2302	2134	1915	2515	762	1079	1813	3208
YGR226C	0	0	0	0	0	0	0	0	0	0	0	0	0	1	0	0	1	0	0	0	0	0	0	0
YGL140C	2239	1886	2348	2367	3759	3155	3358	2872	2644	2774	2776	2074	1465	3523	1816	1885	3140	2932	3334	4739	1053	1462	1188	2042
YGL078C	1728	718	1720	827	2385	1697	2050	1417	1671	1140	1712	715	1288	3402	654	700	2502	2301	2074	2550	860	1287	699	1120
YGL199C	11	3	9	17	26	30	17	22	17	35	11	16	9	18	9	11	17	8	11	20	5	8	6	22
YGR164W	0	2	1	2	2	1	2	0	1	1	0	0	0	0	0	0	1	0	0	0	0	1	0	3
YGR150C	436	306	501	438	786	683	697	626	468	442	629	294	339	778	347	333	661	567	835	1258	239	271	182	322
YGL006W-A	60	67	66	86	95	100	98	90	57	80	78	56	33	65	51	62	94	78	113	139	38	30	45	48
YGR196C	278	261	295	364	516	417	474	361	316	343	372	253	238	672	366	308	567	535	500	629	158	213	181	278
YGL197W	2020	2462	1993	3214	4133	3975	3813	3596	2538	3463	2746	2691	1298	3248	2053	2231	3120	3109	3377	4695	891	1322	1424	2304
YGR136W	1533	1970	1527	2294	2885	2455	2543	2185	1967	2661	1927	2275	812	2236	1562	1677	1859	1509	1873	2019	793	1099	1352	2114
YGR153W	8	15	14	22	17	19	9	11	8	18	8	15	10	22	39	42	10	11	15	24	2	7	14	45
YGL159W	266	308	263	383	404	273	348	240	278	279	358	179	200	457	291	304	374	293	254	321	101	167	123	202
YGR286C	754	217	761	256	1367	909	1187	776	863	399	883	254	588	1737	156	174	1634	1197	669	917	444	586	140	234
YGL254W	191	170	222	242	360	348	366	281	215	307	272	223	142	411	169	193	354	267	358	395	124	130	142	251
tH(GUG)G1	1	0	1	1	0	1	1	0	1	0	1	0	0	0	0	0	1	0	0	0	0	1	0	1
YGR023W	2501	1468	3285	1756	7581	4981	7862	5382	5065	2822	4582	2383	787	2630	881	985	3702	2250	3103	4514	1133	1567	1158	1597
snR48	20	5	11	7	33	27	26	24	19	10	13	12	10	30	6	11	17	23	20	35	5	16	7	8
YGL063W	120	78	86	96	252	268	229	234	160	150	127	117	110	286	115	135	274	350	384	438	84	114	93	128
YGL154C	130	170	118	211	214	190	223	168	131	212	189	146	74	211	170	150	188	126	172	220	55	95	81	166
YGL035C	408	322	432	435	837	783	761	685	481	483	546	362	251	669	279	287	692	607	687	772	170	253	200	288
YGR009C	733	521	724	692	1306	873	1090	756	759	612	871	457	503	1239	497	512	1080	983	864	1157	305	427	347	458
YGR034W	3070	1342	3066	1444	4223	2955	3974	2763	3238	1780	3255	1319	2563	5482	945	982	4315	3812	2815	3094	1928	2481	1038	1556
YGL064C	300	160	301	164	487	514	474	408	311	265	359	186	183	485	147	158	415	383	517	695	142	152	122	223
YGR118W	2169	1139	2290	1356	3209	2046	2910	1889	2301	1616	2254	1107	2448	5207	1210	1180	3662	3272	2492	2608	1563	2049	1163	1856
YGR277C	170	181	210	290	336	302	288	250	198	235	199	153	166	510	227	259	347	378	387	435	142	165	124	236
YGR232W	261	214	276	320	510	470	445	366	310	276	337	219	187	612	262	293	532	425	504	516	182	246	182	325
YGR227W	1429	1309	1405	1565	1668	1424	1714	1305	1634	1324	1868	1034	840	2034	1068	1207	1316	1248	1378	2014	748	1036	629	1053
YGL142C	812	525	811	722	1295	1016	1165	874	924	798	949	672	573	1316	545	592	1044	936	1041	1459	419	645	424	689
YGL143C	354	241	359	296	515	458	462	400	375	225	413	180	225	536	205	185	386	319	477	580	167	183	111	199
YGR222W	210	162	206	245	314	272	289	296	212	259	260	213	152	362	165	150	252	204	246	294	109	102	114	188
YGL045W	334	248	358	279	605	531	544	515	402	388	436	302	174	505	189	213	479	350	444	489	159	207	158	250
YGL253W	12926	9895	13159	11496	17705	11626	15837	10843	14370	12894	14971	10597	9561	20089	8374	9222	14088	12356	9318	10688	7221	9027	6215	9892
YGR257C	270	239	309	305	462	443	402	386	344	345	341	238	200	509	219	220	386	392	434	548	135	191	148	274
YGL131C	829	680	837	805	1462	1229	1416	1108	981	925	1132	706	564	1370	610	678	1394	1386	1344	1932	421	609	386	659
YGR064W	17	16	17	15	35	35	29	32	20	23	28	19	6	26	8	7	16	20	18	39	8	12	7	20
YGR263C	242	195	271	270	425	350	398	341	269	229	302	193	167	445	214	252	381	380	361	583	136	184	129	242
YGL049C	2612	1898	2431	2134	4310	3118	3872	2870	2775	2384	3348	1671	1694	4034	1476	1650	3970	3223	3150	4270	1108	1665	1051	1780
YGR296C-B	1	2	1	1	4	4	2	2	2	3	2	2	1	4	1	1	2	1	4	3	0	1	2	3
YGL202W	4805	3873	4992	4814	9389	9188	8397	8257	6387	6162	6669	4908	3922	8973	3224	3514	8321	7168	8584	8915	3088	4152	2497	4453
YGL258W-A	20	26	31	27	80	51	89	56	35	26	50	26	20	41	17	26	61	53	51	69	10	23	11	17
YGR133W	76	77	84	92	147	157	157	114	96	88	88	84	60	166	101	84	182	156	212	266	59	66	54	139
YGR109C	56	19	54	17	189	347	123	270	58	31	76	27	29	81	15	28	102	58	169	184	36	36	11	9
YGR037C	3037	4225	2928	4701	3836	3499	3891	3497	3184	4069	3471	3388	2186	4621	3762	4164	3500	2562	2887	3053	2056	2507	2867	3821
YGL077C	990	707	1067	1001	1744	1797	1543	1532	1231	1387	1317	967	852	2065	766	900	1618	1653	1990	2649	672	885	704	1177
YGR111W	413	374	416	493	704	575	614	492	500	548	578	388	326	821	398	410	629	558	519	679	163	247	223	404
YGR016W	50	45	42	57	56	54	80	38	41	60	59	43	45	112	44	39	66	56	55	63	14	28	22	41
YGR245C	1113	386	1111	463	1571	1210	1347	1011	993	636	1079	425	782	2101	398	448	1520	1654	1590	2198	452	650	383	683
YGR287C	133	95	140	133	385	286	291	224	152	167	183	125	71	226	87	119	277	198	247	309	59	75	92	103
YGL244W	242	166	238	235	394	281	342	277	216	202	237	154	249	606	238	219	461	484	399	470	117	192	102	152
YGL057C	156	186	168	252	260	253	262	209	183	228	214	191	59	205	148	144	184	146	208	267	77	95	95	183
YGL187C	1008	838	1101	1063	1743	1840	1708	1683	1281	1485	1280	1210	673	1590	916	958	1297	907	1494	1690	771	718	1107	1484
YGR180C	4921	4304	4771	5030	7640	5055	6555	4594	5709	6230	5583	4380	3616	8473	3782	3996	6556	6085	3858	5012	2127	3244	2338	4011
YGR116W	4555	2693	4522	3583	7345	4825	6432	4316	4560	3917	5314	2816	3346	7661	2326	2423	6654	5919	4805	6780	1977	3031	1763	2717
YGL181W	188	188	197	286	334	267	344	214	228	273	229	195	168	469	255	258	333	355	322	357	111	163	142	230
YGR202C	553	310	541	408	922	677	866	628	605	438	720	316	429	1114	297	319	1087	829	778	864	262	385	216	364
YGL127C	458	448	362	549	685	651	650	504	517	738	498	559	255	748	537	526	668	510	594	736	284	416	489	785
YGR203W	131	114	130	135	282	296	281	253	239	183	210	153	78	290	140	150	293	239	341	396	94	148	94	152
YGL150C	2710	1647	2801	2227	4937	3620	4344	3323	2946	2511	3410	1773	1930	4601	1494	1594	4260	3910	3857	4899	1298	1850	1003	1801
YGR134W	648	438	640	605	1183	838	1075	793	704	663	895	475	438	1145	411	412	1109	1125	925	1465	340	401	247	441
YGR095C	461	254	498	335	669	516	629	371	417	367	453	275	298	886	245	300	637	598	465	634	208	245	249	394
YGR214W	7683	3873	7402	3980	10405	7743	9713	7257	8666	5788	8779	4429	5432	11429	2513	2447	8839	7712	6187	6845	4386	5689	2981	4263
YGR269W	18	15	19	21	35	20	24	35	26	33	31	26	18	47	21	22	23	21	19	38	20	12	17	19
YGR176W	2	6	2	3	9	4	8	2	2	6	2	0	1	4	3	3	4	3	2	5	4	4	2	7
YGL263W	148	130	179	138	333	288	298	224	182	172	205	138	102	247	110	124	287	314	275	437	52	100	73	124
YGR057C	120	111	111	152	172	133	151	122	97	150	135	114	107	283	154	165	198	156	168	214	66	95	102	160
YGL074C	2	1	1	2	2	1	3	3	2	1	2	2	2	3	1	2	2	5	4	8	0	0	1	0
YGR007W	693	499	658	658	1036	729	933	661	656	697	788	521	503	1262	500	549	996	899	839	1125	332	481	371	648
YGR241C	1457	1794	1432	2004	2282	1913	2114	1776	1633	2285	2077	1592	1026	2667	1743	1747	2310	1864	2181	3052	820	1185	1175	1776
YGR127W	694	679	755	820	1320	972	1282	926	963	953	1056	717	352	1043	498	509	954	845	852	1181	329	410	402	559
YGL219C	854	841	851	1152	1566	1346	1500	1258	978	1059	1217	891	528	1428	687	717	1424	1103	1185	1484	415	540	467	768
YGL061C	118	389	107	542	110	66	96	66	77	119	98	75	80	187	321	373	72	75	84	91	31	56	46	84
YGR083C	1716	929	1656	1053	2707	1961	2376	1766	1799	1434	2013	1001	1153	2940	751	776	2496	2038	2033	2324	702	1031	593	969
YGL038C	977	812	983	1031	2023	2263	1759	2116	989	1077	1339	853	659	1602	672	722	1875	1400	2183	2698	552	768	541	905
YGL047W	46	109	51	148	117	119	92	90	51	137	60	95	40	121	126	102	66	89	74	99	33	47	54	105
YGR244C	1051	1257	1093	1812	2103	2378	1765	1968	1143	1769	1323	1516	1240	2490	1857	1792	2504	2600	2824	3110	801	973	1055	1842
YGR289C	47	26	56	43	92	59	62	58	62	38	78	33	34	103	37	34	71	73	70	83	31	36	19	40
YGL089C	330	2222	318	2432	27	16	14	20	113	154	116	87	294	800	1960	2419	4	4	6	2	146	207	48	115
YGL180W	395	565	493	756	799	707	761	642	451	734	556	584	268	624	455	493	583	507	559	913	140	252	318	460
YGR146C	2817	3359	2840	3853	4221	3892	4014	3586	3302	3673	3419	2855	1432	3654	2610	2772	3594	2455	2983	3599	1337	1742	1895	2506
YGL149W	0	1	0	0	2	2	0	2	1	1	2	0	0	0	0	0	2	2	3	1	1	0	0	0
YGL242C	291	366	312	485	486	475	562	442	313	602	399	403	200	539	340	346	481	340	394	434	116	183	234	448
YGR106C	1520	837	1520	953	2207	1607	2023	1440	1596	895	1694	783	1309	2923	789	876	2252	2144	1840	2183	970	1362	630	1004
YGR004W	290	139	254	188	392	299	325	266	246	209	304	178	204	572	175	181	436	454	389	561	156	226	124	231
YGR209C	742	1030	798	1449	1330	2076	1276	1985	902	1644	888	1561	483	1135	1158	1322	956	806	1948	1797	683	557	999	1643
YGR052W	388	130	643	156	1452	815	1644	882	897	271	674	219	109	400	69	82	454	173	448	560	148	166	97	128
YGR158C	124	78	152	119	254	177	196	143	138	112	155	94	128	458	89	110	317	327	276	369	95	130	92	190
YGR003W	351	240	321	342	610	446	524	357	324	362	394	265	258	672	270	247	558	549	500	710	159	240	146	295
YGR219W	8	6	2	8	11	7	7	12	7	6	2	2	2	2	0	0	1	2	1	0	0	0	0	0
YGL247W	101	86	136	100	209	140	177	129	146	130	154	108	97	257	102	108	170	168	168	230	84	108	60	140
YGR170W	1248	977	1175	1341	2114	2018	1953	1784	1382	1388	1651	1003	898	1997	964	1027	1964	1791	2145	2693	614	855	600	1037
YGR246C	348	309	359	417	541	456	497	357	324	345	438	260	320	757	374	369	592	556	519	641	158	274	173	278
YGL183C	6	6	9	12	14	10	12	11	5	6	7	10	8	16	7	9	7	5	6	11	1	1	6	13
YGR160W	0	0	0	1	2	2	2	0	2	0	1	0	0	1	1	2	0	1	4	0	0	0	0	0
YGR204C-A	4	2	3	2	3	6	11	5	5	8	6	1	2	3	2	1	3	2	8	6	2	3	1	0
YGR039W	105	158	97	224	50	68	58	78	87	156	145	85	57	145	112	145	68	34	63	72	52	97	68	90
YGL059W	419	258	432	323	791	723	724	666	460	599	599	460	365	952	277	274	927	660	704	855	212	341	303	437
YGL123W	10804	5267	11043	5830	15806	11035	13810	9856	11782	7280	11600	5365	8386	18293	3530	3519	13766	12175	9640	11489	6617	8637	3659	5555
YGL099W	888	438	805	543	1314	1020	1128	824	777	592	852	442	596	1599	414	420	1247	1242	1058	1506	366	539	290	500
YGR102C	139	114	139	195	296	314	275	295	172	207	196	170	127	379	199	194	292	292	342	433	94	82	128	208
YGL233W	790	557	812	725	1282	887	1123	800	858	746	949	587	546	1422	498	559	1039	1009	854	1220	338	514	330	578
YGL072C	6	6	3	2	7	8	7	10	5	4	6	4	6	6	2	3	4	3	3	11	1	2	3	4
YGL056C	1796	1558	1783	1749	3381	3312	3297	3181	2138	2601	2706	2065	1013	2787	1025	1140	2842	2460	2763	3477	940	1264	975	1635
YGR104C	224	179	225	241	361	289	338	238	232	246	291	217	154	405	164	182	296	278	276	346	84	157	111	202
YGR240C	14704	7868	14471	8824	23166	15508	20240	14329	16709	10933	17696	8803	11537	23442	5575	6191	20236	18326	14011	15831	8381	11584	4920	7916
YGR243W	27	88	18	123	50	59	54	56	24	130	31	143	31	73	111	122	62	58	61	76	16	30	107	153
YGR275W	236	168	230	199	337	252	324	239	263	207	273	167	144	420	176	152	273	248	236	238	74	128	101	158
YGL088W	71	100	78	97	115	90	86	106	83	82	62	70	53	154	52	70	97	191	66	64	31	33	22	54
YGR020C	1115	767	1129	999	1595	1085	1431	1006	1171	924	1242	756	1248	2765	1119	1022	2046	1837	1366	1648	714	1109	673	1150
YGR100W	555	498	568	720	971	784	824	667	653	707	753	532	514	1130	551	550	903	875	786	1026	217	402	289	510
YGR231C	325	298	392	401	636	622	575	561	393	365	386	261	281	744	405	407	583	630	781	914	214	236	174	357
YGR215W	60	40	71	55	120	104	118	95	68	60	87	40	68	173	85	70	93	100	145	145	46	52	48	65
YGR018C	12	9	12	14	33	20	28	18	8	10	16	10	2	10	4	12	16	15	17	19	7	8	6	10
YGL152C	5	0	5	3	22	15	10	9	8	2	8	8	4	8	4	5	7	3	3	10	2	1	2	3
YGL212W	82	68	77	101	144	95	111	85	72	96	107	56	63	178	73	77	164	169	137	190	44	61	38	75
YGL066W	468	349	471	455	883	612	776	534	503	461	625	355	349	917	381	376	915	820	726	945	200	338	207	330
YGL060W	926	2939	768	3731	703	590	614	496	712	948	883	626	670	1475	2723	3174	524	540	528	630	333	490	353	575
YGL185C	135	130	181	216	270	211	236	177	179	230	207	159	121	371	149	155	256	227	204	234	74	102	97	162
YGR145W	509	235	558	282	873	607	717	500	527	392	505	227	450	1208	242	273	856	775	811	916	234	324	181	307
YGL011C	1150	1055	1116	1276	1793	1517	1642	1310	1180	1262	1249	1071	837	2129	999	1138	1594	1450	1318	1641	598	779	775	1191
YGR147C	157	87	153	118	264	223	257	196	196	170	190	118	118	329	112	118	244	267	227	322	86	106	84	144
YGR036C	286	169	281	221	400	261	402	228	270	264	334	192	162	470	149	183	411	371	325	416	176	240	142	233
YGL122C	2930	2195	2336	2056	4110	2971	3599	2578	2456	2824	2775	2095	1949	5069	1955	2762	4741	3251	4564	5066	1438	1495	1848	2702
YGL261C	2	2	2	7	18	9	10	7	5	9	3	4	1	6	6	4	17	11	9	18	2	3	4	5
YGL041C	1	1	2	3	9	7	4	3	3	3	1	1	0	3	1	2	5	2	2	1	1	2	2	5
YGR099W	116	101	118	167	192	149	160	128	111	173	136	99	84	239	110	101	180	160	154	173	51	82	48	107
YGR046W	422	508	383	671	662	667	608	537	418	655	472	499	318	747	554	579	650	573	629	843	212	297	388	496
YGL188C-A	44	26	40	21	73	66	52	49	70	71	72	53	40	77	14	22	67	52	86	74	33	37	30	69
YGR216C	700	555	746	718	1185	1003	1166	919	933	876	1090	649	451	1083	474	505	1012	887	1081	1492	369	502	398	685
tG(UCC)G	0	0	1	2	1	0	0	1	2	1	0	0	0	2	0	1	1	2	0	1	0	1	0	1
YGR047C	313	295	270	363	518	469	467	376	283	399	413	273	277	647	322	348	526	571	511	734	133	201	168	316
YGR238C	260	250	254	401	470	356	432	330	320	325	382	223	173	463	317	300	438	378	421	627	139	202	140	264
YGR282C	3586	3397	3783	4207	6117	5611	5690	5091	4416	5029	4311	4299	2904	6656	3867	4129	5542	5500	5918	6746	2806	3376	3255	4952
YGL132W	1	1	0	3	4	1	6	6	0	5	2	2	1	3	1	1	2	4	4	8	0	2	1	0
tA(AGC)G	0	0	0	0	0	0	1	0	0	0	0	0	0	0	0	0	0	0	0	0	0	0	0	0
YGR169C	138	82	147	121	239	224	205	152	139	103	167	77	124	287	106	103	214	205	240	302	73	92	56	90
YGR063C	77	59	99	84	153	117	129	103	114	62	91	83	92	238	76	89	139	150	152	124	77	86	81	113
YGR256W	103	114	111	138	335	405	309	338	133	210	152	141	73	168	107	102	220	171	324	323	44	73	105	125
YGL036W	1426	2062	1378	2551	2000	1954	1858	1843	1467	2250	1685	1647	837	1924	1588	1751	1519	1324	1745	2510	502	818	869	1384
YGR192C	35890	30423	36685	33845	51876	42626	47853	41042	42319	39217	41931	34947	30480	52762	27629	30904	43251	43051	38151	41317	26198	33579	26303	37333
YGL191W	719	703	835	904	1333	1332	1343	1230	898	1034	1027	883	421	1135	664	672	903	672	1051	1042	414	418	545	863
YGR051C	5	4	6	9	7	3	6	3	4	6	6	3	2	5	2	7	1	2	3	5	0	0	2	3
YGR013W	399	344	396	480	642	467	578	436	445	517	481	310	298	767	354	332	640	629	541	802	197	277	227	362
YGR123C	671	177	683	197	1001	740	886	534	740	173	792	93	511	1419	124	106	925	886	794	938	301	407	66	139
YGL209W	1204	1343	1333	1612	2875	2512	2599	2310	1751	1981	2076	1569	646	2267	978	1122	2040	1756	2159	2311	708	827	961	1241
YGL163C	351	343	337	448	610	589	550	457	365	439	397	304	274	640	342	421	591	568	610	801	164	271	226	295
YGR296C-A	0	0	1	0	0	0	0	0	0	0	1	0	0	2	0	1	0	1	0	1	0	0	0	1
YGL178W	5268	6060	5102	7305	8380	7213	7753	6801	6102	6564	6721	4937	2624	6568	4371	5022	6184	4938	5804	7498	2242	3064	2834	4237
YGL092W	3091	2138	2901	2533	4835	3793	4555	3398	3305	2739	3704	1993	1964	4774	1658	1737	3976	3916	3711	5320	1336	1952	1150	1774
YGR132C	542	421	682	604	1172	1033	986	822	670	545	671	446	473	1370	571	527	1038	1015	1124	1474	420	405	322	663
YGL208W	196	240	226	292	474	415	453	409	294	374	308	294	136	336	198	178	329	292	342	431	116	160	131	219
tL(GAG)G	0	3	0	0	1	2	0	1	2	0	1	2	0	0	0	1	0	0	0	0	0	0	0	1
YGR059W	12	3	12	5	21	7	14	15	12	3	10	9	9	23	5	7	18	5	20	13	6	1	4	4
YGR114C	0	1	1	1	0	0	1	0	1	0	1	1	0	1	0	0	0	0	0	1	0	0	0	1
YGR128C	2181	946	2130	1141	2731	2231	2608	1881	1955	1440	2397	972	1518	3923	814	868	3013	2462	2287	2982	986	1287	750	1274
YGL246C	360	225	364	254	548	433	476	321	354	326	405	243	256	642	154	175	442	384	357	440	140	188	142	237
YGL190C	667	633	683	790	985	790	932	666	672	963	795	624	484	1192	571	577	960	819	816	976	290	461	410	691
YGR033C	600	498	624	651	841	704	813	557	637	671	750	472	391	983	439	431	776	605	591	751	270	380	294	477
YGL112C	493	425	543	491	803	558	677	521	616	562	631	414	411	1031	435	434	851	726	655	758	272	414	218	449
YGL001C	839	658	913	903	1682	1293	1454	1037	984	1058	1125	764	683	1727	632	697	1528	1242	1224	1405	412	613	495	868
YGR168C	23	45	30	74	36	42	51	35	23	97	33	89	16	62	51	50	35	27	46	42	21	13	49	79
YGL093W	266	394	317	562	446	383	450	352	339	414	366	339	184	520	417	462	420	385	413	573	142	210	202	333
YGR120C	312	234	302	230	441	336	437	318	333	302	390	204	184	548	183	181	399	320	338	375	137	189	154	230
YGR027C	2238	1492	2374	1554	3371	2479	2982	2485	2574	1696	2380	1309	1710	3506	731	769	2573	2362	1692	2034	1163	1508	784	1183
YGL259W	39	44	55	58	173	96	158	79	56	36	70	45	30	93	48	32	133	111	117	160	20	50	26	44
YGR294W	17	28	23	28	36	27	42	24	35	36	28	29	12	56	34	29	39	38	49	59	12	17	24	32
YGR124W	5643	4446	5937	5558	10898	8781	9491	7960	7025	6464	6930	5014	3748	9830	3759	4007	8529	7818	8378	9504	3474	4272	3004	5187
YGL103W	3733	2084	3973	2402	5568	3936	4741	3603	3934	2742	3698	2108	4542	9255	2257	2205	6731	6457	4707	4823	3231	4179	2068	3261
YGL062W	2696	3281	2801	4121	5649	5444	4988	5115	3410	5781	3757	4400	1911	4226	2527	2710	4600	4052	4230	5572	1609	2031	2131	3424
YGR049W	589	332	596	387	1422	1076	1316	963	780	573	862	449	464	1405	402	436	1535	1240	1297	1705	310	513	356	604
snR39	36	25	38	33	64	53	54	40	30	38	35	22	48	128	29	41	82	82	80	80	38	50	25	46
YGR076C	297	167	291	216	387	399	448	330	336	245	378	205	141	375	137	147	311	220	264	270	134	145	116	155
YGL161C	614	510	614	725	926	747	922	662	690	696	686	547	442	1161	608	631	832	764	776	943	300	421	352	598
YGR062C	341	209	330	272	513	295	404	289	376	244	418	218	180	517	180	198	385	321	345	429	184	252	172	284
tV(AAC)G1	3	0	2	2	1	1	2	1	0	2	1	4	1	3	3	0	3	2	1	1	1	1	0	2
YGL237C	159	182	158	162	278	228	278	185	195	225	226	212	87	247	127	130	216	186	186	303	77	102	96	185
YGR024C	298	263	295	282	352	271	355	212	280	301	307	220	220	556	233	204	340	282	229	294	103	154	134	183
YGR184C	2660	2576	2789	3501	4941	4189	4478	3868	3057	3748	3561	2700	2069	4717	2424	2613	4302	4215	4329	5978	1462	1970	1712	2678
YGR292W	32	31	31	55	82	67	74	61	36	51	43	37	19	63	37	50	58	38	93	91	18	24	20	37
YGR151C	52	64	49	58	86	81	78	67	47	66	71	56	25	75	46	51	75	59	82	89	21	32	28	59
YGL034C	4	10	9	12	8	10	10	8	2	2	7	7	2	14	10	10	8	7	12	18	3	3	2	2
YGL067W	447	262	470	382	706	520	644	470	517	433	587	327	386	963	271	292	660	623	543	704	267	334	205	374
YGR072W	239	126	283	180	413	272	353	230	254	202	293	144	193	460	128	130	354	312	263	286	105	134	86	116
YGL229C	216	143	214	206	482	262	449	208	281	208	363	138	122	324	121	136	331	307	252	361	93	133	73	114
YGR055W	718	2019	885	2236	1653	2159	1699	1921	1130	3170	1311	2318	456	1027	1250	1432	1465	1225	1544	2946	330	474	1080	1691
YGL044C	273	252	258	290	427	291	335	284	241	262	284	220	218	597	253	283	475	367	372	404	118	194	146	262
YGL054C	787	512	804	610	1158	1017	1236	912	933	954	948	708	588	1388	512	536	1208	988	1070	1284	481	645	628	905
YGL119W	213	170	272	223	451	391	385	334	238	264	258	159	159	440	167	163	350	346	392	549	121	160	103	169
YGR068W-A	0	0	0	1	2	1	0	4	1	0	0	0	0	4	0	0	0	2	1	1	0	0	0	1
YGR206W	190	132	192	138	246	174	274	171	214	173	262	124	115	292	102	108	229	177	128	153	72	118	66	127
YGR121W-A	3	0	3	1	2	6	5	2	6	3	3	0	2	4	0	2	5	0	6	5	3	0	2	1
YGL130W	340	277	350	398	625	483	512	380	346	485	440	301	215	541	243	242	470	413	432	530	135	196	181	292
YGL042C	2	0	2	2	2	4	2	2	1	2	0	0	1	0	1	1	0	0	1	2	1	1	1	0
YGR090W	6504	2887	5820	3381	9637	7906	9328	7189	6682	5445	7777	3229	4294	9726	2149	2392	9142	7345	7836	9372	3049	4236	2264	3574
YGR221C	149	370	157	470	160	209	150	183	164	354	197	240	117	275	329	413	174	117	214	253	89	101	150	261
YGR143W	1430	754	1431	958	2003	1320	1769	1157	1560	1031	1794	811	1125	2848	920	919	1998	1840	1692	2312	923	1205	617	1001
tR(UCU)G1	4	3	1	5	6	2	6	6	7	7	3	5	2	7	0	0	5	5	3	4	1	4	4	4
YGL218W	0	0	2	0	0	0	1	3	0	0	0	1	0	0	1	0	0	2	0	2	0	1	1	1
YGL198W	358	310	355	450	630	442	537	376	444	497	458	348	256	712	393	387	512	431	442	502	188	312	188	374
YGL083W	715	518	682	590	1112	859	992	738	726	714	938	512	442	1116	437	426	1079	923	931	1330	349	495	302	554
tC(GCA)G	0	0	0	0	2	0	1	0	0	0	0	0	0	0	0	0	0	0	0	0	0	0	0	0
YGR071C	588	369	527	534	866	611	727	573	582	535	631	389	411	936	373	368	820	784	646	981	232	395	238	386
YGR259C	9	6	10	10	15	18	15	19	12	15	11	10	8	17	6	16	13	15	20	14	5	10	6	8
YGR058W	440	257	452	302	790	556	723	530	463	386	530	299	292	835	231	276	690	652	650	752	228	315	201	367
YGL195W	17262	11635	17094	14695	28420	20316	24730	18400	20125	16825	20790	12350	12431	26619	9135	9681	22534	22371	19286	25691	8071	11695	6536	11161
YGL192W	3	33	4	32	2	4	1	1	9	2503	16	1926	4	8	24	40	2	3	3	3	7	11	1265	2149
YGL206C	10928	8457	10632	10998	18287	15812	15906	13777	12106	12542	13699	8856	8074	17778	7399	7706	16034	14608	14459	18078	5364	7361	4765	8166
YGR060W	5085	2624	5023	2655	9894	6949	8842	6593	6395	4802	6570	3798	3329	8385	2091	2527	8964	7458	8274	9615	2281	3583	3000	4287
YGL257C	344	384	355	526	386	298	341	299	294	400	333	289	280	639	448	472	352	373	389	529	157	220	220	391
YGL236C	347	187	402	239	780	956	708	821	447	369	498	292	297	773	222	224	772	666	1237	1383	332	330	202	385
YGR138C	5018	3150	5961	3252	8377	5378	8348	5433	7371	3830	6235	3511	3017	9274	2554	2982	5933	5950	6066	7118	3249	3681	1993	3025
YGR015C	162	164	134	204	230	185	216	166	173	234	202	149	91	213	124	161	201	164	190	228	62	95	90	134
YGL023C	375	384	356	432	752	607	652	588	481	565	532	433	251	734	369	421	680	639	701	901	183	277	239	408
YGL144C	288	204	230	257	387	293	354	240	254	311	307	204	198	454	176	190	357	314	290	319	109	177	132	191
YGL071W	1010	824	792	974	1518	1763	1478	1734	995	1381	1287	934	636	1497	705	773	1425	1233	1666	2211	360	674	512	907
tK(CUU)G3	2	1	0	1	4	1	6	2	1	1	2	0	0	1	0	1	1	1	2	0	0	1	0	0
YGR080W	497	616	498	815	864	713	887	631	601	797	639	662	262	824	457	501	659	633	511	636	214	325	324	551
YGL116W	423	838	395	1052	272	332	270	273	427	595	540	427	275	749	802	780	263	222	314	425	199	270	243	333
YGR035C	40	13	37	12	67	40	83	36	45	36	43	12	38	128	14	7	112	87	62	52	20	55	17	25
YGL201C	529	316	594	403	1049	772	836	644	580	466	696	335	353	984	278	309	946	879	862	1285	254	371	218	345
YGR212W	116	108	129	132	182	170	174	138	133	161	153	121	118	310	117	141	233	192	229	240	78	109	68	117
YGR154C	121	100	124	132	201	161	185	149	150	136	161	129	93	191	101	123	211	150	163	230	47	98	61	102
YGL241W	776	542	757	741	1324	928	1232	820	756	845	1131	505	520	1330	490	469	1181	967	921	1258	333	520	388	564
YGL262W	7	4	2	7	27	23	31	19	21	12	18	10	9	9	5	6	29	37	26	48	2	4	6	5
YGR247W	107	62	121	75	194	153	187	146	143	120	145	81	62	181	45	51	131	106	109	176	49	64	45	93
YGR199W	418	399	422	512	771	581	646	501	453	535	525	394	351	840	468	481	630	724	718	1060	241	328	257	466
YGL260W	0	0	0	0	0	0	0	0	0	0	0	0	0	0	0	0	0	0	0	0	0	0	0	0
YGR179C	98	98	105	142	184	143	157	151	120	112	167	86	85	184	92	87	186	121	167	189	46	63	57	94
YGR011W	119	83	132	94	167	114	148	128	124	123	149	91	71	180	47	57	140	115	116	130	36	78	41	60
YGL111W	443	225	500	329	711	664	662	510	466	425	486	277	322	938	171	209	682	717	609	876	184	298	158	319
snR39B	85	45	88	53	117	92	125	97	94	47	72	37	33	128	17	26	104	102	82	109	36	60	20	35
YGR073C	25	12	27	26	38	30	28	27	30	27	39	18	19	46	20	16	34	26	37	30	17	24	11	11
YGR155W	6334	3777	6525	4179	10152	7575	8907	7193	7209	5899	7563	4359	4218	10157	2566	2756	8389	6476	6935	8162	3523	4305	2918	3980
YGL114W	467	310	523	390	893	836	777	730	582	467	593	383	344	853	255	294	776	806	863	1215	265	351	198	377
YGL255W	112	43	135	71	248	127	185	96	103	61	124	65	140	303	46	49	242	219	203	207	74	125	44	62
YGR066C	14	9	10	18	15	10	20	11	14	20	15	15	7	15	11	5	10	8	12	17	3	4	10	14
YGR233C	2696	928	2557	1238	4473	2746	4208	2390	2951	5460	2982	4138	1708	3973	821	952	3399	3065	2564	3237	1248	1412	2507	4226
YGR092W	422	792	409	1075	383	383	383	363	468	967	480	689	237	703	771	868	288	262	328	422	160	247	421	645
YGL041W-A	265	180	252	247	328	249	335	227	283	255	319	166	208	525	216	249	320	249	236	288	136	149	155	259
YGR171C	366	320	423	427	620	566	580	499	458	400	521	317	264	553	306	260	439	402	500	811	163	205	157	271
tW(CCA)G2	4	0	1	3	2	2	0	4	1	2	2	3	2	8	0	1	2	2	1	2	0	2	0	2
YGL171W	557	188	604	239	785	588	744	492	500	339	631	230	391	1161	158	202	818	792	711	1043	254	316	152	271
YGL029W	174	66	210	85	185	148	201	112	153	108	184	70	164	344	94	77	238	200	167	165	62	84	56	94
YGR040W	285	385	249	495	320	310	309	279	269	651	382	498	224	564	371	395	352	285	354	488	135	209	317	505
YGR220C	173	151	241	195	383	363	329	278	240	206	257	146	142	390	173	118	305	242	320	476	114	129	113	196
YGR268C	586	1050	716	1294	1105	975	1058	942	914	1463	942	1243	284	888	731	855	809	594	755	976	306	457	692	1046
YGL147C	5651	2345	5860	2409	8470	5474	8063	5261	6689	3374	6922	2301	5189	10953	1417	1356	8356	7299	4737	5652	3634	4852	1609	2406
tK(CUU)G1	1	1	0	1	0	0	0	1	1	1	0	1	0	0	0	0	0	0	0	0	0	1	0	0
YGR144W	10	19	14	21	37	31	25	28	12	48	14	40	4	14	14	20	17	10	35	27	5	7	22	41
YGR178C	861	819	938	990	1455	1072	1227	983	897	905	1036	763	706	1977	862	941	1336	1450	1342	1788	448	683	440	830
YGR113W	140	127	121	166	200	118	155	99	130	134	131	109	99	234	149	126	207	168	175	207	63	88	58	123
YGL203C	898	664	897	862	1499	1180	1420	1149	895	843	1134	672	620	1478	649	659	1435	1277	1408	2080	367	586	381	578
YGL048C	764	726	754	976	1200	897	1044	775	751	865	827	668	587	1446	635	711	956	990	797	1071	289	415	349	634
YGR207C	350	354	405	544	651	704	547	557	368	385	411	362	296	708	494	436	658	482	637	702	179	235	241	380
YGR258C	235	227	257	295	506	435	445	324	240	266	292	220	180	466	261	279	492	560	494	832	144	176	129	254
YGL091C	175	139	179	205	308	263	269	227	168	203	205	149	130	354	158	156	248	238	241	272	86	123	102	201
YGR093W	296	173	317	223	437	334	378	290	295	202	353	150	251	637	156	151	515	428	372	440	137	191	112	174
YGR119C	419	323	445	416	767	622	626	501	448	455	505	338	391	1121	371	413	833	905	836	1019	239	317	195	373
YGR213C	60	407	73	407	81	58	74	69	68	390	53	301	28	71	259	308	32	30	20	42	10	20	192	317
YGR061C	6503	3151	6148	4254	11593	11743	9523	9433	7329	5295	7451	3678	5616	10254	2551	2743	11205	9521	10837	11814	3322	4554	2099	3272
YGL182C	5	6	12	8	14	14	9	7	11	5	9	2	4	4	2	3	11	7	4	12	1	2	2	3
YGR139W	0	0	0	2	2	1	1	1	0	1	0	1	1	3	4	5	1	2	5	3	1	0	0	6
YGR121C	115	168	134	222	198	135	208	135	165	410	131	307	74	187	114	139	248	180	150	203	51	87	174	250
YGL043W	737	445	829	572	1427	954	1233	861	895	703	1098	503	529	1474	407	447	1116	1060	956	1252	353	471	303	529
YGR280C	242	88	254	120	367	272	326	209	240	115	279	73	182	587	96	83	421	386	383	421	90	131	62	101
YGL085W	76	80	99	83	133	98	122	89	78	101	75	64	59	144	62	58	105	91	98	119	35	40	40	75
YGL031C	3387	1639	3512	1857	4850	3168	4445	3044	3726	2400	3835	1636	3176	6606	1322	1241	4562	4114	2915	3197	1874	2476	1096	1809
YGR117C	672	799	644	1010	947	902	870	702	697	1089	909	791	550	1320	880	947	936	700	923	953	310	471	501	830
YGR254W	8925	7120	9161	8800	19522	13594	16482	12615	12015	14434	13178	12972	6989	16341	6682	7876	15974	15016	11643	11270	6566	8751	8026	12462
YGR235C	368	431	371	646	641	700	570	572	386	648	444	504	308	742	634	625	642	562	697	786	261	337	439	787
YGL124C	184	144	187	197	298	253	251	214	186	261	198	162	158	429	183	202	336	301	369	398	98	133	118	245
YGR236C	9	7	4	7	13	13	16	11	4	16	12	6	7	8	5	7	18	6	9	10	3	6	5	8
YGL164C	216	224	215	368	283	213	227	205	212	176	224	133	208	530	329	340	348	336	260	283	98	158	98	136
YGR293C	2	1	1	0	7	1	2	2	1	1	4	0	2	3	0	0	2	0	3	2	0	1	0	1
tL(CAA)G1	7	6	5	4	10	5	11	3	5	7	4	6	0	10	2	3	4	5	1	3	0	1	1	3
YGR264C	5280	1834	5190	2100	7577	4588	6588	4151	5328	3361	5903	2337	4068	9216	1486	1624	7188	5944	4954	5703	2506	3682	1655	2703
YGL234W	2120	1709	2035	2686	4629	6254	3856	4709	2667	3599	2538	2703	2316	4317	2230	2399	5713	5027	7403	7370	1463	1855	1708	2789
YGL109W	2	5	4	3	11	6	8	4	4	4	2	3	6	4	2	4	6	4	3	5	2	3	1	2
YGL238W	2392	1587	2337	2032	3893	2888	3455	2631	2682	2400	3079	1609	1557	3873	1368	1296	3082	2907	3082	3856	1065	1636	1004	1571
YGL041C-B	4	2	4	1	6	3	5	5	5	4	3	2	2	6	2	1	6	1	4	8	1	0	1	1
YGR056W	971	785	934	939	1650	1390	1524	1217	954	1133	1262	827	598	1538	620	650	1529	1374	1407	1940	442	678	484	783
YGR201C	22	17	27	28	26	29	34	21	21	25	21	23	10	30	10	19	13	19	17	15	7	11	7	29
YGR239C	171	249	171	296	385	690	327	559	197	418	220	238	146	398	203	185	400	297	421	376	105	114	114	166
YGR169C-A	3	3	10	14	21	9	20	9	3	5	8	5	14	31	15	9	35	32	18	36	2	4	5	6
YGR185C	3079	1865	3020	2263	5316	3740	4710	3386	3462	2843	3831	2143	2250	5515	1529	1725	4724	4314	3615	4458	1613	2425	1220	2139
YGR189C	7199	9323	7696	10904	16518	18463	15701	17685	10249	9220	10318	7445	4219	10190	8550	9294	12984	11140	16369	20203	4736	5292	4700	6517
YGR022C	1	1	1	1	0	0	1	1	2	0	1	1	0	1	0	2	1	1	0	0	0	1	0	1
YGR290W	0	1	1	0	3	2	0	1	0	0	1	1	0	0	1	0	1	1	0	0	1	0	0	0
YGL205W	17	9	17	13	35	31	32	42	22	34	22	37	14	20	14	19	35	32	44	48	7	8	14	34
tK(CUU)G2	0	0	0	0	0	0	0	0	0	0	0	0	0	0	1	2	0	0	0	0	0	1	0	1
YGL221C	1097	1036	1070	1260	1756	1467	1506	1278	1193	1369	1308	1074	732	1932	958	1012	1432	1355	1284	1589	614	816	738	1111
YGL108C	37	28	45	34	57	37	53	32	49	32	54	18	36	101	15	24	50	54	40	55	24	26	7	16
YGL069C	4	5	4	6	9	6	8	6	2	5	6	3	1	6	3	0	6	5	16	1	4	3	3	5
YGL135W	5827	2457	6355	2697	9495	5437	8524	4827	6438	3312	6326	2367	4278	16012	1845	2156	9597	7506	6199	6204	3195	4398	2561	3366
YGR253C	539	488	608	688	994	714	834	650	632	684	572	513	448	1045	477	505	789	811	667	609	257	375	327	504
YGL053W	369	1074	381	1393	514	368	521	364	450	3784	498	3136	225	613	1184	1288	366	322	282	360	198	290	2449	3603
YGL101W	126	76	122	119	170	139	179	121	141	158	147	98	95	252	80	97	246	154	145	165	53	98	77	146
YGR271C-A	247	78	246	110	279	216	291	187	199	120	264	95	127	329	58	69	300	237	169	185	75	112	54	73
YGR267C	989	747	936	906	1584	1312	1435	1171	1124	1132	1170	906	727	1771	590	640	1470	1128	1100	1370	408	654	520	893
YGR234W	9158	2018	9473	2039	14747	8813	13722	8377	10573	3069	11002	2262	7568	16268	1348	1523	13082	9608	9508	10281	5387	6349	1491	2351
YGL251C	288	207	334	240	470	365	425	291	297	294	383	184	222	513	155	191	445	424	396	558	138	220	95	186
YGL141W	636	688	677	939	1320	1126	1192	994	738	1045	863	757	436	1142	631	711	1028	954	1047	1366	326	490	395	704
YGL245W	6803	4799	6888	6038	11299	8357	9798	7397	7536	6123	7668	4708	5249	11302	3938	4176	9714	8742	7600	8904	3619	5122	2637	4376
YGL007W	0	0	1	2	2	1	0	2	0	0	1	2	0	1	0	1	1	0	0	2	1	1	0	1
YGL005C	152	102	156	169	268	163	233	163	182	184	227	113	177	427	130	120	267	247	200	241	95	113	89	151
YGL215W	5522	4702	5250	5551	9605	8770	8624	8327	6899	6919	7315	5847	4093	8710	4056	4802	9283	8424	9529	11450	3415	4698	3495	5213
YGR173W	158	114	219	134	345	245	263	208	182	166	189	93	156	631	132	124	381	444	367	500	107	159	74	159
YGL249W	34	21	28	26	42	56	46	50	34	36	48	32	17	35	16	26	54	36	52	47	18	24	26	28
YGR161W-C	46	60	59	112	118	103	110	100	79	132	88	116	41	112	87	78	72	84	94	92	40	54	72	128
YGR229C	1237	887	1256	1186	1755	1514	1598	1330	1127	1122	1428	875	886	2236	914	983	1807	1559	1691	2161	538	752	643	1031
YGR070W	1547	945	1608	1259	2619	2384	2384	2136	2037	1227	2182	917	964	2345	829	873	2094	1657	2150	2877	759	1124	512	695
YGR135W	1234	1165	1338	1420	1988	1628	1782	1400	1309	1476	1403	1098	1032	2543	1237	1285	1951	1629	1520	1737	620	825	841	1344
YGL014C-A	0	1	0	1	0	0	0	3	0	1	0	2	0	1	1	0	1	0	0	1	0	0	0	0
YGR225W	7	7	6	8	30	9	8	9	9	9	9	6	9	10	11	8	18	11	16	10	2	2	2	4
YGL258W	12	5	8	7	24	18	29	18	24	6	21	8	10	16	4	8	33	28	25	30	4	11	5	9
tT(UGU)G1	0	0	0	0	0	0	0	0	0	0	0	0	0	4	0	0	0	0	0	0	0	0	0	0
YGL139W	1427	761	1371	954	2155	1697	2007	1489	1547	1262	1761	964	870	2053	641	662	1887	1583	1698	2382	625	935	525	863
YGL172W	512	372	481	476	901	644	713	561	594	525	609	412	448	1067	387	452	929	936	817	1066	321	429	249	414
YGR088W	340	169	336	240	1598	1584	1479	1454	511	468	643	375	203	530	136	154	1068	717	1170	1600	137	294	152	266
YGL126W	314	506	357	609	680	594	597	629	498	680	423	612	196	611	505	490	541	563	588	997	177	293	291	482
YGR140W	384	375	377	532	669	655	619	527	405	549	517	370	191	629	355	375	548	495	629	801	173	210	232	421
YGR129W	65	37	75	45	103	75	87	58	63	43	71	32	61	182	48	50	122	108	91	99	26	29	19	40
YGL027C	860	885	957	1168	1564	1452	1469	1184	919	1148	1101	891	720	1656	934	949	1589	1486	1574	2270	431	596	472	902
tL(CAA)G2	9	7	13	11	12	6	10	5	5	6	7	15	2	19	7	6	5	5	4	6	1	2	5	5
YGL231C	1142	1010	1086	1224	1715	1436	1716	1405	1326	1426	1478	1048	844	1996	1068	1222	1792	1363	1400	1692	633	886	1026	1449
YGL019W	385	301	443	386	729	567	555	457	401	439	410	304	340	1000	307	364	682	818	611	732	212	352	203	467
tR(UCU)G3	23	488	27	663	3	4	2	6	14	919	21	886	9	23	365	422	1	0	0	0	3	6	541	690
YGR017W	1470	647	1607	835	2290	1429	2077	1321	1548	932	1978	741	947	2348	496	539	2044	1453	1328	1572	643	821	425	697
YGR107W	5	17	7	16	3	8	1	4	3	11	2	3	3	5	17	9	5	1	4	7	5	5	4	9
YGL039W	562	358	488	432	658	532	631	469	550	622	650	427	442	1094	356	306	667	612	446	569	260	439	252	424
tL(CAA)G3	7	5	9	8	13	6	10	5	4	5	3	15	1	12	2	5	4	6	1	3	1	2	3	1
YGL123C-A	2	4	1	1	3	4	2	3	1	5	0	4	2	5	2	0	1	1	1	2	2	0	2	1
YGL002W	394	355	413	365	593	436	589	442	462	392	514	335	254	621	295	283	566	410	464	601	196	301	226	348
YGR044C	309	556	364	674	599	527	554	452	376	458	399	402	231	671	702	687	545	396	427	453	160	269	272	468
YGR193C	1074	827	1097	1079	1891	1631	1781	1461	1255	1205	1509	920	708	1893	695	683	1426	1283	1244	1732	463	674	458	797
YGL033W	8	2	9	4	1	5	4	7	11	5	10	3	6	16	2	0	7	3	6	4	9	7	2	4
YGR165W	377	225	381	285	576	592	589	478	406	304	453	241	290	725	270	224	577	475	669	932	258	262	178	359
YGL030W	2112	1129	2150	1152	3049	2104	2838	1988	2301	1471	2321	1044	1635	3812	715	767	2548	2373	1762	1858	1227	1661	821	1215
YGL128C	392	363	365	442	631	530	614	460	447	503	552	414	209	595	255	278	565	426	495	591	193	252	271	396
YGL063C-A	0	0	0	1	1	1	0	0	1	0	0	2	0	0	4	4	0	0	1	3	0	0	0	2
YGL007C-A	7	4	4	6	10	7	5	4	6	19	15	7	1	18	6	12	23	6	7	16	5	5	15	15
YGL175C	41	43	37	52	76	66	68	60	35	45	48	47	32	79	46	66	66	64	89	112	38	28	21	37
YGL223C	922	1689	854	2240	998	745	988	675	919	1577	1194	1116	561	1282	1263	1363	761	546	546	656	284	466	560	845
YGR190C	3	1	1	2	20	13	19	12	7	0	3	1	0	3	1	3	12	4	13	0	3	4	0	0
YGL004C	153	123	179	151	296	210	246	149	178	153	178	122	114	351	118	111	258	253	213	254	72	112	72	128
YGL148W	1872	1112	1837	1396	3393	2674	2852	2286	2045	1568	1994	1272	1182	3308	752	813	2842	2408	2390	2520	908	1207	623	1168
YGR281W	1300	1104	1282	1461	2374	2051	2276	1899	1440	1630	1670	1258	1082	2355	1220	1346	2112	2018	2547	3848	651	1022	776	1207
tH(GUG)G2	20	11	22	13	38	14	25	13	19	14	20	20	8	23	5	11	9	11	4	9	0	6	3	7
tF(GAA)G	1	1	0	2	0	0	0	0	1	0	1	1	2	0	0	0	2	2	1	1	0	0	0	1
YGR078C	123	110	135	129	204	156	183	145	104	111	117	91	121	404	147	131	234	298	218	246	59	97	52	100
YGL133W	1176	1104	1327	1219	2791	2156	2588	2005	1518	1394	1664	1002	762	1879	782	881	2109	1943	1937	2902	503	794	576	817
tV(AAC)G2	0	1	2	0	2	0	1	1	0	1	0	2	1	3	0	0	1	1	1	2	0	0	2	3
YGR295C	1163	1872	1265	2591	2370	2094	2023	1832	1553	2997	1665	2400	856	2144	2158	2354	1845	2009	2054	2702	633	931	1564	2360
YGR048W	214	201	219	310	394	331	360	316	225	293	221	212	152	400	189	209	281	261	311	341	91	142	146	231
YGR065C	507	523	514	648	999	1958	938	1726	634	914	790	542	330	810	336	324	901	649	1320	1656	274	338	235	380
YGL051W	95	96	101	135	130	83	118	94	109	225	124	219	72	306	128	168	162	127	135	143	55	98	246	327
YGL220W	128	109	135	133	266	190	236	171	180	125	183	105	192	414	118	126	255	246	240	257	124	154	96	166
YGR019W	668	632	820	842	1669	1438	1365	1276	975	1069	1001	959	418	1044	527	570	1101	777	903	975	454	532	494	762
YGL010W	95	115	91	125	160	158	145	132	110	152	135	138	57	140	84	86	110	80	115	174	46	62	74	107
YGL090W	46	45	54	55	110	79	71	67	61	71	56	35	53	115	55	51	101	118	103	126	32	55	16	46
YGR054W	3686	2827	3679	3395	6160	5152	5759	4831	4454	3912	4563	3011	1957	5046	2200	2393	4667	4508	4773	6617	1797	2459	1634	2766
YGR174W-A	9	10	11	18	13	10	12	9	4	4	4	7	2	14	9	20	10	4	7	10	3	2	4	9
YGL032C	3540	3991	3178	4487	543	503	434	463	3236	4885	3523	4244	3322	5719	4534	4796	328	234	319	389	2620	3221	3730	4771
tE(UUC)G2	0	0	0	0	0	0	0	0	0	0	0	1	0	0	0	0	0	0	0	0	0	1	0	1
YGL179C	687	178	816	226	1092	660	951	587	834	275	708	244	297	1136	91	131	702	533	523	730	305	399	108	187
tE(UUC)G3	2	0	1	1	2	3	0	0	0	3	2	1	0	1	1	1	0	0	1	0	0	1	0	1
YGR002C	228	190	275	259	423	318	354	303	284	281	264	209	183	526	226	183	372	376	356	433	119	190	142	239
YGL134W	150	92	204	126	267	194	220	141	170	115	217	90	93	278	93	100	200	176	171	190	70	77	47	72
YGL235W	0	0	1	2	7	4	1	2	3	4	3	4	8	10	0	4	8	7	7	9	2	3	2	9
YGL006W	1596	1915	1723	2477	2617	2009	2394	1954	2002	3046	1893	2528	929	2384	1671	1817	1994	1662	1830	2596	655	1027	1471	2252
YGR028W	229	206	208	338	345	273	269	238	199	275	286	202	166	390	235	232	258	218	259	309	115	119	152	242
YGR283C	543	264	516	309	684	531	674	506	557	419	696	265	366	1088	222	227	765	596	589	714	216	292	223	319
YGR249W	1104	1827	1655	1872	2780	2008	2790	2138	1841	1579	1453	1203	294	1047	912	1112	1247	726	1312	2009	428	478	546	780
snR82	2710	2456	2708	2725	3728	3286	3535	3158	3185	3088	3045	2890	2308	3844	2109	2670	2943	3170	2887	2941	2203	2368	2332	2945
snR7-L	447	366	441	452	587	459	506	444	444	426	348	400	368	695	329	412	424	563	435	401	245	242	232	357
YGL232W	368	198	391	280	610	410	537	354	423	295	523	200	331	794	148	147	560	529	366	450	158	243	122	180
YGL157W	714	1334	980	1392	1463	1487	1676	1622	792	1508	1164	1555	564	1711	1102	1468	1176	1155	1203	1433	369	662	767	1675
YGL118C	1	1	1	2	7	5	7	7	4	2	4	1	2	3	3	7	4	0	3	1	2	0	4	2
YGR012W	99	75	102	121	194	134	164	147	84	95	116	88	76	270	112	101	195	190	175	228	51	78	35	108
YGR242W	10	0	1	0	9	2	16	2	7	0	6	0	1	3	0	1	4	1	0	3	1	2	0	0
YGR014W	6330	7228	5632	9038	6103	8645	5633	7974	8074	10057	9168	8307	4841	10540	8217	8861	4728	4293	7801	10297	4346	4831	5039	7449
YGR038C-A	1678	2998	1752	4179	1994	2094	1382	1578	1850	3298	2271	2887	1785	4582	4722	6268	2896	2206	3820	3434	1004	1645	3096	4485
YGR161C-C	325	522	340	693	510	444	363	349	350	585	341	493	370	1041	811	1117	847	660	964	927	195	327	645	909
YGR027W-A	4526	6898	5964	6493	2695	2641	2104	2308	6041	6125	9084	6511	4487	23108	7304	14960	3840	4109	5671	5501	2782	5527	5164	9656
YGR109W-A	854	13456	542	19279	22	12	8	20	2092	44624	2058	40436	775	1912	19972	25216	4	2	4	5	881	1498	36239	46928
YGR027W-B	44215	55264	54295	59332	27222	26306	23626	26500	50477	50850	80376	54673	41071	167473	58231	105701	38930	40724	52710	59584	20536	40156	41330	67294
YGR038C-B	24815	42459	30044	48659	19646	21923	16401	19110	30280	44996	40267	35978	17820	75856	43907	70770	27817	22335	38414	36953	9786	18847	31396	44263
YGR161C-D	19783	20601	18254	29214	44397	39899	34403	36058	29757	33833	24952	19935	19982	49182	30353	40798	54472	46536	65043	63457	9179	14615	20929	27287
YGR161W-A	8556	20497	7659	26019	7129	5913	6358	6364	8762	11166	9590	8158	5082	16556	18271	27021	7284	5783	7794	8666	2811	4609	7878	9669
YGR109W-B	6873	92133	4535	123093	1495	1347	1288	1283	16540	284587	17060	276265	5450	12995	113056	144322	1324	1200	1342	1860	7057	11585	198755	273357
YGR161W-B	25590	56736	22841	73912	21412	17075	20748	19197	25980	32881	29649	22890	15571	48997	52017	76795	22605	18718	24243	27174	8256	13486	21738	27026
YLL050C	1880	1548	1893	2111	2719	2362	2546	2166	2037	2186	2094	1912	1608	3762	1971	2075	2655	2230	2090	2214	1267	1661	1562	2372
YLL032C	361	448	356	539	590	520	526	483	433	654	545	493	231	532	297	331	509	384	457	637	140	217	248	444
YLR466W	213	307	244	349	434	384	388	383	304	374	340	420	184	702	363	532	412	599	616	857	124	188	295	405
YLR054C	45	134	44	171	44	50	37	48	54	264	48	196	20	90	119	165	34	20	34	34	11	34	91	185
YLR437C	88	65	83	86	133	84	106	62	122	105	113	76	45	145	70	80	123	95	121	143	36	85	80	101
YLR217W	0	0	1	0	0	0	2	0	0	0	0	0	0	1	0	1	1	0	0	1	0	1	0	0
YLL056C	50	47	74	72	120	126	145	114	76	99	82	68	46	102	75	75	68	61	81	103	35	41	46	54
YLR128W	156	196	146	279	277	262	271	202	216	349	234	284	134	311	228	220	257	229	232	280	91	112	161	274
YLR279W	1	1	0	1	7	0	2	2	3	1	2	1	0	5	0	1	1	3	2	4	1	1	1	3
YLR075W	8928	5625	9015	6084	12816	9421	11430	8594	9595	7544	9658	6013	7610	15499	4862	4784	11532	9935	8662	9497	5732	7379	4909	7008
YLR052W	448	316	467	400	706	571	616	488	471	564	609	378	307	890	317	355	624	542	538	675	218	312	284	451
YLR159C-A	0	1	0	0	0	0	0	0	0	0	0	0	0	2	1	1	1	1	2	1	0	0	1	1
YLR025W	99	85	124	123	178	140	155	105	82	108	137	63	133	413	151	148	301	270	215	253	67	88	63	135
YLR049C	88	392	63	583	76	134	63	118	83	264	99	219	56	122	373	378	81	50	159	150	26	48	110	218
YLR308W	1	1	0	1	1	1	0	1	0	3	2	1	0	1	3	3	1	1	2	0	0	0	2	4
YLR032W	161	121	160	165	305	269	290	261	147	173	193	124	102	319	94	109	304	305	323	467	73	84	78	124
ETS2-2	1	3	1	3	5	4	4	2	1	2	1	1	1	1	0	0	0	1	1	0	0	0	0	1
YLR251W	123	94	120	127	215	149	194	136	158	109	125	88	66	172	90	81	160	109	102	108	51	64	55	79
YLR321C	297	200	230	233	431	294	329	269	229	269	353	204	190	561	216	190	444	492	412	522	124	203	137	261
YLR327C	747	1066	857	1361	1026	793	1095	764	892	1375	948	1294	430	1278	831	1009	1004	760	643	752	269	547	776	885
YLR154C-H	0	0	0	0	0	0	0	0	0	0	0	1	1	3	3	3	2	1	2	3	0	1	2	1
YLR247C	1249	1025	1312	1391	2268	1763	1918	1564	1401	1573	1576	1116	911	2211	1116	1261	1909	1926	1846	2657	570	794	696	1087
YLR167W	3373	2019	3646	2101	4629	3479	4056	3177	3517	2343	3260	1841	2826	5908	1395	1279	4341	4157	2905	3120	1860	2385	1190	1886
YLR220W	181	163	259	233	336	247	246	218	204	182	233	164	169	460	209	203	294	244	259	295	119	128	90	179
YLR455W	129	152	149	202	187	166	140	133	158	210	180	157	115	302	192	149	161	194	174	228	62	110	92	173
YLR282C	1	0	0	1	1	0	2	1	1	2	0	0	1	1	0	2	3	0	1	5	0	0	1	0
YLR094C	944	951	859	1192	1451	1247	1353	1034	1009	1287	1196	889	469	1427	699	757	1073	1036	981	1296	458	608	537	879
YLR272C	373	404	349	569	576	621	494	528	375	628	489	398	227	592	381	401	505	381	631	757	164	209	264	407
YLR264C-A	0	0	0	1	0	0	1	1	0	1	0	0	0	0	1	1	0	0	1	0	0	0	0	1
YLR338W	1	3	0	0	5	4	2	5	3	6	1	1	3	1	2	3	4	1	2	5	0	1	2	0
YLR181C	110	121	133	178	163	143	143	112	117	104	114	71	120	309	159	151	212	215	155	219	59	71	48	99
YLR458W	0	0	0	0	1	0	3	0	0	0	0	0	0	2	0	0	1	0	1	0	0	0	0	0
YLR180W	2967	2525	3605	3123	6703	4990	6377	4528	4668	4522	3790	3577	1284	3774	1883	2130	3442	3105	4379	5985	1142	1324	1583	2649
YLR250W	271	331	315	445	481	363	443	369	350	415	370	326	248	598	374	359	427	374	376	449	123	180	178	336
YLR222C-A	38	23	36	32	61	59	60	40	43	43	53	30	28	70	23	31	64	53	63	70	12	26	23	30
YLR424W	81	90	106	125	153	124	132	96	103	85	120	75	70	183	81	76	131	132	106	185	31	60	34	73
YLR253W	235	144	252	194	426	385	373	333	253	214	297	176	163	464	176	167	387	397	515	675	148	177	114	200
YLR390W-A	4330	4092	4770	5317	8703	7697	7696	7338	5736	6944	6038	5951	3493	9030	5562	5816	8128	8678	9909	11312	4026	4935	4359	7303
YLR233C	96	103	97	153	174	177	160	142	136	154	163	98	65	168	121	113	143	130	151	205	52	60	74	91
YLR347W-A	0	0	0	0	0	1	0	1	0	0	0	1	0	0	0	1	0	1	0	0	1	0	0	1
YLR117C	220	164	229	208	407	324	337	263	228	212	291	163	180	479	156	190	348	349	354	418	101	144	77	132
YLR110C	16372	13056	16627	14362	21331	18246	19999	17576	18833	16087	18370	15081	12857	21422	11980	13309	16530	16396	15314	16558	12106	14347	11059	14958
YLR072W	435	445	397	594	785	650	702	603	473	572	577	456	294	698	417	443	643	625	717	1068	210	264	266	447
YLR069C	606	504	820	678	1309	1633	1225	1370	799	720	812	552	439	1099	538	593	931	886	1860	2656	478	364	379	618
YLR403W	1256	1454	1139	1607	1836	1491	1659	1343	1261	1781	1706	1293	759	1826	1088	1286	1614	1458	1465	2000	614	910	753	1279
YLR008C	132	94	150	101	215	195	181	154	143	116	152	125	112	408	137	105	213	180	263	248	100	122	76	180
YLR231C	684	352	586	436	1131	1035	1083	991	772	613	925	408	404	1125	314	327	1162	715	1157	1073	374	519	283	500
YLR264W	41	36	61	40	60	42	41	42	37	27	27	29	58	184	24	22	72	93	51	71	41	35	18	24
YLR164W	36	36	28	55	75	80	80	65	47	61	78	60	19	72	22	19	68	48	47	71	26	46	38	41
YLR079W	243	220	213	297	408	376	368	322	257	285	288	205	146	385	212	222	390	312	364	417	116	176	127	198
YLR103C	136	152	100	189	262	223	224	214	135	162	180	114	86	276	143	163	250	226	227	333	55	86	90	121
YLR170C	85	67	74	109	138	86	100	72	65	94	92	45	106	260	104	116	162	140	99	119	38	54	41	92
YLR228C	306	231	268	276	423	198	378	199	338	247	367	233	190	585	233	255	427	418	266	368	116	176	136	215
YLL036C	402	193	348	287	535	371	478	331	370	340	404	253	280	878	254	283	641	566	533	707	207	266	202	365
YLR467C-A	1	1	0	1	3	3	2	1	1	3	1	2	1	2	0	2	2	1	4	2	1	0	2	3
YLR198C	6	0	3	2	3	4	6	2	3	1	5	3	2	8	2	1	8	3	2	3	0	1	0	0
snR61	41	12	35	14	54	46	57	51	34	27	25	18	22	53	10	21	44	66	43	52	14	22	7	10
YLR411W	10	11	11	25	14	21	17	12	15	7	10	6	9	15	22	17	15	8	16	21	3	4	0	4
YLR056W	2916	1397	3082	1639	5516	4340	5001	3929	3633	2384	3481	1880	2213	5746	1366	1535	5025	4164	4990	5671	1486	2284	1432	2369
YLR429W	970	828	1021	1203	1662	1161	1369	1018	1065	1040	1211	775	921	2382	1028	1004	1820	1802	1479	1934	528	805	527	927
YLL060C	86	158	105	229	203	212	178	190	144	190	140	150	69	206	182	178	172	146	206	241	59	92	120	156
YLR310C	3023	1985	2814	2570	5042	4265	4367	3862	3079	3164	3669	2500	2112	4731	1785	1913	4514	4430	4139	6083	1470	1967	1350	2234
YLR342W	26338	19639	27279	22970	45854	42451	41129	39006	31456	24629	32983	19779	20801	42554	18127	19800	39157	37795	43666	54737	17033	20617	12649	19743
YLR017W	542	240	544	275	897	579	756	480	559	454	611	317	375	1162	230	259	796	773	646	864	285	402	208	446
tL(UAG)L2	0	0	0	0	0	0	0	0	0	1	0	0	0	0	0	1	0	0	0	0	0	0	0	0
YLR304C	5923	4984	7150	6530	14108	15105	13048	13081	8327	8994	8163	7576	3974	8767	4150	4040	9926	10009	10998	13340	4430	4125	3471	6090
YLL052C	28	12	40	21	112	72	81	62	63	33	38	24	14	41	16	20	46	58	81	98	13	18	17	15
YLR027C	3052	2521	3491	3307	6951	6133	5986	5503	4097	4403	4145	3969	2147	5920	2348	2510	5677	5249	6259	6662	2349	2679	1977	3968
YLR214W	733	1385	552	1898	690	1918	750	1855	693	1471	686	1002	432	866	1328	1388	536	403	1193	1652	199	295	535	928
ITS2-2	244	906	414	765	682	487	109	591	323	315	44	287	2	9	1	4	19	22	8	3	3	2	5	5
YLL062C	122	272	158	357	335	302	279	250	145	371	186	259	51	146	166	179	181	162	199	376	49	50	107	226
YLR378C	4393	3302	4402	3986	7778	6390	7626	6199	6188	5046	6450	4132	2798	7081	3168	3188	6732	6562	6942	10043	2552	3590	2159	3746
YLR023C	1016	514	1057	716	2114	1628	1740	1427	1166	745	1433	626	726	1785	539	561	2017	1837	1747	2143	691	776	396	627
YLR425W	769	655	677	915	1336	1166	1189	967	861	1036	1003	777	484	1192	613	679	1130	1070	1107	1494	331	526	426	636
YLR073C	1266	536	1086	634	1540	1388	1454	1235	1305	1180	1531	813	599	1635	343	443	1386	990	1316	1311	754	840	663	1027
YLL008W	852	367	965	540	1411	1108	1164	894	850	618	793	385	746	2158	492	530	1677	1731	1750	2291	491	658	362	680
YLL063C	148	301	153	422	263	229	217	220	154	318	211	207	92	278	296	264	220	228	259	318	70	104	142	227
YLR449W	938	599	940	674	1586	1063	1378	969	970	730	961	509	603	1663	438	490	1279	1305	1063	1429	330	511	320	529
YLL046C	6	14	5	20	11	19	12	10	5	8	3	6	10	14	21	22	11	5	38	13	3	3	12	21
YLR089C	1996	1530	1959	1942	3076	2668	2723	2354	2374	2331	2816	1975	1346	3216	1322	1412	2745	2596	2514	3671	999	1452	1155	1908
RDN18-1	5949	15988	8308	12934	12215	9048	3970	11540	7539	8103	2434	6632	827	3939	1482	2115	5888	6641	2772	2078	1126	1071	717	1361
YLR020C	239	116	273	175	394	290	317	229	247	184	278	120	240	632	162	170	396	446	410	524	153	194	83	157
YLR190W	614	430	598	621	899	770	830	738	751	635	934	443	468	1105	475	501	880	644	852	977	330	440	247	384
YLR045C	151	357	157	486	226	292	212	216	153	368	163	251	84	278	424	407	210	144	295	278	72	95	158	304
YLR285W	460	321	431	391	577	410	498	326	434	424	494	280	329	774	319	332	585	484	409	501	206	286	195	377
YLR322W	5	3	4	1	7	8	8	6	8	4	8	1	1	2	1	1	3	1	2	2	0	2	1	1
YLR276C	788	337	795	396	1098	910	1008	785	782	580	897	392	535	1507	283	326	982	978	983	1289	314	383	255	466
YLR346C	6	5	13	7	17	7	17	14	18	9	7	10	6	24	11	5	11	10	9	13	8	9	9	10
YLR156W	18	21	18	26	44	46	38	42	26	28	30	29	14	45	26	30	31	31	63	53	7	16	19	30
YLR135W	229	217	222	253	419	327	349	294	265	280	338	186	175	458	217	224	379	361	400	459	95	142	128	153
YLR261C	68	42	75	60	102	78	98	70	82	62	86	51	82	175	68	63	132	108	93	91	38	60	43	53
YLL066C	151	202	163	266	392	364	299	296	199	262	171	203	153	538	290	404	432	648	683	905	93	144	222	305
YLR077W	237	169	266	232	425	345	407	333	273	223	328	179	254	608	228	201	499	485	476	605	156	218	119	203
YLR144C	722	639	661	840	1222	1058	1076	909	811	971	850	626	478	1138	523	578	1002	931	948	1393	307	481	400	675
YLR414C	586	1333	599	1869	848	1016	826	922	731	2397	685	1975	330	956	1444	1725	559	466	808	907	309	402	1368	2061
YLR030W	10	6	18	17	26	16	16	10	8	15	20	16	7	16	19	22	19	10	21	13	4	12	12	20
YLR301W	717	596	698	759	995	729	881	640	697	635	517	390	602	1393	610	713	997	824	724	649	364	507	382	696
YLR252W	46	44	53	52	94	76	100	70	75	72	70	45	33	91	60	40	81	53	47	55	20	37	26	49
YLR427W	576	461	556	600	904	698	792	630	589	593	714	443	454	1178	416	467	894	775	741	923	263	355	293	492
YLR200W	764	534	810	660	1008	689	936	656	773	609	936	439	602	1474	546	579	1184	844	781	968	348	545	383	566
YLR150W	7757	5240	8027	5625	12088	9264	10730	8397	8368	6904	8828	5224	7185	15223	4773	4926	11862	11795	9645	10806	5055	6661	3925	6228
YLL021W	2034	1733	1961	2050	4066	3192	3371	2851	2067	1953	2479	1394	1343	3515	1727	1809	3684	3397	3526	4792	840	1301	941	1454
YLR078C	427	410	425	443	648	585	670	513	448	529	532	354	289	692	310	338	591	457	583	602	174	245	212	378
YLR153C	5906	5178	6303	6254	11313	10234	9788	9308	7206	7577	7381	5904	4300	10452	4658	4940	9546	8363	10393	12043	3184	4378	3533	5982
YLR404W	228	164	196	210	263	236	296	224	227	238	233	166	107	267	124	130	234	182	167	216	71	99	89	141
YLR014C	94	164	111	267	212	263	180	188	118	199	124	127	93	240	213	270	216	218	290	349	50	88	82	163
YLL005C	8	7	3	6	7	5	5	9	5	6	7	6	2	4	6	4	3	2	8	8	0	2	2	3
tQ(UUG)L	0	3	0	0	1	3	2	1	0	1	0	0	0	2	2	0	4	0	4	1	0	0	0	1
YLR262C	136	86	147	117	212	152	188	135	154	128	162	106	142	275	100	88	216	172	134	137	58	88	62	84
YLR296W	14	10	17	7	15	14	18	12	17	8	13	12	7	19	2	11	16	7	19	14	11	9	8	14
YLR234W	35	41	19	43	68	99	63	75	28	71	33	55	24	63	35	35	66	73	109	166	23	17	43	54
YLR096W	1679	1065	1520	1249	2787	2311	2529	2011	1675	1621	2137	1089	1209	2732	904	956	2491	2548	2484	3789	704	1113	728	1204
YLR271W	22	16	23	17	36	18	19	14	15	11	21	7	14	62	18	17	35	33	38	30	9	11	10	18
YLR033W	311	201	293	224	442	324	409	282	300	284	390	230	261	595	172	191	471	389	349	451	130	220	144	245
YLR278C	3036	1336	3205	1600	6702	4555	6165	4202	3999	2080	4299	1703	2186	5582	1236	1341	5994	5461	4506	6189	1634	2295	965	1641
YLL055W	119	162	119	188	162	125	146	128	166	159	150	146	82	272	148	122	153	106	158	183	54	103	67	89
YLR266C	90	215	79	302	115	76	89	89	76	115	93	67	83	199	278	282	126	116	136	126	44	63	40	73
YLL030C	1	0	0	1	0	2	0	2	0	0	0	0	0	1	1	1	0	0	0	0	0	0	0	0
YLR323C	64	60	71	62	110	96	69	94	66	71	76	50	60	181	68	62	110	101	95	136	32	42	37	62
YLR007W	93	98	99	118	155	152	131	140	103	110	108	96	65	206	108	116	176	174	213	272	47	65	98	137
YLR406C-A	3	0	0	5	7	3	4	4	3	4	2	6	0	2	2	6	2	2	5	5	0	0	2	2
YLL015W	1446	1223	1608	1627	2851	2372	2739	2198	1846	1868	1870	1414	976	2340	1113	1220	2285	2240	2396	3637	678	945	779	1280
YLR343W	131	91	178	156	607	504	524	396	248	152	220	138	62	228	158	139	320	394	584	935	59	82	85	146
YLR269C	1	2	1	4	0	0	1	1	2	1	0	1	1	4	3	7	1	2	5	3	0	0	3	8
tN(GUU)L	0	0	1	1	1	0	3	0	0	0	1	1	0	0	1	0	0	1	0	1	1	0	1	0
YLR210W	148	252	129	345	120	120	135	126	130	226	168	158	110	309	308	310	167	138	159	187	64	117	99	198
YLR058C	1477	2085	1379	3407	2789	5193	2293	3811	1785	4117	1941	3631	1273	2354	2863	2892	2812	1805	5094	4777	922	1015	2498	3509
YLR145W	28	18	31	24	33	26	32	25	17	18	31	10	27	69	24	21	46	39	42	41	10	18	7	24
YLR080W	65	101	81	160	122	112	108	105	73	117	90	88	54	154	120	127	108	94	122	146	31	57	49	93
YLR443W	265	318	272	497	533	533	477	406	294	447	313	335	215	517	430	458	483	510	643	815	140	182	266	425
YLR325C	3450	1749	3400	1815	4841	3428	4541	3347	3710	2189	3746	1755	3171	5929	1194	1188	4848	4171	3278	3543	2351	2843	1337	1839
YLL006W	296	202	286	326	372	328	377	284	331	265	358	231	208	577	271	271	368	373	382	569	140	189	116	230
YLR074C	412	195	444	272	642	534	586	442	396	400	418	258	290	898	259	259	741	749	811	852	216	321	216	464
RDN5-5	0	1	1	1	2	3	1	2	1	1	0	1	0	2	0	1	1	0	1	1	0	0	0	0
YLR311C	5	24	9	34	20	25	15	25	9	34	12	37	4	15	29	32	18	10	33	64	4	4	20	27
YLR191W	153	105	167	151	325	327	282	274	155	191	209	137	109	303	144	150	311	304	369	548	89	109	72	173
YLR235C	2	8	1	16	4	4	0	2	3	3	5	8	1	8	15	12	2	2	4	4	0	1	6	2
YLR364C-A	0	0	0	0	0	1	0	1	0	0	0	0	0	0	0	0	0	0	0	1	0	0	0	0
ITS2-1	250	815	395	713	633	465	118	553	314	316	49	291	2	7	0	2	10	17	5	2	2	1	3	4
YLR288C	120	99	99	133	187	143	154	131	107	128	128	96	82	214	97	76	169	137	157	205	55	68	46	105
YLL001W	563	616	608	791	1106	1120	956	1007	624	794	702	671	385	905	568	607	917	858	1204	1422	328	368	421	610
YLR409C	1380	573	1415	698	2180	1655	1868	1354	1403	1095	1480	677	1080	2692	575	544	2030	2054	1958	2755	716	885	506	921
YLR099C	392	556	380	765	560	534	562	433	508	1058	495	821	293	810	591	606	618	510	492	622	279	430	611	922
YLR131C	189	165	215	228	535	462	447	442	252	656	277	491	137	410	166	195	385	449	582	848	119	147	321	472
YLR362W	461	434	455	564	814	719	769	623	505	664	623	466	332	795	394	417	687	582	641	908	230	296	268	413
YLR256W	1490	840	1303	1076	2107	838	1955	756	1451	929	1634	722	851	2492	956	1034	2004	2146	1200	1505	701	1183	563	910
YLR068W	126	43	116	66	137	92	114	72	104	48	96	28	91	242	66	67	186	171	148	147	52	66	36	48
YLR101C	6	26	6	18	6	4	3	1	5	27	5	12	4	6	19	14	1	4	4	2	0	4	5	8
YLR341W	20	11	10	15	45	49	45	30	22	15	14	7	10	41	9	18	51	30	51	57	8	10	11	12
YLL054C	534	322	515	409	759	625	642	560	565	482	661	331	288	732	272	282	642	537	656	878	235	295	198	351
YLR186W	618	369	643	427	952	700	828	534	615	602	635	419	368	1093	312	349	733	651	664	674	321	386	311	558
YLR143W	542	309	541	383	860	656	744	514	521	459	651	335	396	1030	303	325	869	755	711	871	265	365	215	363
YLR368W	360	258	347	381	521	425	466	343	390	343	428	241	226	638	242	278	475	392	433	556	166	223	140	228
YLR393W	49	35	53	39	92	84	81	60	63	57	61	34	31	100	26	37	78	89	103	140	34	18	20	32
YLR176C	705	682	732	775	1227	878	1172	827	889	748	952	593	378	962	515	586	1013	854	836	1289	316	466	297	476
YLR126C	65	63	55	69	90	74	90	54	47	59	49	50	48	140	51	70	94	85	81	99	9	39	32	64
YLR099W-A	11	16	10	14	14	15	13	8	12	26	8	13	16	55	33	45	19	27	31	21	8	14	16	47
YLR423C	28	35	34	64	70	75	49	59	33	63	57	39	32	83	59	44	74	49	59	68	23	33	24	24
YLR357W	603	413	606	550	959	692	814	595	624	569	745	400	465	1313	415	473	1003	1131	923	1177	298	440	259	532
YLR197W	3490	1381	3400	1599	4585	3025	4164	2710	3400	2099	3800	1423	2678	6357	1128	1161	4457	3824	3036	3309	1590	2312	1033	1653
ETS1-1	1110	3004	1579	2380	2198	1749	756	2111	1344	1203	311	1032	7	18	7	4	41	49	14	18	9	8	5	8
YLR187W	856	830	890	1000	1931	1626	1728	1507	1095	1372	1099	960	526	1395	635	714	1435	1444	1589	2518	409	554	509	809
RDN5-2	4	6	3	2	4	6	4	6	5	2	7	5	4	15	4	8	4	2	3	1	3	4	1	1
YLL034C	905	439	892	530	1408	1102	1172	915	869	709	855	476	578	1563	377	430	1317	1242	1235	1719	366	473	312	540
YLL023C	401	261	447	382	805	674	768	617	620	538	636	403	259	697	287	313	589	582	647	828	271	350	286	417
YLR065C	378	265	372	322	588	486	561	426	398	441	504	296	359	851	287	303	676	582	564	721	222	334	261	434
YLL031C	822	724	932	929	1440	1225	1409	1128	967	935	1187	742	575	1470	689	775	1369	1330	1466	2189	439	681	416	751
YLR419W	1563	965	1550	1259	2582	2114	2332	1783	1534	1555	1795	1022	1075	2636	909	934	2457	2406	2230	3197	652	940	679	1116
YLR149C-A	1	1	0	1	1	1	0	0	0	0	0	0	0	1	0	0	1	0	0	1	0	0	1	0
YLR294C	812	705	898	890	1392	1394	1430	1362	1024	1150	1207	920	539	1170	709	656	1058	790	1140	1314	504	575	736	1006
YLR405W	120	71	90	86	192	136	172	116	101	130	135	94	69	178	49	60	145	143	119	215	56	81	54	110
YLR157C-C	0	1	0	0	0	0	0	0	0	0	0	1	0	2	1	1	1	1	2	1	0	0	1	1
YLR463C	81	79	97	91	180	129	139	105	133	134	153	125	62	196	72	112	112	137	177	206	53	68	86	114
YLR026C	316	360	369	468	472	373	370	311	328	361	412	271	229	691	402	392	492	411	390	484	146	234	200	335
YLR267W	38	203	49	257	184	545	139	456	60	383	67	232	36	82	121	164	204	104	326	315	25	45	103	176
YLR093C	689	820	705	1098	994	794	998	720	721	1073	824	784	532	1257	880	941	952	759	726	865	313	478	645	917
YLR085C	188	158	192	199	402	309	363	263	215	271	249	175	148	440	141	148	353	346	332	449	104	143	138	219
YLR246W	174	166	180	235	297	272	259	249	225	263	259	210	103	281	124	147	230	191	212	305	79	104	128	169
YLR433C	758	939	735	1246	779	635	670	574	683	931	833	737	512	1242	864	922	683	602	588	812	281	453	451	686
YLR227C	110	51	111	95	188	131	132	121	130	123	146	68	96	177	71	78	108	103	127	147	56	71	43	69
YLR012C	2	0	0	0	1	0	2	2	2	0	1	0	0	0	0	1	0	0	0	0	0	0	0	0
YLR111W	2	2	0	4	0	1	0	0	0	6	0	4	0	0	7	9	0	0	0	1	1	0	3	6
YLR152C	406	269	484	347	806	622	718	554	489	398	578	300	235	688	217	230	597	462	597	734	211	301	194	295
YLR370C	1614	1423	1557	1840	2390	1956	2345	1802	1846	2037	2060	1680	906	2264	1224	1323	1932	1557	1346	1482	760	1114	1083	1621
YLL026W	7371	7442	7988	9254	12826	9286	11734	8572	9304	8761	9378	7525	4761	10824	6262	6686	8543	8284	6710	8678	3243	4887	3686	5856
YLR289W	56	82	89	93	110	106	117	90	78	57	101	59	46	121	57	73	104	102	131	159	37	40	31	67
YLL066W-B	13	25	21	24	33	26	23	28	22	31	30	23	8	33	14	21	31	25	53	70	10	7	17	14
YLR114C	479	311	416	462	731	634	718	560	529	509	622	352	301	766	283	253	631	562	585	811	160	209	213	294
YLR213C	38	192	26	312	46	31	24	46	36	147	41	126	64	120	417	344	45	49	54	59	17	25	87	181
YLR146C	190	161	217	210	328	241	264	187	159	201	205	194	132	362	116	156	256	249	241	349	82	122	142	223
YLR445W	3	0	2	1	1	3	2	3	0	2	2	0	2	3	1	0	6	2	4	2	1	2	1	0
RDN18-2	14137	42228	20555	33549	31267	22668	9010	29339	17892	18890	4737	15868	1215	7536	2388	3903	11914	13311	5156	3636	1696	1598	1265	2286
YLR169W	1	0	0	2	1	2	6	3	2	2	2	1	0	1	0	1	2	0	3	0	0	0	0	2
YLR202C	336	234	338	301	541	492	504	422	376	301	443	249	169	366	175	190	435	338	446	607	163	214	148	240
YLL053C	21	11	52	26	90	85	93	58	66	30	32	29	12	38	20	12	44	48	72	106	12	26	15	18
YLR333C	2069	776	1809	931	3179	2010	2857	1829	2308	1144	2391	817	1701	3091	555	476	2983	2362	1815	2021	1268	1362	557	810
YLR082C	85	127	76	150	96	74	87	52	61	67	84	46	79	178	139	128	95	105	90	96	29	60	32	52
YLR193C	114	63	129	65	265	266	240	187	184	98	156	103	96	249	53	84	200	201	252	258	40	75	43	98
YLL043W	846	738	900	938	1505	1076	1191	948	845	994	897	764	614	1529	814	826	1258	1258	1306	1848	399	632	520	817
YLR337C	2598	5100	2730	5780	7145	6720	6944	6750	4091	6801	4063	5447	1814	5003	4338	5183	6447	6374	6996	10208	1714	2325	3181	4539
YLL066W-A	0	0	0	0	1	1	1	1	1	1	0	2	0	1	0	2	1	0	1	5	0	0	0	1
YLR039C	572	457	572	603	909	766	765	688	575	535	689	428	390	1085	430	468	815	823	806	995	273	346	275	439
YLR457C	114	150	131	166	172	142	144	144	108	157	136	155	60	179	111	145	184	141	158	212	49	87	87	152
YLR377C	23	5	18	15	76	77	70	68	60	13	17	12	3	15	7	6	21	15	28	13	8	14	5	14
YLR104W	486	416	484	471	676	590	716	603	587	644	613	514	346	747	398	452	627	446	610	670	344	375	441	633
YLR319C	421	273	406	331	660	491	540	420	404	359	458	281	288	696	267	304	590	583	550	649	179	284	170	269
YLR184W	17	12	24	23	5	11	0	12	18	16	19	41	0	2	1	3	3	2	4	2	0	1	5	5
YLR317W	124	76	128	97	210	167	186	130	187	129	200	100	76	213	82	69	205	161	135	244	96	134	47	82
YLL003W	240	161	243	229	369	268	283	232	223	224	286	158	181	449	173	198	354	371	317	410	120	147	121	155
YLR004C	28	22	29	15	37	34	32	21	27	24	33	30	13	41	11	14	36	24	30	30	15	16	17	13
YLR407W	203	237	165	284	267	266	253	225	216	280	230	230	129	389	324	340	265	218	300	287	103	149	181	273
YLR336C	268	145	269	172	452	335	379	301	258	245	233	158	188	554	131	153	362	397	392	534	116	158	108	175
YLR430W	2737	2479	2712	3103	5003	4248	4493	3732	3091	3463	3418	2566	1744	4602	2110	2320	3922	4302	4293	6289	1205	1690	1420	2391
YLR436C	1966	1186	1998	1601	3878	2779	3587	2607	2802	1900	3105	1481	1228	2955	1105	1159	2976	2804	2776	4058	931	1404	836	1302
YLR347C	3591	2308	3656	2606	6279	4520	5622	4382	4342	3419	4576	2531	2143	5385	1724	1867	4534	4427	4291	5591	1808	2477	1353	2394
YLR324W	287	381	376	494	705	714	596	577	348	455	387	387	247	671	438	451	656	736	855	1484	190	254	237	409
tV(AAC)L	4	2	1	2	5	3	2	0	4	2	3	2	1	5	1	1	1	2	1	3	1	5	0	1
YLR460C	6	18	10	19	18	15	20	16	10	23	12	10	7	30	20	19	15	25	29	35	5	3	4	6
YLR113W	890	603	916	827	1766	1223	1582	1120	1075	955	1136	725	531	1523	527	546	1454	1313	1210	1468	468	616	360	582
YLR046C	132	74	111	103	172	176	151	157	115	163	172	91	112	238	94	102	173	183	214	237	73	103	70	109
YLR125W	25	19	30	26	42	29	36	27	37	15	26	18	16	55	15	27	38	45	33	55	12	29	5	26
YLR196W	1544	694	1480	776	2127	1667	1987	1434	1568	1163	1623	828	960	2393	543	615	1712	1642	1561	2028	619	837	511	906
YLR363W-A	61	31	60	33	83	77	92	65	67	50	60	30	43	137	38	30	76	87	83	70	27	31	35	53
YLL061W	205	374	293	452	547	417	519	378	318	650	350	432	120	256	205	241	270	303	380	927	79	93	188	306
YLR119W	118	107	136	127	186	158	195	144	175	135	168	115	85	242	118	92	214	176	139	172	52	86	56	68
snR57	224	127	224	151	257	224	322	236	230	234	222	178	88	220	56	69	151	142	106	197	38	114	78	118
YLL020C	37	38	42	68	87	82	74	75	51	74	55	60	50	139	68	81	112	115	123	150	43	58	62	94
YLR163C	665	473	792	544	1178	1153	1163	1044	726	582	838	441	377	948	325	333	949	720	1034	1227	385	366	268	475
YLL014W	169	108	190	136	228	182	261	167	172	127	203	108	145	371	137	156	332	283	246	267	124	194	107	176
YLR129W	1347	594	1347	764	1960	1546	1669	1336	1237	1047	1347	688	912	2427	606	638	1855	1784	1778	2421	647	823	514	875
tD(GUC)L2	1	38	1	42	0	1	0	0	0	145	0	101	0	1	32	51	0	0	0	0	0	0	128	174
YLR173W	154	197	181	307	336	368	397	320	220	320	243	242	147	335	218	208	344	302	350	572	87	121	133	232
YLR090W	219	148	235	193	324	414	275	328	262	255	251	205	121	442	155	167	294	250	454	456	144	124	150	214
YLR286W-A	6	1	3	0	11	7	7	7	10	1	5	5	5	15	4	4	11	10	16	12	3	7	4	2
snR55	113	69	136	91	171	112	171	117	112	96	114	106	32	135	32	58	78	67	70	87	34	67	42	45
YLR259C	1734	1371	2383	1787	4193	3637	3651	3150	2540	1725	2345	1451	1173	3233	1244	1344	2637	2936	3571	4070	1290	1275	720	1385
YLR219W	1053	3168	1100	3795	1795	1632	1694	1395	1215	1728	1344	1407	626	1695	3177	3300	1551	1468	1693	2625	486	797	775	1211
YLR401C	541	358	521	447	829	676	745	626	530	443	622	351	348	1006	335	345	846	746	807	928	221	319	201	379
YLL058W	193	190	240	256	428	304	319	269	230	230	253	201	146	441	209	216	346	289	289	394	130	148	114	215
YLR177W	769	581	821	836	1357	748	1310	745	943	582	961	527	488	1216	564	658	1059	862	685	973	334	561	288	420
YLR415C	11	10	7	22	17	19	14	16	15	35	8	27	2	17	11	16	7	7	17	17	9	8	13	24
YLR467W	286	457	322	481	595	526	518	528	384	528	441	603	258	1052	517	884	564	868	924	1308	159	238	439	614
YLR302C	0	2	1	3	1	3	1	1	0	1	1	4	1	3	1	0	1	0	1	1	1	1	0	0
YLR185W	3805	1950	3634	1992	5281	3713	5186	3815	4290	2926	4425	2162	3041	6524	1603	1512	5093	4509	3697	4326	2643	3478	1725	2610
YLR060W	4700	2961	4512	3342	7062	5050	6385	4566	4996	4210	5559	3059	3209	7816	2209	2340	6187	5383	4881	5953	2207	3107	1809	2927
YLR313C	54	112	73	144	126	125	82	88	68	98	90	86	33	121	86	122	117	110	109	182	22	56	40	94
YLR303W	5101	7058	5196	8935	9164	7872	8150	7202	5473	10805	6735	9598	3218	7154	7369	8143	6182	5676	7265	8520	3338	3647	6581	10147
YLR154W-B	0	4	3	3	3	0	1	1	0	2	1	2	0	0	0	1	1	0	0	0	0	0	0	0
YLL029W	1183	1168	1095	1470	1764	1465	1503	1292	1196	1371	1267	1120	751	1853	973	1046	1521	1430	1318	1727	450	739	538	911
YLL047W	3	6	6	9	12	16	14	22	9	10	9	9	4	10	8	11	6	4	18	18	2	4	4	3
YLR285C-A	54	108	46	137	49	24	44	24	74	111	47	86	46	82	109	123	40	40	16	29	24	38	42	64
YLR001C	406	320	415	432	713	617	669	495	442	456	526	372	362	905	436	416	735	778	722	1119	230	301	238	375
snR79	124	56	100	70	172	120	190	121	119	88	117	74	72	128	16	40	126	101	75	113	42	68	31	55
YLR465C	55	59	64	56	79	68	61	66	59	89	81	66	35	108	47	73	90	97	103	153	34	38	59	88
YLR015W	121	136	136	212	255	172	192	163	127	151	117	79	105	228	160	199	201	191	239	252	50	81	62	108
YLR432W	4032	1500	3907	1593	5538	3208	4832	2678	4042	2112	4119	1480	2567	6538	1063	1103	4827	4289	3254	3835	1778	2804	1005	1726
YLR081W	140	67	105	92	97	70	69	41	72	66	79	43	147	311	165	142	110	153	90	193	100	109	93	99
YLR166C	780	695	727	806	1388	1006	1202	913	821	875	1036	619	578	1306	519	566	1169	994	877	1189	316	483	326	541
YLR383W	215	235	231	318	386	394	352	321	248	254	283	191	180	452	237	318	474	386	476	609	105	145	125	210
YLR035C	175	168	179	210	358	307	376	282	224	315	317	177	110	300	163	173	279	231	272	415	72	130	113	203
YLR044C	31615	26705	32815	28845	51153	42788	45526	40841	40245	37188	36302	32741	28233	52515	23027	26224	44876	50213	42611	49375	23264	27950	20542	30170
YLR293C	5420	4507	5566	5034	9182	6632	8626	6291	6957	5662	6828	4265	3884	8511	3487	3867	7088	6604	5700	6943	3322	4500	2544	4081
YLR399W-A	0	0	0	0	0	0	0	1	0	0	0	0	0	0	0	1	0	0	0	2	0	0	0	0
YLR192C	1009	754	1083	1064	1972	1449	1694	1228	1180	1259	1185	845	890	2129	797	840	1844	1679	1755	2005	599	859	578	1119
YLR300W	2465	5143	2471	6243	4142	5173	3758	4613	3037	8672	2979	6841	1802	4465	5720	6260	3909	3299	5140	6327	1638	1987	5498	8078
YLR098C	327	250	329	308	480	446	430	382	417	336	415	258	213	555	187	233	411	343	330	478	170	213	130	197
YLR448W	5329	2754	5149	2957	7626	5607	7182	5154	5778	4178	6002	3086	3877	8564	1931	1952	7139	5908	5147	5856	3316	4467	2327	3380
YLR381W	222	256	209	319	339	331	337	307	270	416	323	293	136	312	208	270	264	181	336	366	111	157	145	285
YLR280C	8	5	4	12	17	17	13	13	7	16	8	10	3	22	12	10	9	15	21	18	5	10	7	9
snR44	720	414	719	460	1063	866	1066	745	842	658	865	481	434	1069	219	316	790	714	618	544	406	574	330	457
YLR367W	1597	861	1472	955	2621	1921	2553	1726	1756	1409	1801	1085	1296	2656	668	745	2308	1886	1508	1664	904	1236	913	1147
YLR309C	473	344	497	464	929	660	781	607	535	372	628	290	453	1222	460	452	1005	965	905	1177	253	373	216	400
YLR299W	593	514	586	787	1338	1335	1173	1133	723	859	791	734	369	986	545	521	1062	1111	1414	2229	286	428	397	692
YLR224W	203	209	246	279	417	354	331	297	244	300	285	221	210	553	236	264	354	381	448	491	122	163	160	273
YLR029C	4784	2975	4893	3187	6770	4862	5912	4519	5127	3775	5282	2928	4103	9077	2230	2186	6372	5106	4319	4388	2584	3266	1882	2903
YLR373C	819	591	829	730	1299	968	1243	918	1022	875	1255	634	450	1155	434	541	996	745	916	1126	405	528	359	565
YLR092W	251	520	235	710	413	510	381	396	216	674	349	767	132	285	478	458	271	290	584	1505	84	137	349	640
YLL018C-A	351	148	354	194	634	464	574	443	436	302	473	233	182	491	158	140	486	499	485	746	182	257	136	224
RDN25-2	63134	203238	98291	162793	147988	105921	36747	134311	77464	73778	13883	67449	1450	9025	3277	5256	11675	15875	6894	3742	1859	1647	1328	2479
YLR066W	364	321	384	398	604	500	599	438	418	481	464	351	300	744	290	302	611	506	397	593	184	253	286	421
RDN58-1	831	2434	1223	1965	1804	1325	461	1645	1001	986	217	979	16	53	12	18	36	49	23	30	8	9	5	11
YLR146W-A	125	123	154	129	200	203	208	205	155	170	167	147	80	228	108	114	156	126	174	178	78	84	91	145
YLR175W	2191	929	2459	1210	3248	2031	2491	1743	2108	1305	1954	944	1739	4315	842	899	2991	2914	2229	2431	1102	1521	739	1271
YLR402W	74	36	51	51	123	119	135	114	86	141	102	129	29	90	32	33	100	86	77	106	20	28	56	78
YLR158C	1423	1175	1509	1414	1704	1752	1517	1447	1561	1782	1543	1415	710	3072	903	1271	1306	1130	1738	1514	640	776	1252	1683
YLL051C	1567	932	1228	1250	1987	2053	1880	2075	1701	1746	1927	1147	970	2319	787	828	1845	1573	1754	2349	635	1018	673	1059
YLR314C	926	1132	967	1352	1344	1105	1182	1035	911	1017	1064	770	683	1734	1075	1241	1237	1147	1115	1298	402	584	546	794
YLR438C-A	28	26	32	26	54	35	53	22	24	28	28	23	46	145	26	46	100	94	56	63	12	33	15	46
YLR209C	418	733	447	910	553	447	490	398	492	653	506	547	213	618	558	599	359	303	351	426	169	251	297	553
YLR019W	402	334	361	418	770	732	680	591	456	618	588	461	388	995	432	441	910	846	957	1146	306	434	352	620
YLR123C	8	6	10	14	17	15	12	12	11	11	16	10	6	17	9	8	16	11	17	29	6	8	6	8
YLR353W	332	378	322	496	500	461	411	455	359	653	488	552	194	557	363	471	467	455	574	930	151	255	355	569
YLR361C	414	373	400	481	696	596	689	577	481	559	575	381	275	644	277	384	546	548	600	849	180	274	194	347
YLL033W	65	60	66	92	125	108	119	95	72	106	106	76	46	118	58	70	93	95	94	98	28	52	54	76
YLR389C	2364	1409	2347	1861	4275	3073	3793	2732	2685	2141	3052	1688	1660	4170	1356	1344	3668	3388	3283	4510	1030	1625	964	1628
YLR438W	261	394	294	392	696	576	584	557	533	1371	480	997	102	334	236	256	378	603	518	710	79	150	268	529
YLR290C	261	329	255	463	441	434	432	348	307	425	381	318	191	496	360	376	359	320	332	372	111	175	247	348
YLR270W	629	963	674	1224	1179	1336	1029	1144	739	1248	837	1029	363	1058	833	1003	901	778	1087	1127	262	353	614	936
YLR194C	1868	7001	1843	8048	2521	3895	2622	3541	2366	9620	1890	7840	844	2730	7360	8005	1883	1255	2565	2291	747	1241	6901	9483
YLR006C	1053	1441	1129	1642	1870	1433	1739	1289	1281	1934	1309	1594	627	1860	1195	1452	1544	1318	1493	1965	494	734	1103	1686
YLR223C	1096	820	1094	996	1880	1585	1682	1453	1122	1136	1453	738	734	1812	745	792	2007	1874	1863	2466	512	715	561	883
YLR195C	705	444	742	606	1170	897	1030	813	700	586	857	416	512	1282	418	413	1070	805	929	1103	330	454	286	483
YLL016W	110	131	97	204	146	127	113	115	102	189	123	147	82	240	144	164	167	133	140	199	46	79	82	159
YLL067W-A	0	0	0	0	1	1	1	1	1	1	0	2	0	1	0	1	1	0	1	4	0	0	0	1
YLR398C	1479	1224	1566	1493	2734	2216	2376	1970	1681	1608	1804	1091	1030	2419	1087	1212	2350	2219	2202	3071	677	935	675	1090
YLR418C	465	385	469	501	661	468	584	394	479	559	510	396	323	832	326	328	519	495	409	497	184	268	210	356
YLR010C	21	23	18	28	32	21	46	32	30	93	36	75	27	44	27	20	42	32	24	41	8	17	46	73
YLR307W	6	56	3	63	4	4	5	6	2	7	7	7	5	7	63	68	3	5	7	3	2	2	7	6
YLR356W	261	561	256	793	675	793	644	790	395	856	430	758	159	480	638	710	552	555	816	1016	185	234	366	655
YLR431C	172	217	162	259	314	319	312	285	192	289	246	235	104	245	162	172	357	253	285	366	70	109	126	197
YLR109W	1098	2165	1755	2931	3963	5936	3793	5372	2101	3873	1577	3412	728	1888	1879	2168	2314	2300	4691	5481	1577	934	1490	2954
tI(UAU)L	83	66	78	62	93	47	75	45	57	54	46	96	22	154	49	62	44	79	56	41	16	14	24	25
YLR364W	65	57	61	53	91	83	113	86	51	86	96	69	20	61	34	23	79	46	68	74	34	44	36	52
YLR106C	14739	6263	14834	7855	24521	16582	21830	14442	16233	10099	15925	7043	10452	24787	5165	5545	21541	23739	19300	28096	6686	9763	4709	7857
YLR083C	1578	642	1602	793	2442	1655	2315	1511	1892	991	1973	744	1086	2966	508	589	2319	2180	1883	2764	870	1248	490	846
YLR274W	756	488	720	686	1047	700	897	669	705	718	890	452	508	1334	430	514	1045	982	822	1179	346	532	295	484
YLR413W	13124	1042	12808	888	20605	7722	19467	7198	16928	1391	17601	899	8900	19570	386	601	18904	18180	8581	10435	8650	11723	775	1412
YLR412C-A	3	2	3	1	14	5	5	4	4	1	6	0	0	4	3	4	7	3	3	4	1	2	3	3
YLR340W	8826	4990	8934	5463	14367	10187	13581	10597	12322	7543	12210	6186	6168	13609	3208	3507	11519	11462	9250	11365	5315	6984	3045	4562
YLR055C	143	103	154	120	317	237	245	192	151	172	181	116	121	310	93	106	293	298	317	408	80	117	78	135
YLR254C	160	110	151	163	209	127	188	122	171	161	187	119	129	410	166	165	261	200	217	199	82	102	89	138
YLL017W	4	2	5	7	10	13	6	7	3	3	9	3	6	12	6	7	18	11	14	15	3	8	5	11
YLR121C	818	2479	1094	2850	2635	2813	2616	2801	1709	3025	1254	2537	291	1303	2219	2274	1523	1024	2249	2187	450	489	1232	1967
tA(AGC)L	0	1	1	0	1	1	0	0	0	0	0	0	0	0	0	1	0	1	0	1	1	0	0	1
YLL042C	49	58	45	57	69	62	67	54	61	91	76	58	27	75	27	34	65	32	41	43	19	31	42	52
YLR157W-D	100	35	22	102	58	55	38	46	34	30	33	31	41	58	52	32	117	37	131	69	21	19	44	40
YLR211C	102	173	107	221	139	156	138	120	119	195	156	145	59	127	111	118	112	83	116	136	38	52	89	126
YLR400W	2	4	7	8	3	9	13	12	9	14	6	5	1	7	4	5	6	2	7	8	0	3	2	8
YLR105C	192	178	193	253	280	230	251	175	188	179	199	119	129	370	235	197	261	235	237	316	100	117	87	146
YLR142W	305	198	478	276	898	637	972	660	647	682	565	520	108	418	135	147	575	389	567	533	144	217	245	473
YLR376C	27	40	23	56	63	88	57	68	25	61	38	39	29	68	52	58	88	66	87	108	16	19	35	67
YLR318W	149	103	152	120	240	210	203	183	163	167	176	85	111	273	90	87	220	221	208	282	74	96	78	121
YLR239C	141	94	151	112	179	161	182	168	133	93	158	76	97	280	74	92	187	198	184	257	69	79	43	91
YLR262C-A	109	81	116	102	169	140	148	112	126	86	107	53	62	167	40	34	105	112	56	68	22	43	23	37
tE(UUC)L	1	2	2	0	0	1	0	0	0	0	0	0	0	3	2	1	0	3	1	1	0	0	0	1
YLL037W	6	4	9	8	14	8	14	12	10	2	9	7	3	12	7	10	12	4	8	14	4	11	5	4
YLR452C	7448	10153	6704	12721	956	872	746	799	6299	12212	7643	9530	5745	11606	9759	10327	525	521	608	881	2850	4180	6287	8940
YLR372W	2538	1096	2445	1218	3572	2540	3603	2308	2960	1699	3087	1200	1779	4306	901	1019	3277	2914	2769	3522	1330	2062	911	1508
YLR154W-C	1	5	2	3	3	2	1	3	0	1	0	0	0	3	1	3	1	6	1	0	0	0	1	1
ETS2-1	3	7	2	5	10	8	8	4	2	4	0	2	1	2	0	0	0	1	1	0	0	0	0	1
YLR363C	117	70	101	93	162	104	152	96	100	125	123	82	94	195	75	82	155	110	109	168	55	76	69	111
YLR207W	961	746	1000	933	1645	1341	1620	1268	1055	1015	1323	762	658	1672	736	757	1513	1399	1629	2452	468	688	494	749
YLR312W-A	196	92	197	139	372	305	318	230	215	139	255	124	149	356	94	109	246	208	280	262	115	121	73	126
YLR188W	764	798	746	961	1287	1061	1095	956	856	771	831	680	580	1596	776	862	1399	1253	1373	1929	436	594	440	725
YLR011W	78	114	98	131	158	116	138	114	87	106	123	79	84	216	129	128	140	133	136	142	57	80	70	118
YLR159W	27	32	31	40	70	72	55	64	41	41	44	44	22	85	46	57	54	54	119	98	12	25	39	54
YLR328W	513	255	538	324	799	506	727	466	509	441	608	318	292	744	180	186	573	507	409	564	229	278	156	285
YLR171W	5	11	3	5	19	8	16	24	7	11	2	7	2	7	2	5	8	2	7	7	2	1	1	7
YLR241W	737	833	774	1168	1255	1064	1119	881	901	1214	952	960	667	1838	1073	1209	1318	1270	1330	1819	497	649	671	1196
YLR245C	59	60	49	86	97	95	69	83	65	104	84	78	28	132	64	69	87	71	93	122	32	42	34	80
YLR360W	351	342	353	380	506	423	508	378	408	491	498	306	249	554	276	265	449	322	371	496	158	237	182	278
snR30	4069	3603	4500	4042	7334	4875	5104	4423	4946	4692	4303	4309	4275	7918	4166	4497	5347	7609	5404	5933	3162	3933	3102	4960
YLR205C	188	1162	173	1369	280	700	354	688	337	1402	267	977	98	335	833	849	229	133	408	433	64	109	392	543
RDN25-1	27543	81618	41296	66060	60848	44453	16998	55376	33473	32177	7306	29213	1115	5310	2202	3167	6876	8944	4158	2507	1436	1288	859	1683
YLR161W	23	26	25	33	58	60	47	53	34	33	36	36	18	71	37	47	46	46	99	86	10	21	33	45
YLR287C	564	324	540	327	784	627	739	533	551	544	695	331	408	1016	299	320	747	673	594	782	262	371	236	412
YLR366W	21	11	18	14	24	28	39	24	21	22	25	12	9	18	4	6	12	9	10	12	2	7	4	4
YLR410W	2428	1594	2365	2254	4349	3057	3864	2690	2422	2407	2741	1712	1778	4451	1664	1654	3641	3673	3022	4192	1144	1532	1035	1740
YLR230W	0	2	1	5	0	1	0	0	0	2	3	0	0	1	2	1	0	1	0	1	0	1	2	2
YLR097C	118	103	123	143	179	151	167	122	139	151	121	97	109	293	149	151	223	203	188	263	51	88	79	147
YLR397C	959	517	997	590	1712	1287	1512	1089	1099	846	1188	578	557	1570	386	426	1310	1401	1388	1985	413	607	344	567
YLR120C	3252	5053	3446	5864	5189	4423	4878	4271	4368	8549	4066	7292	1551	4235	4263	4830	3151	2486	3471	4264	1578	2088	4588	7262
YLR335W	1463	875	1400	1181	2732	1862	2132	1433	1642	1250	1839	926	1025	2339	741	759	2158	1783	1712	2071	637	751	436	753
YLR399C	781	561	737	747	1204	936	1096	781	781	794	881	602	498	1262	508	530	1045	1054	1028	1429	297	450	331	519
YLL044W	3	1	0	0	1	1	3	0	1	0	3	0	3	10	0	1	2	0	1	3	1	1	0	2
YLR453C	130	63	113	96	264	198	234	187	129	128	161	82	88	191	71	76	216	219	214	339	53	68	61	80
YLL057C	20	31	22	48	28	33	18	21	28	134	24	107	15	28	36	42	24	29	29	31	11	15	53	117
YLR388W	2354	989	2290	1020	3123	2242	3180	2256	2591	1480	2814	1115	1885	3736	738	759	3054	2580	2117	2265	1543	1873	892	1098
YLR249W	33909	14628	33746	16362	50914	33128	43447	30821	37566	21678	37393	16387	27911	55772	11421	12374	45433	46009	33661	41928	20859	27818	10936	18276
YLR151C	38	42	39	81	67	53	76	56	43	53	47	40	19	55	40	44	54	64	59	62	6	18	27	42
YLR260W	365	516	406	683	773	698	637	562	385	646	432	448	233	687	489	551	607	550	719	992	166	271	315	491
YLL010C	290	277	296	306	597	517	584	441	408	462	473	344	201	524	255	279	576	480	520	624	165	211	228	338
YLR133W	434	566	460	724	824	677	678	657	543	791	541	644	289	766	456	501	654	593	657	845	222	281	342	624
YLR329W	22	12	10	11	24	28	40	31	14	23	20	5	8	24	19	10	35	17	34	38	5	10	16	15
snR6	36	38	35	40	55	34	48	35	43	41	26	54	17	62	24	24	31	34	28	21	15	18	15	24
YLL011W	474	279	479	302	611	513	613	438	420	417	503	245	234	784	210	203	553	590	519	675	190	249	180	298
YLR384C	3623	1829	3672	2399	6433	4520	5586	4014	4085	2876	4441	2045	2726	6330	1491	1659	5210	5291	4458	6197	1748	2403	1122	2007
YLR203C	857	576	950	815	2032	1984	1792	1709	1190	827	1255	684	546	1316	567	563	1259	1385	1903	2853	613	617	406	833
YLR156C-A	0	0	0	0	0	0	0	0	0	0	0	1	1	2	3	2	1	1	1	2	0	1	1	1
YLR394W	360	270	352	340	683	626	654	557	444	444	526	331	198	520	218	233	502	528	589	889	142	214	193	225
YLR021W	146	103	153	133	227	158	194	140	148	140	186	95	105	324	113	100	217	175	119	152	70	127	69	121
YLR331C	0	0	0	1	1	0	1	0	0	0	0	0	0	0	0	0	1	0	0	0	0	0	1	0
YLR450W	3522	2141	3199	2611	4972	3219	4694	3128	4077	2797	4694	2242	2461	5375	1765	1772	4462	4075	2980	4491	1678	2754	1181	1969
YLR140W	8	5	7	6	18	13	9	12	12	11	7	8	6	16	7	17	17	11	16	20	6	8	5	13
YLR157W-E	50	13	6	25	69	44	12	21	71	46	9	11	39	15	26	12	70	6	74	14	33	4	43	7
YLR390W	128	98	144	137	286	233	248	202	180	129	156	80	83	326	134	146	273	226	332	340	120	135	97	203
YLR291C	961	671	908	864	1247	869	1021	745	904	730	992	559	639	1652	588	596	1062	1019	844	1087	454	645	360	644
RDN5-4	0	2	1	1	2	3	1	2	2	1	0	2	0	2	0	2	1	0	1	1	0	1	0	0
YLR408C	10	11	13	14	21	16	24	24	5	16	13	11	9	11	16	9	24	26	16	15	7	8	4	16
YLR240W	542	554	577	682	946	788	905	657	629	643	798	479	366	1007	489	493	804	756	686	1108	248	396	302	476
YLR018C	271	177	304	221	511	423	413	376	326	292	366	234	202	715	208	255	563	575	590	865	185	203	152	346
YLR344W	3471	1604	3552	1629	5192	3570	5003	3442	3952	2332	4021	1652	2498	5634	1046	1057	4884	3799	3254	3742	2250	2870	1393	2119
YLR412W	524	392	454	431	662	506	580	481	464	507	581	371	318	915	352	348	698	550	521	732	220	337	305	498
YLR447C	2304	1702	2196	1996	3348	2482	2950	2137	2326	2333	2683	1761	1929	4372	1554	1621	3144	2634	2157	2450	1116	1693	1256	1892
YLR361C-A	53	54	48	78	113	107	102	110	74	82	75	56	46	103	55	52	72	57	72	75	23	24	35	64
YLR112W	20	32	30	47	6	4	13	13	18	33	24	56	13	54	32	45	8	11	10	6	11	12	30	40
YLR435W	223	136	214	177	238	182	188	153	192	170	188	110	155	469	146	170	242	227	194	175	81	106	90	164
YLR084C	1263	1295	1426	1540	866	925	708	830	1451	1197	1646	869	761	2062	1060	1226	616	492	776	1028	576	765	492	802
snR34	572	468	564	594	911	664	830	690	743	638	658	568	444	848	375	503	587	681	543	517	299	320	293	433
YLR091W	70	41	73	44	127	96	83	80	76	78	86	47	57	161	38	46	92	114	107	130	34	52	25	84
YLR275W	40	25	52	33	67	59	58	47	37	35	45	33	37	152	42	43	104	76	84	56	13	28	39	48
YLR102C	41	44	43	70	62	38	59	38	41	58	36	40	40	105	46	22	57	60	44	51	19	28	19	36
YLR263W	292	285	290	384	522	456	452	422	345	439	407	290	177	484	234	271	416	409	467	526	107	185	153	262
YLR379W	0	0	0	0	1	1	0	0	0	1	0	0	0	1	0	0	0	0	0	0	0	0	0	0
tL(UAG)L1	0	0	0	1	0	0	0	1	1	1	0	0	0	0	0	0	0	0	0	0	0	0	0	0
YLR459W	907	747	854	939	1418	1026	1280	985	1115	1015	1294	802	613	1512	751	807	1232	1058	1099	1509	510	729	522	874
YLR316C	76	70	90	66	128	111	122	100	66	69	89	49	57	234	61	60	149	171	152	193	39	66	40	79
YLR277C	452	348	451	431	803	593	689	530	488	401	563	296	240	644	276	273	589	584	592	694	181	262	166	268
tP(UGG)L	2	1	1	0	1	0	2	1	0	0	0	1	0	0	1	0	0	0	0	0	0	0	0	0
YLR229C	996	894	979	1126	1196	949	1157	830	1033	972	1075	802	599	1366	670	728	833	690	578	724	461	610	472	804
YLR120W-A	0	0	0	3	1	0	1	1	0	0	1	0	0	1	0	0	0	0	0	0	0	0	0	1
YLR048W	9673	5003	9542	5208	13072	9327	12206	8915	11125	7124	10963	5606	7120	14400	3532	3557	11226	9669	8550	9526	6374	8153	4303	6239
YLL059C	17	23	17	31	31	40	33	23	23	24	21	26	13	48	26	36	34	32	32	50	14	17	15	28
YLR238W	305	231	323	244	487	304	453	343	330	305	449	226	156	493	162	166	393	314	308	436	126	195	96	178
YLR283W	211	189	210	218	324	247	302	240	256	276	305	215	170	400	234	219	313	260	267	308	89	120	154	217
YLR298C	200	139	210	174	310	236	253	193	188	161	239	120	171	445	171	155	304	287	268	336	67	122	90	146
YLR232W	2	1	1	2	4	1	5	3	3	3	3	2	0	5	2	2	4	2	1	2	8	2	3	2
YLR086W	364	326	386	445	603	538	508	425	379	410	432	312	270	785	362	416	608	594	653	817	205	222	217	326
YLR053C	33	7	25	15	61	80	55	73	31	24	45	19	17	22	8	13	39	24	39	13	6	9	7	12
YLL041C	1470	1496	1558	1982	2878	3154	2646	2794	1788	2167	2298	1997	808	1760	1281	1329	1783	1214	2232	2428	896	954	1248	1612
YLR330W	948	875	955	1186	1591	1010	1265	932	935	1116	1129	870	956	2440	1260	1232	1824	1675	1397	1815	533	766	660	1141
YLR244C	1433	691	1416	897	2286	1585	2078	1281	1448	1069	1617	763	1213	3071	668	696	2232	2095	1594	2094	675	1108	590	1001
YLR299C-A	0	1	0	1	2	1	0	2	1	1	2	2	1	0	0	0	0	0	0	0	0	2	2	4
YLL019W-A	0	0	0	0	0	0	0	0	1	0	0	0	0	0	0	0	0	0	0	0	1	0	0	0
YLR258W	632	280	646	340	1313	766	1209	692	833	395	859	318	396	1021	242	268	906	726	575	792	282	409	165	302
YLR174W	56	83	71	154	182	321	163	234	88	190	67	129	48	104	126	140	116	139	229	315	33	50	73	136
YLR444C	2	0	1	1	0	1	1	0	0	0	0	0	0	2	1	1	0	1	1	2	1	0	0	0
YLR315W	31	22	53	37	80	53	80	49	44	47	57	31	26	73	11	23	52	65	47	65	24	34	17	36
YLR374C	8	6	6	14	20	26	15	24	8	14	9	13	7	17	10	16	14	21	25	48	1	4	13	12
YLR154W-F	1	0	0	0	0	0	0	0	0	0	0	0	0	1	0	0	0	0	0	0	0	1	0	0
tR(ACG)L	0	0	0	0	0	0	1	0	0	0	0	0	0	0	0	0	0	0	0	0	0	0	0	0
YLR172C	970	500	985	649	1614	1073	1486	936	980	824	1113	539	593	1850	424	403	1401	1380	1068	1416	442	587	333	623
YLR273C	163	178	169	238	271	223	212	203	200	207	254	132	105	300	173	227	190	157	254	311	89	96	89	120
tK(UUU)L	2	2	1	4	5	3	4	0	4	4	6	2	4	12	1	4	2	7	8	6	2	2	0	0
YLL012W	255	547	291	599	735	755	689	631	326	721	322	550	123	474	623	727	678	695	1173	1684	101	169	392	730
YLR022C	487	275	524	325	654	404	615	360	449	334	589	276	425	1224	315	337	763	608	544	626	234	358	178	358
YLR382C	288	274	340	352	637	573	540	489	363	336	389	294	235	595	322	327	520	595	700	1063	208	215	192	321
YLR041W	0	0	0	0	3	2	0	0	0	0	0	0	0	1	0	0	3	3	3	4	0	0	0	3
YLR466C-A	1	1	0	1	3	2	2	1	1	3	1	2	1	2	0	2	2	1	4	2	0	0	2	3
YLR268W	654	460	662	574	962	680	902	616	707	685	784	540	459	1219	498	503	893	699	628	752	356	450	429	624
YLR420W	1313	746	1544	809	1999	1356	1853	1161	1453	1011	1466	688	874	2575	655	678	1557	1478	1205	1480	645	819	593	951
ITS1-1	212	624	336	491	464	362	146	431	288	248	63	205	5	16	6	9	29	30	18	15	5	6	5	9
YLR137W	69	107	78	127	137	182	134	139	90	132	104	106	58	166	107	122	123	141	152	199	41	71	60	126
YLR087C	2048	1579	2117	2025	3730	3298	3312	2824	2178	2142	2451	1681	1579	3444	1404	1539	3310	3294	3493	5364	1064	1355	1049	1625
YLL049W	161	152	145	183	195	186	219	171	169	197	173	133	117	279	165	181	171	170	154	207	102	112	140	198
tL(CAA)L	6	5	14	4	12	8	14	6	10	7	9	10	3	28	5	7	10	13	9	16	0	6	10	8
RDN37-1	34314	100019	50816	80941	74849	54815	21426	68547	42005	41257	9956	36817	1959	9302	3696	5301	12800	15633	6954	4615	2570	2368	1582	3054
YLR426W	296	282	295	334	543	468	517	446	370	411	439	315	176	491	246	252	505	486	546	816	143	233	186	283
YLL035W	911	519	897	684	1472	1268	1354	1105	1013	984	1253	646	489	1419	413	406	1235	1037	1132	1591	381	528	313	585
YLL009C	161	68	259	96	374	465	340	380	234	122	260	85	137	317	107	119	231	196	443	382	127	94	59	140
YLR036C	48	40	45	56	61	66	51	52	54	52	69	41	35	64	29	28	51	39	40	58	17	27	23	33
YLR118C	445	409	434	518	709	587	698	544	504	516	557	383	318	839	366	454	689	526	620	672	240	327	222	460
ETS1-2	1630	5431	2514	4073	3724	2809	1018	3556	2027	1789	390	1550	8	26	8	5	52	64	18	23	9	9	8	10
YLR406C	1723	757	1690	768	2400	1674	2231	1555	1763	1105	1836	814	1837	3711	695	628	2847	2435	1858	2110	1135	1580	719	1192
ITS1-2	293	1075	501	822	748	564	189	681	410	361	78	313	7	26	10	13	42	47	28	20	6	8	6	11
YLR136C	55	63	27	88	33	63	54	76	28	194	25	89	22	51	40	36	34	22	42	32	10	29	37	64
YLR385C	47	26	37	46	54	55	70	45	46	36	38	32	42	102	26	24	67	67	70	78	14	25	16	50
YLR281C	9	7	4	14	18	17	13	16	8	18	11	11	3	21	15	12	11	15	24	19	5	10	9	11
YLR138W	723	650	800	820	1284	1087	1100	959	770	920	817	697	471	1368	631	769	1120	1290	1330	1908	301	435	469	762
YLL019C	1601	1667	1614	2137	3252	2922	3026	2629	2007	2759	2247	2131	1097	2656	1595	1640	2667	2750	3128	4522	862	1291	1361	1924
YLR284C	48	57	48	70	71	78	60	53	58	75	57	54	46	95	87	67	92	76	83	102	24	43	36	71
YLR295C	861	707	925	864	1426	1413	1388	1277	983	1108	1112	883	532	1284	717	687	1014	772	1133	1313	480	524	721	1020
YLR307C-A	7	2	8	2	22	14	24	25	19	8	8	2	1	3	4	1	7	5	15	7	2	3	4	5
YLR349W	8	15	11	16	30	14	39	25	21	25	19	23	4	19	4	8	14	12	27	21	2	7	11	14
YLR248W	748	798	811	1093	1447	1409	1306	1292	844	1046	1064	716	605	1656	861	1007	1211	1104	1589	1766	379	572	466	777
YLL006W-A	0	0	0	0	0	0	1	0	0	0	0	0	0	0	0	2	1	0	1	0	0	0	0	0
YLR127C	458	381	453	468	781	646	686	582	570	643	632	461	270	658	284	327	591	529	652	859	216	311	280	416
YLR002C	677	306	627	351	840	652	746	555	600	628	703	363	437	1280	267	352	896	797	749	1008	265	350	254	488
YLR168C	133	197	180	240	352	516	304	476	170	410	218	284	112	313	254	216	326	253	515	703	106	110	185	282
YLR342W-A	124	101	139	134	348	288	312	242	163	125	162	95	88	218	82	87	232	242	315	441	68	84	36	93
YLR031W	6	14	5	18	14	20	16	14	11	13	8	10	10	15	16	10	14	11	18	7	4	4	10	6
RDN5-3	0	3	1	1	3	3	1	3	2	1	0	2	0	2	1	2	1	0	1	1	0	1	0	1
YLR189C	533	666	454	854	851	784	673	720	517	951	647	646	453	1011	756	891	868	733	911	1082	283	397	447	720
YLR358C	0	0	0	0	1	0	2	0	0	1	1	0	1	0	1	1	1	0	2	2	1	1	2	0
YLR134W	92	96	102	127	185	147	156	134	121	180	107	140	58	191	84	111	126	158	170	257	57	65	64	135
YLR051C	139	82	152	105	217	150	149	157	144	132	152	70	172	470	135	133	280	272	243	218	80	101	66	115
YLR466C-B	81	127	122	107	126	135	135	130	101	108	153	129	28	182	68	113	112	138	144	266	37	79	75	122
YLR215C	284	144	260	205	450	378	414	302	274	319	357	243	223	544	157	130	376	354	363	432	137	158	141	262
YLR206W	1986	2147	2024	2643	3211	2626	2971	2541	2325	2810	2781	2086	1296	3307	2231	2277	3186	2763	2795	3582	981	1490	1180	2108
tI(AAU)L2	0	0	0	0	0	0	0	0	0	0	0	0	0	0	0	0	0	0	0	0	0	0	0	0
YLR201C	727	599	749	699	1231	963	1178	840	948	729	1042	600	417	1066	529	515	1053	775	827	1069	419	534	432	651
YLL018C	5563	4472	5392	5270	9415	7867	8452	6996	6428	6011	6844	4810	4116	9726	3624	3644	8540	7664	7317	8785	3162	4472	2484	4299
YLL025W	15	16	18	16	30	24	32	17	22	38	19	32	15	40	24	24	25	23	27	43	5	10	19	42
YLR392C	160	87	132	118	232	180	197	133	144	121	182	119	107	287	103	96	235	198	180	273	70	103	81	96
YLR063W	196	67	174	73	356	282	312	273	213	165	273	95	88	264	28	37	338	264	243	328	92	100	57	100
tA(UGC)L	0	0	0	0	0	0	0	0	0	0	0	0	0	0	0	0	0	0	0	1	0	0	0	0
YLR124W	9	4	6	4	9	10	8	6	5	4	7	3	1	11	1	4	4	3	8	11	3	6	3	8
YLR350W	1147	1892	1159	2352	1285	955	1252	896	1288	1772	1313	1428	660	1855	1913	2099	1014	741	848	1013	561	755	1063	1549
YLR312C	19	96	37	139	98	134	79	121	31	130	39	111	21	59	132	133	47	55	170	195	16	13	63	99
YLR204W	150	92	176	131	313	258	236	206	172	119	171	104	112	333	111	97	244	185	252	286	106	110	82	166
YLL007C	372	332	361	422	520	372	470	360	404	387	488	298	257	632	310	354	414	388	399	535	174	254	183	299
YLR141W	45	44	67	54	105	94	76	60	70	70	48	55	43	106	51	57	63	95	94	114	34	40	44	82
tD(GUC)L1	0	0	0	0	0	0	0	1	1	2	1	1	0	1	0	1	0	1	0	1	0	0	0	3
YLL038C	148	70	147	98	266	182	194	153	130	122	150	77	120	321	116	105	259	288	247	296	73	116	64	130
YLR257W	1129	978	1228	1303	1612	941	1369	907	1318	1047	1441	836	1012	2428	1069	1043	1760	1383	951	1050	615	871	546	896
YLR108C	70	78	105	103	239	389	243	364	148	199	121	140	47	156	75	79	209	133	390	639	39	64	58	86
YLR163W-A	0	0	0	1	0	2	0	0	0	0	0	1	0	1	0	0	0	0	1	2	0	0	1	0
YLR416C	4	8	6	13	14	17	9	17	8	6	7	8	4	13	4	5	10	11	10	11	8	4	5	10
YLR375W	1293	1062	1438	1188	2169	1411	1939	1444	1831	1364	1882	1211	692	2201	900	962	1276	1251	1278	1504	828	1076	578	1060
YLR287C-A	1542	985	1684	1274	2444	1721	2234	1646	1729	1293	1832	978	1604	3163	995	1074	2641	2277	1758	1998	1058	1429	809	1170
YLR154W-E	2	8	6	4	6	4	3	3	4	3	0	4	2	2	2	4	1	0	2	0	1	0	0	0
YLR155C	1114	912	1170	1094	1312	1363	1177	1118	1213	1376	1193	1105	549	2364	700	985	996	868	1332	1153	491	596	958	1292
tS(AGA)L	0	0	0	0	0	0	0	0	0	13	0	10	0	0	0	0	0	0	0	0	0	0	14	28
YLR003C	587	210	563	281	781	605	774	551	607	420	659	301	338	1102	224	232	730	615	553	675	212	324	203	367
YLR221C	251	147	259	150	358	228	298	205	230	178	292	122	213	518	159	164	368	306	298	342	94	164	78	160
YLR355C	5335	3677	5056	4460	9167	9027	7696	7696	5631	6481	6226	5256	3951	9534	3501	3595	8296	7516	9644	10272	3379	4166	3674	5884
YLR464W	9	19	11	22	29	27	19	25	17	18	12	17	12	36	23	37	27	39	50	48	6	9	17	23
YLR446W	293	236	276	284	523	427	524	387	405	426	460	347	140	371	189	192	423	380	387	579	104	178	168	298
YLR237W	1071	1109	1313	1426	2048	1304	1856	1168	1836	800	1593	698	484	1492	1077	1093	1064	1009	1298	1968	523	568	365	541
YLR441C	5080	2649	5226	2710	7533	4809	6294	4371	5221	3137	5152	2252	4839	10271	1890	1815	7465	6506	4712	5414	2770	3784	1684	2653
YLR178C	474	752	506	1012	1111	1278	1029	1067	694	1322	660	1215	258	722	782	818	675	583	908	1057	283	370	791	1293
YLR028C	1310	1232	1397	1636	2376	1837	1967	1614	1548	1563	1641	1228	919	2410	1105	1353	1920	1795	1836	2158	634	958	661	1249
YLR043C	1072	793	1074	1069	1485	1330	1458	1173	1173	1107	1254	975	878	1967	955	1120	1396	1164	1230	1173	744	872	838	1202
YLR218C	9	9	7	18	24	19	23	21	10	9	11	12	13	27	15	12	16	8	28	23	5	5	14	20
YLR243W	480	265	423	332	640	548	591	430	454	433	498	284	306	865	251	273	600	554	501	629	204	324	258	383
YLR148W	558	399	636	503	984	688	884	580	616	599	709	431	388	950	341	346	756	707	545	682	215	350	205	352
YLR162W-A	1	1	0	0	1	0	3	0	0	0	2	0	0	1	0	3	0	1	1	1	0	0	0	0
YLR462W	9	16	6	20	20	23	17	16	10	21	10	14	8	20	17	34	21	26	34	51	5	7	10	21
RDN37-2	79346	252309	122057	201822	184214	132148	46809	168106	97891	95184	19048	85862	2686	16640	5679	9188	23631	29260	12082	7422	3564	3253	2601	4778
YLR095C	1362	1003	1225	1243	2298	1798	2000	1546	1354	1505	1851	1107	839	2357	902	955	2226	1946	1928	2712	633	990	766	1208
YLR199C	669	699	721	874	1207	985	1053	852	774	901	836	628	374	1077	507	560	877	686	778	839	296	419	428	662
YLR154W-A	13	25	13	19	12	12	8	12	12	12	6	13	5	13	8	11	2	5	5	4	1	2	6	10
YLR154C	103	137	122	200	200	150	204	153	131	180	153	127	102	296	162	178	198	175	197	212	71	78	138	212
YLL064C	78	92	92	90	172	110	112	103	126	126	135	94	60	249	81	108	166	195	144	175	33	78	73	98
YLR461W	12	15	18	17	25	16	16	10	17	11	14	18	6	42	22	30	20	30	25	32	4	12	12	10
tL(UAA)L	0	0	0	2	0	0	2	2	0	2	4	1	2	6	1	2	4	0	2	3	3	0	3	6
YLR265C	141	113	116	141	185	142	171	143	138	168	170	116	85	273	135	136	218	175	205	234	52	80	75	138
YLR428C	2	4	0	4	0	3	7	5	2	10	3	7	0	3	2	4	0	4	4	3	0	0	5	5
YLR242C	98	65	107	107	178	145	143	116	112	130	135	97	68	199	83	88	155	165	166	249	53	85	69	121
YLR351C	833	704	868	920	1400	1127	1220	900	889	943	980	737	826	1991	862	862	1535	1327	1309	1457	526	730	600	998
YLR306W	134	120	147	131	206	159	206	118	121	107	154	93	90	245	95	94	210	157	154	165	68	102	79	113
YLR130C	731	292	844	290	1009	602	918	526	819	314	853	263	665	1762	191	176	977	1048	674	973	466	591	132	235
YLL028W	1159	331	1342	407	2722	1985	2588	1786	1606	569	1603	452	662	1962	308	327	1923	1954	2581	3800	515	790	269	453
YLR183C	26	29	18	57	27	59	26	31	20	40	25	24	16	39	45	44	46	45	47	59	15	12	33	42
tR(CCG)L	0	0	1	0	3	0	0	0	0	0	0	1	0	4	1	0	0	2	0	2	0	1	0	1
YLR042C	197	1154	158	1341	22	31	15	17	165	1035	214	794	112	269	889	1103	12	5	19	12	86	95	593	820
YLR396C	296	284	309	376	550	413	508	385	382	391	410	318	225	598	210	260	466	468	373	504	153	224	184	288
YLR122C	9	7	7	14	18	15	12	13	10	14	15	10	4	18	9	10	15	13	22	31	6	6	6	8
YLR326W	150	154	168	177	269	233	239	195	154	160	196	124	99	304	193	158	221	177	270	314	70	105	86	157
YLR024C	748	587	772	786	1595	1245	1396	1174	929	798	1064	583	564	1237	505	558	1262	1266	1359	1967	372	495	382	582
YLR442C	281	332	321	438	517	451	486	396	312	395	371	298	224	549	337	366	505	506	504	752	137	187	211	332
YLR380W	1789	1439	1566	1701	2798	1847	2682	1707	2150	1890	2271	1418	830	2250	949	969	2102	1622	1377	1895	738	1091	677	1122
YLR061W	3439	1416	3223	1655	4852	3173	4656	3089	3788	2250	3807	1674	2336	5502	1020	1050	4342	3615	2676	2817	1965	2620	1136	1656
YLR386W	301	263	352	370	594	431	526	371	337	373	419	290	280	670	263	300	547	544	480	653	166	229	173	294
YLR387C	218	260	246	358	462	388	329	295	268	364	300	248	254	712	325	348	454	382	466	440	138	163	197	333
YLR422W	1348	1037	1383	1330	2774	2417	2506	2148	1590	1703	1878	1226	992	2273	945	1052	2298	2202	2441	3368	657	918	730	1142
YLR354C	3360	2125	3385	2633	6027	4757	5152	4101	3681	2993	4013	2750	2219	5172	1667	1704	4508	4230	3946	4130	2060	2366	1687	2569
YLR434C	30	52	26	62	22	10	14	12	26	20	24	13	22	48	50	43	14	10	12	13	9	12	14	21
YLL039C	1126	3006	1490	3822	2619	2590	2273	2318	1562	3654	1471	2876	639	2243	2840	3439	1493	1479	2307	2259	511	610	1977	2656
YLR149C	310	605	364	885	660	557	635	522	440	801	443	626	212	531	595	616	466	410	430	661	128	243	366	526
YLR208W	1460	1079	1466	1496	2517	1866	1966	1475	1599	1467	1651	1157	1076	2741	1050	1160	1924	1765	1635	2020	805	1098	725	1277
RDN5-6	0	1	1	2	3	3	2	2	1	1	1	2	0	1	0	0	0	0	1	2	0	0	0	0
YLR115W	498	355	516	480	952	708	722	612	585	426	634	324	373	1038	348	355	816	793	746	1011	257	339	218	330
YLR005W	489	333	464	436	802	508	682	393	468	394	527	308	302	973	299	316	684	650	559	716	226	293	211	348
YLR147C	71	37	69	61	84	74	88	63	67	51	87	48	48	116	29	25	80	72	50	50	20	29	16	27
YLR076C	1	1	0	0	1	2	3	1	1	2	1	1	2	6	0	1	2	2	1	2	0	0	1	2
YLR162W	1	2	3	1	3	3	3	1	3	1	1	2	2	0	2	1	2	0	4	5	0	0	0	2
YLR451W	786	523	796	687	1301	1004	1178	872	820	688	994	494	556	1419	483	550	1325	1221	1120	1578	392	532	343	547
YLR212C	412	442	395	604	653	605	603	528	456	631	586	465	227	608	340	369	555	363	562	616	216	251	297	443
YLR454W	3689	3432	3711	4560	6983	6611	6231	5951	4125	5776	4922	4453	2767	5875	3249	3287	6143	6047	6918	10444	1698	2454	2442	3894
YLR437C-A	0	1	0	0	1	2	0	2	0	1	1	1	0	2	0	1	0	0	3	1	0	0	1	0
YLR064W	1337	1009	1514	1214	2210	1827	2211	1679	1830	1527	1909	1183	940	2233	892	1036	1941	1691	1606	2269	839	1220	830	1241
YLR132C	109	110	92	144	191	206	217	177	130	253	124	185	71	162	91	133	185	121	226	252	47	77	131	194
YLR182W	626	731	606	1010	824	507	671	481	594	650	740	433	451	1133	836	891	794	735	638	796	263	394	266	503
YLR038C	358	346	447	406	724	660	650	634	426	406	453	396	328	857	455	455	662	547	754	676	279	292	358	558
YLR107W	255	339	285	537	390	420	379	350	289	564	327	409	209	553	445	424	369	312	322	422	137	171	255	389
YLR139C	808	676	770	723	1632	1445	1592	1420	1101	1022	1337	838	362	1035	385	478	1151	1150	1346	2177	387	512	388	590
YLR305C	3804	1930	3476	2344	5854	4164	5293	3761	4229	3121	4817	2354	2587	6255	1739	1856	5052	4799	4109	5875	1765	2679	1425	2305
YLR339C	0	1	1	2	0	1	1	0	2	1	2	2	2	3	0	2	0	1	1	0	0	0	0	0
YLR062C	1	0	2	0	1	0	0	0	0	0	2	0	2	6	0	0	1	1	0	1	0	1	1	0
YLR334C	0	33	46	3	4	8	71	35	5	3	6	2	2	74	2	40	7	49	6	46	2	38	2	31
YLL002W	52	115	72	138	114	101	112	80	70	122	98	90	46	130	102	102	92	74	105	106	31	44	55	75
YLR070C	67	54	76	53	147	95	162	98	99	80	114	59	27	92	27	31	92	72	74	94	24	60	19	39
YLR157C	1166	967	1218	1152	1383	1426	1267	1169	1271	1427	1240	1147	618	2481	760	1044	1094	947	1409	1261	556	676	972	1398
YLR226W	127	100	117	158	227	194	193	176	148	175	149	127	84	229	119	113	189	171	201	236	60	78	87	160
YLL048C	7290	4301	7479	5453	12234	10446	11255	9772	8532	6297	9370	5064	5092	11143	3914	4112	10604	9816	10752	15472	3636	5366	2886	4901
YLL024C	14320	10953	15810	14047	28722	17390	22815	15666	17580	13398	16504	10761	10405	28260	10154	11332	21214	22740	17836	21323	7241	9730	6113	10361
YLR009W	728	384	767	416	1044	749	948	630	736	611	834	414	542	1406	306	360	1063	950	918	1125	368	498	384	570
YLR057W	840	481	930	604	1434	1097	1347	978	1010	675	1109	512	507	1376	380	446	1208	1203	1182	1618	402	519	282	461
YLR348C	39	34	42	39	97	92	88	70	43	42	49	28	32	109	37	39	98	94	103	120	23	40	23	43
YLR439W	537	422	569	528	1076	1144	1179	1095	763	698	769	597	223	784	326	332	776	767	1018	1389	353	358	306	458
YLR236C	2	29	2	41	4	3	1	7	4	21	6	9	7	4	44	39	5	2	5	9	1	1	8	4
YLR345W	288	383	333	576	510	388	457	345	310	444	386	356	229	586	468	475	451	411	401	540	123	190	202	305
YLR050C	208	176	207	288	309	402	314	327	207	306	266	236	191	506	272	315	384	341	585	643	156	214	263	432
YLR332W	3871	6545	3880	7343	4271	4053	4466	3895	4277	9956	4777	8502	2169	5072	5308	5992	3462	2322	3534	4021	1731	2520	5984	8025
YLR369W	576	740	557	952	812	621	710	578	586	594	665	404	425	1006	707	693	622	557	515	721	208	324	204	375
YLL065W	0	0	0	0	1	0	0	0	0	0	0	0	0	1	0	0	0	0	0	2	0	0	0	0
tX(XXX)L	0	0	0	0	0	1	0	1	0	2	0	0	0	0	0	0	0	0	0	1	0	0	0	0
RDN5-1	44	32	47	35	76	53	60	50	62	49	97	62	39	107	38	43	79	45	75	60	50	63	42	52
YLR417W	284	407	308	565	328	342	332	250	284	401	327	334	212	620	447	532	352	318	337	432	162	195	184	356
YLR179C	834	634	831	925	1898	1331	1440	1059	835	1021	805	841	850	2165	1070	997	1947	2430	1742	2297	560	927	554	1124
YLR013W	0	0	0	0	0	0	0	0	0	0	0	0	1	2	0	0	0	1	1	0	0	0	0	0
YLR116W	868	866	866	909	1697	1364	1581	1383	1190	1233	1364	950	526	1416	620	738	1343	1419	1394	2165	448	594	475	781
YLR371W	1516	1326	1517	1809	2575	1973	2388	1753	1620	1726	1951	1284	1119	2683	1482	1447	2429	2245	2312	2868	820	1134	859	1319
YLR222C	667	334	685	414	1036	798	868	630	668	521	743	383	554	1557	287	324	933	1023	904	1087	341	426	250	450
YLR365W	1	4	3	2	2	4	6	8	6	6	4	1	3	4	0	4	3	2	3	4	4	4	2	1
YLR440C	282	228	330	307	500	371	406	319	283	275	332	195	254	577	251	247	479	434	467	543	130	224	119	240
YLR059C	628	417	588	497	1001	678	895	587	651	614	687	500	370	1096	365	386	821	803	681	919	350	491	391	604
YLR165C	127	133	161	135	230	170	184	166	138	162	168	123	72	200	109	116	191	139	163	188	53	87	76	98
YLR421C	86	70	83	116	142	103	84	88	75	95	85	74	93	273	91	113	148	154	92	123	46	62	50	82
YLL027W	497	682	542	845	1170	1525	1039	1439	587	1160	710	788	390	1012	638	615	1254	923	1289	1391	349	414	535	823
YLR292C	937	1032	905	1233	1133	920	1038	896	980	1039	1063	848	733	1740	1082	1170	1138	982	902	1013	493	647	680	1006
YLR034C	743	447	604	658	894	761	810	725	729	722	800	539	595	1530	634	665	945	806	903	1125	319	636	338	659
YLR016C	98	62	106	63	160	103	116	87	122	107	121	71	69	176	58	56	130	124	118	147	48	66	45	95
YLR255C	4	1	4	5	10	8	6	8	3	8	4	3	1	4	7	7	5	5	11	18	0	1	3	2
YLR297W	515	246	614	264	1000	777	1068	762	704	473	684	349	236	750	143	164	667	430	581	677	310	352	174	260
YLR225C	225	349	184	467	405	295	375	231	217	364	222	239	189	468	471	474	399	331	333	384	91	138	215	307
YLR047C	549	399	483	437	772	710	742	707	625	651	801	464	298	667	310	341	671	569	719	1022	243	398	259	427
YLL022C	76	104	100	122	170	153	119	125	89	94	90	86	61	182	107	103	157	136	178	199	42	58	60	110
tI(AAU)L1	0	0	0	0	0	0	0	0	0	0	0	0	0	0	0	1	0	0	0	0	0	0	0	0
YLR395C	616	613	675	739	1065	1092	968	1022	800	900	767	739	369	813	577	615	631	484	833	846	363	328	521	788
YLL067C	259	304	276	404	628	581	481	474	342	419	308	327	229	814	435	567	696	944	1055	1344	148	232	329	454
YLR359W	1499	1693	1359	2746	1759	2647	1338	1794	1384	2141	1477	1695	1948	2979	2395	2348	2646	2094	2828	2404	801	1081	1095	1785
YLR456W	51	75	74	105	94	61	83	52	66	75	76	56	56	128	82	89	95	74	76	55	36	41	48	76
YLR067C	502	395	528	514	817	740	718	631	525	551	654	374	339	778	378	360	723	591	763	1052	230	278	236	374
RDN58-2	2084	6870	3225	5505	4983	3573	1056	4471	2545	2526	429	2555	20	79	13	29	42	74	32	43	9	9	8	13
YLR040C	448	1388	426	1570	45	65	55	56	475	441	588	352	288	747	1363	1659	44	9	45	24	239	338	256	379
YLL013C	3096	2194	3536	2920	5818	5978	5360	5613	4171	3332	4487	2834	1816	4385	2067	2089	4079	3872	5844	7319	1966	1950	1509	2477
YLR320W	359	236	340	363	602	522	554	465	414	428	487	282	296	729	238	276	657	688	707	862	202	284	190	280
YLL045C	9321	4194	9367	4591	13787	9536	12400	8658	9855	5767	10285	4330	8669	17142	3239	3137	13194	12373	8999	10367	6118	8062	3181	4910
YLR352W	458	483	484	574	866	706	806	708	569	654	659	553	261	610	343	341	505	462	600	791	158	266	235	416
YLR160C	1080	900	1161	1088	1315	1337	1138	1120	1209	1386	1197	1092	555	2273	699	960	1005	869	1313	1151	496	610	979	1274
YLR071C	1676	1117	1618	1322	2659	2120	2504	1942	1705	1583	2019	1088	1198	2700	1027	1133	2551	2373	2299	3747	757	1192	761	1182
YLR286C	3159	7554	2600	9104	2460	1251	2318	1012	5352	7866	3446	5307	2692	4881	6466	7475	2811	2788	1260	2454	1754	2454	2843	4261
YLR037C	24	18	19	19	31	47	35	35	18	35	18	24	10	31	19	24	41	31	36	44	10	16	13	20
YLL004W	141	145	146	177	213	178	228	164	169	200	231	121	113	309	147	155	212	185	187	247	75	89	107	151
YLR100W	641	441	693	524	1091	925	969	776	664	654	712	512	467	1351	496	532	1035	876	1054	1223	325	427	371	620
YLR088W	573	326	565	399	868	702	804	604	683	538	765	360	365	959	293	310	800	658	700	913	257	363	201	304
YLR216C	2356	3328	2631	3942	4483	3251	3893	3012	2958	3858	2968	2980	1432	3336	2698	3130	2958	2450	2613	2735	1065	1420	1736	2747
YLL040C	5595	6739	5569	9077	10992	9618	9722	8477	6602	9114	7862	6849	3945	8898	6001	6345	9048	9120	9322	12906	2726	3629	3646	5831
YLR154C-G	7260	23439	11107	18446	16866	12547	4462	15500	9377	8396	1747	7521	211	1127	436	671	1468	2039	928	609	242	216	200	347
YLR410W-B	28295	45570	24028	63120	18578	15794	17101	16081	30054	35123	31116	20755	16335	48593	41195	58775	21077	16604	23444	25071	8871	12891	20345	23000
YLR410W-A	4453	9619	4169	11639	3415	2720	3912	3403	4514	5277	4985	3916	2930	9667	8808	12973	3853	4300	3902	5860	1658	2562	3745	4852
YLR157C-A	5752	9235	7165	10969	2941	2923	2088	2627	8735	9438	11112	7751	4855	22289	9039	15668	3848	3933	5647	6050	2917	5225	5260	9207
YLR256W-A	4034	5272	4240	6362	2742	3065	1832	2115	5023	5618	5157	5165	3957	12501	6656	8739	3796	3133	5030	3917	2375	3238	4251	5629
YLR035C-A	31059	39885	31691	48968	41337	37008	32905	34938	35474	50324	50451	42570	25861	81832	40547	61033	52913	47626	65033	68721	14601	21294	34177	48061
YLR227W-A	2410	3756	3517	3730	1186	1192	1025	1134	3171	3207	6062	4233	2112	11252	3448	7166	1660	1850	2172	2446	1168	2672	2051	4348
YLR157C-B	28751	47749	41194	47302	14293	15272	13114	15810	34600	36816	50372	34039	24456	119633	44727	86745	21952	22285	31070	35634	12825	27160	28657	47500
YLR227W-B	25789	41070	36155	39392	17943	17707	17232	19415	29673	33247	50795	33350	19018	92730	30013	64427	23460	24130	31704	41348	10920	22462	21031	37828
YPL071C	30	28	26	37	52	33	31	42	34	28	24	29	24	44	11	20	37	30	23	26	13	10	17	19
YPL208W	312	326	312	509	527	430	516	345	349	409	440	327	208	600	314	311	471	388	444	540	140	174	147	244
YPL102C	0	0	0	0	2	1	0	0	0	0	0	0	0	0	0	0	0	0	1	0	0	0	0	0
YPL217C	1240	498	1233	617	1829	1368	1419	1108	1150	758	1165	549	1051	2705	482	521	1890	2108	1668	2533	542	711	381	678
YPL197C	4	3	10	6	9	6	6	3	8	5	3	2	2	4	5	2	2	3	2	5	2	4	2	3
YPR139C	794	603	764	679	1206	976	1186	900	860	601	1015	452	503	1293	536	521	1149	950	1003	1362	323	528	296	432
YPR169W	743	375	754	456	1128	753	1003	639	715	648	882	404	577	1568	376	386	1069	1041	890	1061	326	469	276	477
YPL257W	94	70	94	85	139	86	130	69	88	87	117	60	68	183	72	57	127	90	85	103	39	95	40	45
snR41	228	141	210	170	371	241	302	252	245	236	240	173	114	290	75	78	173	206	150	210	107	122	79	132
YPL009C	1022	784	1078	1120	2006	1430	1582	1263	1123	1082	1189	704	751	2022	823	923	1764	1806	1688	1940	448	693	430	773
YPL183C	1240	540	1139	630	1816	1364	1547	1104	1216	925	1394	612	790	2076	432	400	1625	1549	1378	1677	554	741	362	672
YPR065W	1121	2097	1054	2276	2703	4000	2615	3654	1775	3237	2160	2072	591	1934	1532	1517	3546	2090	3355	4028	498	953	1036	1528
YPR099C	9	6	16	9	10	12	15	10	14	18	12	14	3	14	9	9	15	8	23	9	5	6	10	18
YPR032W	905	1125	867	1366	1426	1369	1217	1221	910	1205	1087	939	542	1448	895	1058	1145	940	1340	1692	414	508	543	831
tM(CAU)P	0	1	1	0	0	1	0	0	0	0	0	0	0	2	0	0	0	1	0	0	0	0	0	1
YPR194C	520	230	325	426	855	804	760	681	342	243	453	154	406	709	270	254	1390	786	1031	1004	257	369	171	248
YPL084W	953	815	977	936	1819	1223	1604	1176	1144	1122	1282	726	650	1644	667	713	1433	1319	1251	1749	400	627	463	707
YPR101W	44	48	57	98	81	54	71	39	46	66	58	47	71	212	123	153	115	102	76	76	41	51	66	114
YPL179W	4305	3355	4230	4107	6648	5146	6191	5045	5159	5425	6034	4132	2294	5311	2277	2503	5079	3952	4314	5470	2092	2957	2444	3434
YPL224C	425	332	425	443	671	482	560	399	470	430	550	351	279	738	295	317	544	494	462	622	178	300	187	291
tG(GCC)P2	0	0	0	0	0	1	0	0	0	1	0	1	0	0	3	2	0	1	0	2	0	0	1	1
snR17b	3701	3215	4025	3382	5964	5038	5432	4934	4471	4052	3803	3602	2954	5108	2046	3120	4117	4397	4277	4079	2395	2752	2587	3297
YPR204W	240	244	257	345	555	534	437	458	351	396	337	287	233	766	397	475	653	784	967	1152	159	226	242	380
YPR103W	1078	1112	1122	1370	1876	1546	1822	1336	1285	1488	1383	1204	641	1774	937	1076	1587	1356	1311	1588	557	779	881	1251
YPR155C	304	296	330	417	653	617	566	547	370	511	487	369	193	479	243	291	427	384	507	699	146	201	166	289
YPL250W-A	7	1	8	0	6	5	12	4	2	4	1	2	5	20	2	2	5	3	10	5	1	2	4	2
YPL244C	414	213	400	303	603	459	588	396	475	369	509	264	274	710	213	244	586	532	595	861	189	307	164	322
YPR141C	265	918	248	1151	289	252	270	231	276	4021	414	2953	143	402	837	943	264	189	282	324	141	164	1992	2991
YPL275W	4	8	5	12	20	34	124	103	8	13	9	10	3	14	7	5	13	108	30	121	3	5	5	7
YPR156C	1834	853	2147	867	2983	1675	2911	1659	2476	1090	2332	908	929	3060	570	749	1953	1882	1917	2173	951	1135	522	825
YPL240C	2695	3829	3572	4967	6485	4834	5419	4525	4082	3885	3797	3255	1642	4624	3659	3834	3730	3495	4443	5602	1182	1615	1552	2724
YPR188C	168	158	189	202	299	268	303	234	203	232	235	162	169	426	195	212	330	342	274	348	93	136	139	243
YPL111W	1052	680	1251	792	2638	2220	2337	1906	1437	1962	1327	1278	639	1988	526	566	2206	1834	2347	2495	549	812	792	1447
YPR119W	570	485	523	614	492	459	399	434	553	546	782	362	343	889	408	528	402	297	431	406	253	358	209	342
YPL192C	40	671	34	976	12	4	4	9	32	2015	53	1572	31	92	1079	1180	2	0	2	2	34	44	1506	2073
YPL059W	402	286	413	385	772	730	748	625	493	479	547	368	245	679	280	282	593	518	645	681	268	290	221	396
YPL218W	1140	834	1241	1098	1803	1210	1552	1125	1232	1019	1325	898	971	2358	915	978	1863	1579	1337	1508	821	1150	717	1151
tI(AAU)P1	0	0	0	0	0	0	0	0	0	0	1	0	0	1	1	0	0	0	0	0	0	0	0	0
YPL264C	38	46	48	65	79	73	78	72	54	62	45	80	24	61	37	39	54	53	70	88	7	30	46	55
YPL198W	5740	2540	5839	2589	9579	5761	8831	5495	6498	3946	7530	2766	3229	13178	1756	2130	8220	5645	6177	5981	2385	3365	2485	3409
YPL006W	1521	1747	1455	2262	2603	2643	2361	2290	1836	1893	2065	1572	1233	2565	1562	1668	2442	2169	2690	3649	852	1114	822	1511
YPR161C	771	563	763	661	1368	1065	1120	886	793	724	933	536	568	1429	477	516	1142	1172	1057	1448	364	536	337	594
YPL145C	3447	2116	3276	2478	5230	3462	4702	3250	3726	2782	4371	2117	2017	4720	1429	1507	4095	3323	2846	3497	1583	2315	1068	1778
YPL092W	310	159	326	230	839	1259	641	936	411	410	514	340	442	793	163	201	1351	728	1283	918	223	326	184	331
YPR181C	7318	5948	7663	7256	11312	8386	10527	7960	9511	7842	10131	6391	4670	10560	5006	5642	8525	7391	7951	9756	4047	5651	3692	5905
YPR171W	379	270	395	303	661	493	593	506	419	438	577	288	250	631	196	202	627	541	497	754	183	257	167	284
YPR122W	2932	4566	2443	5847	2692	2151	2460	1875	2558	3690	3044	2737	2127	4760	4661	4813	2349	2178	2133	3014	1141	1860	1660	2717
YPL091W	755	620	925	786	1773	1508	1370	1234	787	894	890	607	652	1785	594	604	1581	1473	1410	1620	503	565	393	678
YPL137C	2405	1875	2400	2369	4802	3858	4232	3476	2946	2766	3106	2029	1514	3707	1625	1839	3821	3677	3737	5368	1163	1551	1172	1819
YPL014W	2527	1338	2947	1228	4846	3194	5282	3267	3831	1827	3856	1506	887	3037	486	571	2545	1288	1827	2133	1264	1425	558	706
YPL164C	208	196	238	262	290	278	271	256	213	287	245	214	106	304	202	192	279	227	295	376	78	108	117	197
YPL163C	703	3211	490	6263	1092	1619	939	1453	689	2713	808	1855	392	1067	4424	5491	828	656	1121	1408	404	408	1186	1793
YPR069C	2320	1586	2444	1949	3673	2498	3360	2270	2510	1824	2763	1257	1874	4132	1243	1276	3316	2680	2066	2567	1111	1549	794	1331
YPL038W-A	6	2	3	1	8	8	6	7	6	6	5	2	2	4	2	3	4	8	13	6	2	2	2	4
YPR072W	1065	868	1091	1060	1622	1245	1493	1084	1072	1223	1253	884	746	1887	759	776	1508	1264	1053	1430	439	677	519	805
YPR067W	245	268	247	394	368	319	376	305	277	323	313	262	133	404	270	252	260	219	273	352	128	154	182	282
YPL175W	182	171	227	226	402	373	387	288	236	259	236	186	142	446	173	159	373	373	342	440	106	162	130	188
YPL088W	484	1580	490	2054	784	701	677	608	463	1877	511	1358	366	1056	1981	2060	674	537	848	898	256	285	1275	1880
YPL125W	1279	1048	1280	1413	2082	1742	1931	1519	1398	1524	1659	1046	902	2179	890	1036	1753	1697	1596	2066	588	851	622	1027
YPL090C	4422	1795	4661	1976	6981	3903	5351	3526	4327	2083	4201	1522	3239	13024	1415	1403	6950	5443	4342	4187	1497	2209	1192	1907
YPR120C	74	44	99	56	129	153	104	129	89	66	91	54	68	161	55	56	104	86	160	144	56	67	41	86
YPR198W	609	1142	624	1517	1037	1010	951	957	710	1656	811	1328	389	1019	1273	1457	911	775	1129	1417	332	474	988	1522
YPR053C	192	126	196	174	315	260	284	230	235	206	254	179	159	393	145	152	345	311	287	409	144	246	124	205
YPR106W	188	187	214	217	336	249	314	229	260	250	245	183	84	268	141	146	274	217	222	276	77	117	86	152
YPL250C	1247	1248	1505	1222	2611	2445	2537	2292	1937	1843	1928	1559	760	2137	716	860	2422	1792	1892	1481	972	1224	953	1135
YPL051W	90	68	101	89	134	107	104	96	90	103	89	66	64	162	70	86	133	123	96	129	40	58	57	95
YPR013C	658	442	709	591	916	331	812	320	690	424	746	311	327	1049	437	394	695	551	378	477	290	467	151	318
YPL121C	0	0	0	1	1	1	2	2	2	0	2	0	0	2	1	2	2	0	4	2	0	0	0	3
YPR068C	91	106	60	127	105	77	72	73	58	100	82	62	47	144	95	97	100	82	121	114	32	51	45	75
YPR160W-A	10	12	8	17	12	9	7	11	11	6	9	4	6	18	22	17	7	9	8	10	3	6	4	7
YPR202W	50	48	46	64	99	94	94	91	51	83	59	51	37	105	47	109	98	127	152	202	33	39	56	71
YPL270W	871	817	971	1060	1758	1474	1495	1319	1077	1267	1174	872	737	1871	898	940	1632	1495	1737	2415	518	655	570	983
YPL248C	320	326	388	410	587	506	531	387	418	416	489	320	224	602	282	318	440	350	397	504	161	225	184	241
YPR058W	368	226	407	280	926	768	664	605	473	412	445	312	256	738	172	181	698	620	675	742	208	262	159	317
YPL004C	1617	1248	1613	1727	2728	2431	2594	2058	1892	2116	1946	1798	1060	2390	1055	1037	1981	1653	1803	2009	830	1132	970	1599
YPR110C	1533	667	1531	836	2220	1562	1903	1284	1434	1196	1532	822	1106	2719	572	553	1957	1740	1451	1887	665	977	581	1027
YPL042C	410	302	351	383	569	435	450	363	375	443	410	349	292	846	376	412	593	533	528	655	257	330	276	453
YPR149W	2131	316	2435	359	4037	2738	4102	2835	3422	706	3236	612	1148	2803	146	201	2585	1939	2166	2788	1184	1646	268	452
YPL172C	141	98	180	133	300	317	318	302	228	159	255	151	112	272	101	103	259	222	309	507	100	114	79	132
YPR009W	199	235	201	267	412	267	376	249	214	313	266	218	126	307	224	237	274	314	314	480	63	121	138	257
YPL039W	199	109	183	172	272	245	262	199	199	187	233	156	131	380	159	150	324	272	246	301	91	126	94	183
YPR051W	110	91	88	121	143	111	119	94	88	101	88	80	100	276	120	127	134	148	139	134	41	62	76	106
YPR134W	37	36	67	70	82	79	81	71	45	30	60	19	42	139	46	63	84	84	68	83	24	39	18	38
YPR118W	935	673	1040	816	1462	1080	1400	947	1066	921	1025	706	666	1907	622	603	1453	1254	1035	1442	421	630	449	700
YPR019W	1175	1003	1135	1340	1924	1534	1756	1370	1154	1275	1510	986	699	1868	788	913	1524	1494	1437	2004	517	783	532	915
YPL213W	197	170	179	184	269	229	254	211	175	201	215	128	119	371	148	159	308	249	212	250	94	126	107	162
YPR121W	591	1305	533	1739	653	510	590	430	604	700	732	554	374	896	1229	1352	545	477	447	574	234	395	290	400
YPL054W	151	560	177	854	419	547	414	508	258	1052	317	786	87	160	269	344	247	181	320	363	61	127	307	389
YPL123C	85	146	96	220	180	178	185	162	112	181	134	171	66	192	175	192	143	124	165	256	31	51	80	147
YPL144W	61	39	84	65	83	66	90	60	60	68	87	42	44	142	74	60	101	80	83	69	40	61	38	60
YPR036W-A	2541	2261	2640	2674	4837	4292	4688	4351	3589	5189	3784	4111	1937	4734	1729	1764	4332	3055	2777	2519	1869	2509	2796	3487
YPL140C	326	256	310	423	508	438	441	381	339	356	399	255	248	626	334	289	511	492	480	701	144	211	173	272
snR70	284	211	273	271	405	329	348	291	306	285	245	236	178	390	128	187	229	296	220	214	118	135	123	167
YPL202C	517	493	446	594	747	756	711	698	467	777	651	563	247	699	336	371	692	589	654	830	207	286	278	468
YPL114W	202	116	195	135	355	261	332	260	282	216	324	171	87	260	70	108	247	218	210	334	100	170	122	144
tI(AAU)P2	0	0	0	0	0	0	0	0	0	0	0	0	0	0	0	0	0	0	0	0	0	0	0	0
YPL045W	408	318	436	426	682	544	584	491	441	511	541	284	275	665	286	312	563	550	523	675	171	249	194	312
YPL267W	48	72	50	92	106	121	85	113	46	63	98	44	30	114	68	81	100	75	87	85	22	38	38	46
YPL133C	145	108	135	164	200	156	166	133	144	113	170	94	105	250	125	121	173	161	197	252	62	105	56	108
tA(AGC)P	1	0	0	1	1	0	0	1	0	0	0	0	0	2	0	0	1	1	1	1	0	0	0	0
YPL263C	1072	510	1076	597	1794	1200	1531	1060	1023	728	1303	511	652	1863	384	430	1608	1497	1329	1852	399	578	280	530
YPL097W	124	89	170	87	229	223	214	154	162	112	182	72	111	276	93	84	174	174	237	314	67	90	35	88
YPR130C	1	5	2	6	3	4	3	3	4	2	4	2	2	6	2	6	6	4	4	6	2	1	2	7
YPR177C	0	7	0	17	0	3	2	4	1	1	2	0	2	3	8	18	1	1	1	4	0	0	0	1
YPR124W	225	79	297	102	418	1024	360	815	332	112	304	123	163	366	52	62	389	325	777	992	130	147	71	98
YPR157W	779	198	1142	169	1565	746	1574	770	1191	295	1050	238	329	1198	61	105	807	722	741	897	450	454	73	110
YPR004C	851	826	872	1198	1428	1662	1375	1424	1021	1320	1195	993	534	1245	718	788	1068	990	1456	1900	464	510	538	957
YPR080W	114874	65362	126873	76193	218192	124176	158897	116065	132331	85248	137905	66447	60672	274737	46608	66102	173500	177031	152621	179447	47680	67658	43816	66861
YPL162C	208	66	188	55	342	278	344	256	217	157	266	109	125	312	17	25	286	260	247	370	107	141	57	90
YPL200W	0	1	2	0	1	3	1	1	2	3	3	1	0	0	1	0	0	0	2	2	0	1	0	1
YPR057W	56	37	57	64	79	68	72	66	47	49	57	48	50	151	55	55	103	118	91	124	21	48	23	62
YPR100W	16	19	19	13	29	32	26	17	16	15	16	12	14	48	17	16	24	32	38	27	10	12	10	21
YPR033C	1699	1124	1723	1375	2528	1825	2226	1667	1759	1540	1980	1175	1248	3015	903	938	2139	1945	1762	1959	768	1114	678	1173
YPR174C	134	147	159	197	313	218	247	231	190	188	205	173	106	373	212	207	298	313	282	368	115	139	138	186
YPR151C	15	58	23	91	37	75	36	73	23	77	24	55	13	39	80	86	51	42	114	94	8	10	38	53
YPR180W	343	318	371	420	626	417	572	400	368	356	488	255	318	838	351	402	606	571	497	580	170	283	187	298
YPL210C	1100	588	1077	752	1444	1042	1241	922	1075	824	1266	554	827	2069	506	526	1608	1445	1137	1507	453	730	394	661
tC(GCA)P1	0	0	0	0	1	0	0	0	1	1	1	0	1	0	0	0	0	1	1	0	0	0	1	0
YPL155C	118	130	82	169	186	189	174	160	136	173	141	135	87	251	194	201	201	184	253	306	64	90	83	154
YPL225W	609	497	704	535	1050	769	973	738	719	682	780	430	551	1192	494	478	1038	859	751	730	340	481	351	531
YPL081W	453	360	407	430	650	595	614	487	473	782	534	560	293	756	317	319	579	386	609	682	174	278	292	603
YPL266W	971	418	959	497	1321	1001	1281	862	882	636	1025	457	644	1782	314	369	1290	1083	945	1330	377	567	333	565
YPR002W	21	53	26	72	72	222	55	206	35	270	37	144	20	54	60	57	64	70	155	219	22	24	62	112
YPL127C	56	195	52	274	126	188	114	144	71	320	81	220	31	115	203	183	74	75	164	179	36	50	119	242
YPR108W	830	755	977	1061	1605	1247	1288	1003	897	1048	1010	807	955	2354	1066	1058	1648	1517	1543	1729	573	735	586	1065
YPR172W	556	713	577	877	810	812	830	691	625	872	706	679	406	1020	718	766	729	654	644	786	361	454	566	894
tF(GAA)P2	0	0	0	0	2	0	0	0	0	0	0	0	0	0	1	0	1	0	0	2	0	1	0	0
YPR200C	15	17	16	25	18	28	22	21	19	16	18	11	17	42	18	27	34	30	43	35	21	10	11	13
YPL058C	3056	728	3048	804	5867	3956	5325	3816	4019	865	4566	890	2338	5582	1015	762	5803	5623	5663	7740	1961	3218	863	1474
YPL073C	5	0	4	1	9	2	6	4	10	0	3	2	2	3	0	0	2	2	2	0	0	1	0	1
YPR197C	2	1	1	5	5	6	5	4	3	5	3	4	2	3	5	4	1	2	0	5	0	0	5	2
YPR088C	815	592	853	790	1343	959	1058	811	845	784	864	522	764	1865	677	716	1266	1361	1166	1404	474	623	390	683
YPL254W	452	347	345	548	454	351	431	312	396	482	473	362	297	687	385	385	405	410	375	485	175	276	196	350
YPR010C-A	605	518	710	561	1091	1179	1164	1058	736	676	836	652	455	935	561	628	896	737	1167	1068	430	380	480	727
YPL223C	10	10	13	26	71	163	67	109	22	62	10	68	4	25	18	15	34	12	91	72	9	10	29	40
YPR056W	297	184	280	246	461	331	410	330	304	287	380	171	226	628	171	182	418	367	311	416	120	188	110	177
YPR006C	274	80	293	102	550	494	487	426	341	296	365	248	169	460	62	77	451	280	419	498	147	193	151	254
YPR129W	1351	987	1357	1233	2244	1776	2050	1577	1564	1381	1879	1021	929	2319	829	953	2126	1707	1730	2279	690	967	686	1058
YPR199C	297	237	301	269	455	351	430	319	317	305	355	243	183	434	188	146	341	280	283	351	137	196	128	214
YPL062W	0	0	0	3	3	3	0	1	0	1	0	3	1	1	2	0	1	2	0	0	0	0	1	0
YPR113W	924	539	834	659	1081	741	920	639	831	513	894	472	551	1510	455	460	1007	914	595	740	446	610	279	500
YPL166W	85	122	85	167	146	106	131	89	119	165	113	122	63	160	146	138	123	98	108	128	44	58	80	101
YPR020W	173	161	185	195	323	295	296	287	176	213	217	144	150	457	227	198	266	254	305	263	132	148	150	246
YPL160W	8439	4530	8627	5266	13859	10470	12183	9219	8988	6025	9541	4533	7483	16837	3866	3958	14123	13424	11677	14956	4490	6481	2801	4672
YPL147W	56	104	62	164	113	129	118	109	66	151	108	140	64	95	113	127	105	82	123	185	33	30	96	125
YPL107W	70	125	89	185	157	170	134	159	94	193	130	130	64	160	116	140	134	122	146	181	35	52	78	122
YPL169C	1363	1002	1402	1169	2311	1706	2030	1350	1525	1336	1688	962	908	2408	823	902	1919	1908	1636	2306	649	948	682	1027
YPR169W-A	320	204	333	248	502	346	493	320	354	313	414	265	281	652	231	238	544	439	410	423	240	367	233	356
YPR170W-A	456	305	452	355	646	500	647	451	519	427	539	377	373	803	340	332	684	545	545	508	310	450	327	474
YPR014C	0	0	1	0	1	1	1	0	1	0	0	0	0	1	0	0	0	0	4	2	0	2	0	1
YPR049C	566	598	539	842	1181	1100	1050	902	654	938	799	675	338	873	529	552	970	850	1009	1305	248	282	409	587
YPL087W	248	206	319	262	501	423	513	376	349	274	334	219	161	420	180	174	272	263	369	448	144	168	142	247
YPR115W	2042	2774	2077	4044	2802	2700	2295	2388	2153	3067	2271	2329	1856	4099	3695	3599	2554	2915	3261	4712	1176	1503	1629	2556
YPL184C	1397	725	1286	904	2284	1630	2038	1609	1523	727	1634	543	868	2061	595	656	1902	1839	1752	2474	594	892	302	486
YPR111W	253	189	218	261	394	401	358	319	239	434	374	313	149	368	166	200	365	281	314	398	105	140	159	233
YPR203W	40	52	41	75	101	96	82	84	44	69	49	54	50	128	72	125	107	171	160	263	23	33	60	81
YPR189W	1508	1086	1386	1456	2629	2074	2341	1807	1740	1552	1809	1009	1083	2659	970	1056	2330	2107	2014	2569	673	1023	632	1077
YPR034W	333	318	287	458	544	440	459	353	325	489	371	362	280	797	428	409	530	596	507	744	171	241	232	404
YPL189W	61	19	60	24	115	79	129	68	50	22	96	19	23	60	14	16	75	67	102	143	16	22	15	16
YPL246C	817	736	816	923	1272	1057	1146	966	1026	1194	1085	1036	534	1360	802	860	1061	882	1064	1352	513	644	587	1097
YPL020C	624	707	656	890	908	738	890	660	672	673	770	504	416	994	640	713	947	723	706	1013	270	412	373	535
YPL255W	69	66	64	78	70	69	71	49	72	74	83	51	64	125	89	72	79	109	82	101	26	55	35	51
YPL196W	138	94	134	131	230	129	197	112	152	111	149	88	106	293	90	80	186	200	117	145	57	90	59	86
YPR135W	236	368	225	474	468	399	378	329	250	782	309	499	133	453	302	336	386	397	384	496	110	172	313	505
YPR044C	0	0	0	0	0	0	0	0	0	0	0	0	2	3	1	1	2	1	0	1	0	0	0	0
YPL061W	2800	8800	3628	10657	5396	7128	4941	6458	3961	9864	2963	7956	1465	3268	7826	8247	3308	3129	5601	7419	992	1351	4539	6900
YPL238C	0	1	2	3	9	5	10	2	2	3	7	7	2	5	4	2	2	3	3	11	0	5	0	4
YPL052W	207	347	187	454	306	329	273	285	171	553	204	365	90	264	309	344	251	196	279	341	65	82	303	377
YPR112C	524	222	578	279	941	620	752	513	490	380	509	213	380	1147	214	220	859	882	825	1058	251	300	145	319
YPL186C	83	58	102	44	188	123	150	104	96	72	138	52	53	142	54	55	133	98	96	99	24	45	25	38
YPR148C	951	997	1018	1380	1684	1516	1530	1355	994	1283	1216	895	685	1786	1064	1056	1549	1255	1441	1875	392	548	578	932
YPL276W	8	9	6	4	27	36	144	119	4	12	8	14	3	15	3	15	10	132	26	142	3	1	8	9
YPL280W	4	14	7	27	10	20	9	18	8	18	9	14	7	11	18	27	8	10	38	36	4	4	20	24
YPR143W	58	28	73	43	100	81	94	62	75	82	86	48	67	207	64	42	132	128	135	158	28	50	49	73
YPL261C	0	0	0	0	5	5	5	2	0	0	1	2	0	1	1	2	2	0	1	1	1	1	0	1
YPL034W	69	82	56	96	128	89	100	87	64	109	73	64	54	160	72	89	122	100	104	121	28	38	67	119
YPL116W	243	538	272	755	384	355	305	303	294	511	292	353	216	548	617	740	361	297	450	563	112	171	269	452
YPL131W	14350	7762	13961	8479	20011	14210	17636	13058	15029	10282	15581	7740	11484	22564	5517	5265	16872	15116	12408	13539	8720	11226	5833	8526
YPR017C	98	65	101	92	127	113	112	81	79	83	72	66	83	267	88	80	185	158	164	175	52	86	62	131
YPL012W	3070	1123	2889	1371	4353	3341	3907	2697	2783	1973	2906	1317	2160	5633	1047	1151	4154	4162	3952	4727	1416	1753	899	1743
YPL017C	36	47	52	76	92	90	65	85	53	56	57	63	33	52	59	60	66	68	118	131	26	43	37	52
YPL010W	881	598	890	837	1333	1079	1232	904	1002	894	1093	667	721	1634	656	750	1284	1119	893	1001	428	584	474	750
YPR173C	572	308	596	510	932	720	778	543	567	486	640	326	461	1271	426	364	978	956	695	919	233	337	250	387
YPL233W	112	140	139	199	200	173	149	126	117	197	190	140	135	370	233	218	237	202	216	289	84	126	138	242
YPR024W	1046	940	1183	1176	2049	1843	1812	1557	1224	1243	1352	1113	712	1784	884	898	1575	1598	1784	2742	606	738	610	1015
YPL152W-A	0	0	1	0	0	0	1	0	0	0	0	0	0	0	0	0	0	0	1	0	0	0	0	0
YPL187W	458	142	387	159	56	24	31	32	242	17	358	9	374	915	135	106	52	26	10	10	187	274	6	5
YPR191W	882	1117	1113	1517	2310	2284	1792	1911	1249	1865	1223	1482	599	1691	1287	1252	1326	1246	2082	2262	628	551	825	1576
YPR170C	0	0	0	0	4	3	4	2	1	0	1	2	0	5	1	3	1	3	0	2	1	1	0	1
YPR123C	11	10	16	22	37	34	43	30	25	26	23	20	6	38	14	13	22	17	44	60	8	10	15	16
YPR142C	0	1	1	0	0	0	0	1	0	0	1	0	0	1	0	0	1	0	0	0	0	0	0	0
YPL063W	1693	1015	1914	1110	2821	2433	2732	2266	1950	1214	2177	1085	1002	2531	830	797	2406	2257	2546	4052	982	1096	602	1017
YPR007C	15	8	18	15	33	28	27	37	24	17	17	13	12	35	10	10	50	35	51	52	9	8	7	12
YPR084W	273	205	276	262	465	392	447	330	358	333	459	275	180	481	211	221	379	395	434	518	155	203	160	261
YPL149W	220	414	262	517	307	263	276	225	282	520	262	453	122	411	357	357	239	170	173	204	78	128	284	461
YPL089C	1332	2366	1491	2819	2883	2646	2818	2505	1720	3121	1830	2413	818	2314	2214	2470	2423	2013	2682	3282	688	918	1620	2303
YPR166C	59	51	113	75	142	128	124	112	87	66	105	45	44	160	52	62	111	106	160	148	63	54	31	76
YPR167C	192	431	160	522	358	435	280	312	141	622	222	555	124	310	357	359	270	163	313	393	82	118	322	486
YPL231W	19612	14120	18600	17009	35954	27132	29643	24601	23233	18288	22999	14473	15985	34056	11997	12929	31566	31998	23675	28458	9959	14538	7083	11738
YPR025C	356	342	417	479	544	411	511	372	362	433	476	273	260	621	359	347	519	426	362	523	121	224	179	298
YPL098C	299	206	397	337	648	571	587	516	428	314	438	311	146	506	186	174	449	370	427	546	200	262	142	295
YPR147C	375	265	359	330	570	403	512	358	406	383	449	272	298	834	330	293	609	486	500	639	218	319	222	364
YPL129W	628	680	651	846	885	692	786	605	656	648	792	481	503	1401	775	787	1058	893	767	918	308	496	382	604
YPR153W	40	28	28	39	69	55	53	59	44	52	54	49	21	51	21	21	47	40	44	69	16	28	21	41
YPR164W	1672	1052	1473	1380	2501	2024	2235	1805	1628	1675	2046	1081	1148	2770	913	1027	2660	2244	2018	3005	856	1170	684	1152
YPL026C	706	366	766	439	1568	1398	1511	1212	853	753	1146	554	477	1341	357	368	1411	1052	1426	1315	418	541	366	611
YPR001W	15	37	21	58	40	93	36	66	24	125	26	90	6	26	38	43	39	46	59	54	10	21	43	71
YPL282C	0	0	0	3	5	5	3	2	0	2	1	1	0	3	3	3	4	5	10	16	0	0	0	1
YPR178W	79	87	100	130	148	120	110	92	91	121	99	87	67	199	111	74	124	162	144	186	49	58	46	93
YPR061C	60	54	78	53	173	176	175	177	93	66	112	70	49	148	44	58	181	123	132	201	34	42	42	57
YPL180W	758	894	754	1141	1190	912	1011	778	795	736	958	582	588	1366	1033	1073	1098	1060	936	1398	389	543	346	554
YPL142C	4	1	2	1	1	0	1	0	0	1	0	1	1	4	0	0	0	2	2	0	1	1	0	1
YPL019C	2711	472	1012	698	3801	1851	3472	1740	2376	962	2248	691	2508	5384	375	435	3691	3232	1863	2519	1181	1514	362	706
YPL258C	124	128	102	135	164	168	192	151	161	166	223	145	84	208	95	100	153	123	158	166	57	92	64	109
YPL022W	730	667	812	915	1282	1077	999	980	817	974	950	748	575	1430	706	736	1164	1025	1286	1582	368	552	492	836
YPL279C	338	202	312	290	454	352	406	279	322	319	378	256	180	668	248	370	460	485	603	656	194	272	250	407
YPL044C	0	1	0	1	1	1	1	2	1	2	1	4	0	3	0	3	0	0	2	1	0	0	1	0
YPR193C	6	9	12	22	24	21	12	29	8	30	7	21	9	21	22	31	22	28	46	54	7	10	17	24
YPL001W	320	217	258	300	503	413	469	316	339	424	400	299	195	501	214	198	429	309	275	409	111	167	157	262
YPR083W	277	179	260	226	459	495	430	449	324	346	408	223	202	489	187	185	514	419	478	640	126	194	132	212
YPR195C	6	12	6	10	28	17	10	20	10	14	7	7	7	29	8	11	30	13	20	14	7	4	4	7
YPL057C	1062	853	1122	1176	1856	1578	1773	1348	1382	1330	1450	1050	561	1567	715	799	1470	1105	1256	1486	506	694	625	921
YPL211W	437	160	430	171	610	409	539	312	412	300	357	220	408	1068	196	215	678	701	619	738	248	294	262	463
YPL041C	497	166	486	259	1006	611	905	547	643	354	730	266	232	659	150	154	685	571	556	785	203	324	192	242
YPR003C	430	526	435	751	685	684	636	577	474	697	622	605	232	603	448	527	623	460	657	932	223	280	360	514
YPL181W	670	477	675	682	906	717	808	614	677	690	733	444	444	1259	480	508	970	910	736	1016	256	418	294	451
YPR168W	101	70	115	96	169	122	168	110	115	99	159	63	79	216	57	61	172	161	117	164	49	90	49	83
YPL185W	5	6	11	18	8	14	10	9	11	21	15	10	3	9	9	4	6	4	4	17	2	2	10	11
YPL040C	430	284	512	403	850	822	815	734	529	439	582	303	293	810	295	348	718	783	862	1415	257	302	181	295
YPL070W	1350	1063	1369	1429	2173	1536	2186	1512	1507	1340	1723	1010	804	2114	890	986	1955	1494	1334	1821	630	830	619	886
YPR159W	2812	3807	2721	4675	5646	5926	5106	5509	3437	5478	3819	4168	1775	4346	3679	4007	4779	4096	6398	7966	1590	2190	2785	4307
YPL002C	98	94	77	114	150	153	129	113	110	153	97	114	70	194	96	87	133	118	123	144	50	77	79	96
snR51	91	56	93	63	176	146	190	146	118	110	121	62	67	158	38	54	152	156	138	195	54	76	48	78
YPL227C	205	208	210	273	323	280	323	236	203	330	271	199	168	465	216	222	336	266	335	499	122	138	129	260
YPL067C	185	200	190	292	332	314	323	339	268	370	257	324	92	279	185	236	212	176	282	275	103	142	134	257
YPL236C	190	161	186	244	274	197	251	178	209	186	242	144	135	363	156	167	258	222	173	247	103	119	94	134
YPL151C	124	101	143	129	251	235	260	186	177	168	172	97	110	328	106	93	257	260	267	342	98	127	50	108
YPL234C	1829	1236	1834	1363	2627	2085	2588	1883	2164	1704	2292	1450	1480	3145	1198	1305	2564	2155	2117	2541	1375	1849	1156	1701
YPL015C	581	766	708	982	1397	1372	1286	1221	1043	1175	1066	940	351	1027	660	722	930	772	1194	1423	399	487	434	714
YPR035W	4454	3301	4281	3903	7513	6754	6539	5762	4916	5221	5511	3974	4631	9433	3011	3048	9587	7979	6500	6178	3023	4010	2741	4209
YPR037C	79	89	64	129	163	134	155	103	78	97	96	61	76	159	93	113	164	177	147	221	39	61	62	108
YPR184W	2312	3318	2162	4692	5400	6278	4406	5222	3018	4366	3263	3965	1067	2494	3021	2964	3029	3031	5078	6430	1025	1225	1936	2926
YPL135W	670	792	684	900	1294	1286	1127	1279	803	1314	840	930	441	991	508	584	1139	942	1010	1225	405	578	475	795
YPL215W	263	194	292	263	492	468	426	396	284	248	335	233	178	411	180	179	352	313	442	523	142	159	154	225
YPL112C	440	322	457	377	771	667	719	570	495	497	548	316	352	926	292	350	767	670	665	833	207	326	218	338
tK(UUU)P	2	0	2	1	2	0	1	3	2	2	1	2	2	3	0	2	2	2	4	2	0	2	4	0
YPR146C	40	28	41	52	68	49	65	52	49	28	58	28	30	113	42	36	78	71	57	90	29	34	27	44
YPR087W	8	6	7	11	13	15	21	15	9	9	8	4	4	17	4	6	13	6	8	14	4	7	4	10
tW(CCA)P	70	45	71	56	51	32	66	47	78	76	90	62	28	99	28	48	32	30	49	51	27	41	24	64
YPL154C	2770	4253	2843	5376	4967	5590	4602	5223	3875	6681	3699	5703	1780	3743	4241	4666	3421	3235	4911	5797	1668	1991	3290	5311
YPL136W	3	9	4	7	4	16	8	16	6	12	4	16	2	7	4	6	1	1	13	8	0	1	7	9
YPR094W	233	123	217	166	258	241	284	243	242	210	240	167	132	322	99	102	236	181	176	140	78	99	78	122
YPR074C	14721	9027	15089	10449	24970	20298	22793	19051	18827	14183	19273	11533	8948	20704	6491	6930	18649	17231	16953	20937	8681	11220	6243	9927
YPL056C	192	264	202	262	524	496	478	511	301	342	351	327	118	312	217	242	390	452	561	956	108	175	168	233
YPL189C-A	65	52	98	69	220	226	209	174	114	77	108	86	63	207	76	84	232	242	271	322	53	95	88	123
YPR082C	30	25	45	37	64	62	53	40	50	45	40	35	38	123	46	48	105	72	76	82	14	41	36	69
YPR133C	349	282	328	394	559	430	510	385	363	359	490	254	282	725	280	294	563	575	456	528	154	227	173	270
YPL047W	24	31	28	34	29	26	30	27	28	26	25	20	16	62	32	32	34	34	33	41	10	24	7	26
YPL077C	96	82	109	112	173	116	138	105	94	109	138	78	71	223	102	87	165	127	126	192	46	57	51	80
YPR016W-A	0	0	0	0	0	0	0	0	0	0	0	1	0	0	0	0	0	0	0	0	0	0	0	0
YPL272C	105	73	113	119	204	211	198	183	137	152	153	127	84	198	81	104	162	164	199	271	57	73	61	90
YPR050C	2	2	3	0	6	3	4	5	5	3	4	1	1	4	1	2	5	2	4	1	0	1	3	4
YPR108W-A	0	1	1	0	0	0	0	0	2	0	0	0	0	1	0	1	0	0	0	2	0	0	0	0
YPR070W	653	552	603	717	826	591	713	545	654	638	782	464	438	1036	505	516	723	611	545	713	245	389	250	429
YPL176C	919	733	997	836	1966	1929	1786	1682	992	1091	1152	790	724	1800	770	811	1859	1951	2161	3426	450	759	510	873
YPL220W	3819	1754	3978	2037	5516	3505	4612	3228	4111	2175	3898	1686	3020	8234	1303	1347	5202	4715	3243	3806	2394	2994	1282	2056
YPL065W	209	204	195	267	306	235	342	240	219	315	318	216	89	265	120	161	270	196	187	249	78	119	108	195
YPL074W	270	120	294	155	444	285	365	277	258	177	304	126	204	516	113	143	475	432	383	460	147	212	100	158
YPL032C	4593	3856	4416	4331	6252	4937	5973	4666	5072	4949	6252	3551	2705	6593	2890	3123	5512	4297	4891	6152	2145	3130	2264	3434
YPL167C	341	346	341	475	564	484	550	465	379	447	399	331	290	660	371	357	578	595	521	792	170	260	178	316
tN(GUU)P	4	5	4	1	10	4	2	6	7	7	9	6	5	11	2	3	7	6	4	0	2	4	3	2
YPR185W	572	735	594	967	1186	1049	1015	965	657	992	749	725	402	954	661	768	1045	930	1135	1410	295	402	433	648
YPR160C-A	4	3	3	2	8	6	2	3	1	2	3	2	3	5	2	5	5	5	3	9	2	2	0	2
YPL038W	115	50	120	68	152	134	119	101	102	98	123	83	78	240	69	78	182	110	113	126	51	78	65	115
YPR145W	10077	4621	9809	5083	18979	14725	16027	13085	11240	8837	11721	7183	8889	19399	3429	3897	18575	17203	15159	16286	6427	8359	4476	7108
YPL165C	65	16	82	17	93	29	108	28	65	25	79	20	28	113	10	6	39	35	32	75	37	41	12	25
YPL193W	501	284	485	318	714	612	589	516	492	403	545	322	363	902	244	284	672	574	699	957	219	294	222	367
YPL003W	113	155	112	256	239	191	218	180	136	294	161	206	131	270	246	255	204	233	232	370	46	97	120	244
YPL178W	601	481	632	632	901	636	809	596	647	622	651	418	416	1030	524	510	838	659	588	730	256	377	316	537
YPL013C	62	34	78	67	134	121	103	91	58	58	62	39	85	220	81	76	150	160	159	185	57	71	46	100
YPR012W	4	4	6	6	7	9	1	5	7	8	8	10	4	8	5	12	2	12	6	4	1	3	3	5
YPR042C	2512	1908	2581	2736	3697	2633	3476	2385	2925	2362	3204	1847	1469	3412	1911	2112	2721	2363	2452	3167	1036	1567	1093	1740
YPL103C	272	201	277	296	530	428	453	346	315	331	354	246	189	508	193	185	407	363	376	601	143	182	131	226
YPR028W	1464	1177	1517	1417	2443	2227	2370	1993	1906	1605	1969	1323	1130	2726	1092	1226	2111	1976	2187	2515	1091	1468	1000	1578
YPR039W	36	41	46	48	74	64	62	47	50	53	47	52	22	71	41	39	78	72	63	94	30	39	34	45
YPR089W	1739	1376	1652	1693	2786	2198	2650	2097	1955	1867	2413	1372	1113	2681	1010	1111	2443	1951	2122	2894	723	1066	713	1091
YPL075W	1550	894	1480	1317	2571	1763	2260	1548	1650	1367	1918	1072	1252	2861	1019	1094	2626	2538	1973	2362	868	1185	659	1101
YPR196W	70	67	83	92	129	115	116	108	91	111	77	82	38	97	55	45	83	78	105	125	30	29	42	74
YPR077C	4	14	2	16	10	15	14	17	4	18	4	17	2	4	7	10	8	4	8	10	1	0	11	11
YPL024W	64	99	95	136	165	212	146	164	86	131	92	118	57	190	141	137	139	148	231	273	39	49	95	142
YPR008W	1624	992	1601	1241	2672	1757	2409	1565	1720	1300	2087	1010	1079	2599	818	895	2267	2068	1772	2626	716	1046	620	970
YPR071W	304	194	289	226	357	361	331	312	267	212	359	191	230	467	142	154	410	299	352	499	140	240	111	191
YPL182C	0	1	1	2	3	3	0	4	0	1	0	2	1	0	2	0	0	0	1	1	1	0	0	0
tC(GCA)P2	1	0	2	2	1	0	0	0	0	0	1	0	0	0	0	0	0	0	1	0	0	0	0	0
YPR062W	173	117	210	146	297	210	280	178	164	140	171	92	202	481	120	114	330	322	191	232	90	143	70	135
YPL277C	45	91	38	150	116	111	71	86	54	140	54	92	30	85	98	122	77	88	133	191	22	29	50	64
YPR125W	948	746	1005	751	1573	1371	1474	1223	1039	875	1112	649	545	1530	654	678	1265	1113	1363	1806	567	532	537	837
YPR131C	174	142	188	222	312	257	251	186	164	217	212	155	152	463	217	210	314	230	287	262	110	144	139	256
YPL221W	1927	1310	2080	1571	3599	2864	3089	2596	2596	1813	2630	1431	1428	3932	1256	1400	3072	2764	3031	3673	1290	1567	972	1527
YPR073C	646	521	684	686	910	732	849	720	695	664	781	471	562	1248	593	650	1044	747	751	759	330	454	424	624
YPL262W	2235	2016	2380	2718	4412	4690	3991	4071	2711	3150	2925	2639	1484	3823	1903	2052	3183	3008	3827	4355	1515	1610	1359	2355
snR45	82	90	99	120	168	115	114	98	78	77	59	68	118	229	74	78	119	207	122	93	46	52	46	70
YPR036W	3152	2445	2930	2906	4956	3645	4316	3264	3440	2927	3937	2363	2537	6102	2325	2432	4848	4496	3613	4399	1569	2483	1456	2452
YPL031C	710	664	645	806	1165	976	1067	790	762	832	871	714	414	1134	650	656	1002	978	862	1086	348	524	434	753
YPL237W	1233	656	1261	716	1799	1255	1750	1114	1264	830	1308	634	1030	2555	530	544	1770	1454	1140	1399	627	840	453	729
YPL053C	178	213	167	282	310	278	314	246	161	282	178	203	145	402	268	272	332	336	360	481	84	122	135	206
YPR109W	303	178	313	232	448	347	399	297	304	296	378	200	193	504	164	182	372	305	294	410	151	187	129	225
YPR159C-A	0	0	0	0	0	0	0	0	0	0	0	0	0	0	0	0	0	0	0	0	0	0	0	0
YPL122C	378	204	363	274	564	392	520	357	382	298	487	230	292	781	198	203	538	547	445	619	139	248	96	222
YPL085W	6467	5074	6548	5923	11964	9687	10372	8872	7655	6102	7859	4495	4820	11495	4379	4693	11324	10916	10537	14073	3229	4569	2842	4370
YPR104C	520	419	477	570	829	712	760	627	578	574	721	379	368	900	443	450	870	893	901	1190	262	356	249	471
YPR186C	253	223	236	263	333	374	344	298	228	305	301	204	166	479	189	207	383	322	347	457	124	174	149	249
YPR201W	40	22	36	29	84	69	76	52	39	27	67	38	11	55	16	15	77	40	63	50	12	16	11	22
YPL138C	62	58	62	60	114	85	99	70	56	70	78	50	69	144	70	53	118	150	104	156	47	40	43	65
YPR030W	226	296	186	503	474	402	390	404	281	833	326	771	113	339	329	430	340	262	359	478	87	150	433	575
YPR190C	625	407	656	506	1126	870	1056	773	711	704	744	416	430	1178	410	401	949	940	967	1237	283	379	305	476
YPL043W	612	218	626	322	941	635	754	570	553	405	584	237	522	1399	236	251	939	1076	872	1218	282	346	171	357
YPL108W	26	6	8	14	35	32	11	11	35	26	7	4	18	16	7	3	52	9	43	7	8	3	13	4
YPL105C	784	469	757	679	1246	884	1002	778	751	706	869	508	590	1576	491	566	1182	1224	1161	1315	388	561	332	562
YPL168W	167	138	159	150	298	234	246	239	171	173	213	142	106	302	133	145	300	241	254	320	72	114	87	133
YPR018W	255	163	239	247	443	357	353	314	217	258	273	163	185	497	185	207	517	474	451	571	133	171	95	182
YPR132W	2135	1264	2205	1304	3245	2261	2824	2186	2302	1618	2208	1121	2236	4755	1042	1092	3510	3245	2473	2702	1595	2034	1010	1509
YPL222C-A	39	12	39	26	57	31	43	29	38	19	31	19	14	48	8	13	39	32	25	33	19	21	10	22
YPR137W	473	219	480	288	715	607	583	439	408	371	513	270	346	995	233	234	788	795	653	818	275	309	162	370
YPL219W	183	252	187	357	351	287	317	226	230	324	233	224	154	364	242	235	286	261	246	302	98	133	147	236
tS(UGA)P	32	20	44	30	32	24	33	31	42	22	45	33	17	47	16	25	22	8	25	20	15	19	14	22
YPL029W	400	215	382	231	598	572	564	520	402	292	463	218	266	610	175	212	486	494	634	981	206	180	124	255
YPL113C	37	116	38	107	65	87	48	58	51	90	57	96	32	96	94	104	71	44	85	89	22	26	48	62
YPL190C	2899	2200	2961	2627	5212	3789	4454	3539	3541	3196	3824	2430	1669	4250	1656	1717	4083	3866	3772	5227	1397	1827	1334	2002
YPL241C	108	97	114	145	180	151	195	126	114	114	124	77	55	160	78	73	192	93	121	114	41	54	43	56
YPL281C	17	29	25	46	75	130	45	102	22	50	27	45	20	60	49	93	57	85	205	184	17	9	39	48
YPL023C	456	419	468	581	750	680	706	562	507	488	530	401	337	786	421	498	828	778	807	1042	261	376	260	465
YPR043W	717	517	770	491	1215	817	1106	733	736	486	705	343	698	1968	407	336	1537	1654	1042	1132	580	785	305	521
YPR116W	156	98	137	154	282	214	219	206	177	167	182	129	131	320	78	102	240	228	206	308	85	140	70	116
YPL252C	679	369	722	429	1402	1405	1440	1354	1000	693	1101	560	310	942	253	256	813	660	988	1142	404	415	275	472
YPR047W	305	297	334	390	575	614	545	574	399	374	449	273	158	426	267	250	402	364	479	772	159	195	149	232
YPL119C-A	36	68	34	70	90	97	74	97	59	79	66	70	14	56	48	46	52	39	83	87	14	20	32	34
YPL194W	170	140	160	181	290	234	218	230	146	160	209	119	117	282	131	152	282	288	315	421	83	103	75	135
YPL157W	55	25	67	42	78	103	75	81	66	29	60	21	41	127	35	31	76	90	132	147	35	40	10	17
YPL177C	1002	768	906	900	1666	1657	1572	1374	1148	1890	1370	1534	582	1464	640	691	1686	1306	1584	1644	640	801	1076	1734
YPR165W	2230	2826	2252	3567	3074	2552	2748	2337	2325	3782	2465	3046	1711	3825	3206	3336	2852	2275	2319	2772	1280	1653	2530	3813
YPL037C	3564	1920	3546	2422	5300	3834	5021	3429	4083	3180	4168	2434	3184	6860	2012	2025	4971	4335	3632	3962	2565	3354	2009	3090
YPR093C	200	156	198	216	372	301	317	266	271	246	288	183	129	352	102	169	289	225	254	296	90	131	99	134
tG(GCC)P1	0	0	0	0	0	2	1	2	2	1	0	1	3	7	0	3	0	5	1	3	0	2	1	1
YPR066W	106	173	104	202	131	79	82	64	80	127	121	112	71	190	202	175	108	104	105	145	56	82	92	134
YPL247C	1016	554	1106	676	2065	1177	2156	1227	1632	944	1506	801	509	1359	391	397	1368	1099	857	1396	413	677	296	475
YPL101W	294	374	328	494	464	414	391	316	327	395	318	288	225	715	473	483	448	434	462	582	149	230	210	379
YPL064C	99	68	100	95	135	125	117	98	98	88	117	70	91	285	84	94	189	183	164	175	57	61	52	84
YPL256C	1624	1773	1677	1933	2360	3071	1942	2741	1824	1454	2211	1054	1096	2763	1442	1588	2148	1794	2599	2925	1070	1184	652	940
YPL099C	82	61	81	78	95	82	92	75	80	70	87	48	51	182	53	56	123	75	86	99	38	56	43	59
YPR023C	435	531	512	652	749	692	634	500	420	639	520	492	400	1020	634	617	740	718	810	893	282	396	341	564
YPL093W	3698	1596	3483	1862	4766	3763	4246	3285	3531	2818	3904	1934	2381	5852	1158	1364	4342	3696	3823	4807	1645	2182	1362	2253
YPL134C	136	132	136	174	277	315	313	288	176	237	164	198	77	221	122	145	205	177	276	390	86	94	126	194
YPL153C	98	148	112	191	214	189	178	152	100	147	128	115	92	183	140	162	174	178	190	274	64	72	83	113
YPL222W	182	318	251	442	530	665	494	502	267	518	304	640	139	358	276	315	370	388	649	867	114	122	264	387
YPR075C	538	630	558	818	1017	926	986	806	697	994	764	754	343	872	635	589	722	717	857	1094	272	363	479	675
YPL118W	384	265	426	419	676	683	603	563	436	372	466	306	219	580	294	276	442	421	521	666	185	192	164	290
YPL239W	185	122	204	175	350	254	306	233	216	200	206	142	217	604	139	156	403	367	315	341	96	154	76	196
YPR136C	0	3	1	2	3	0	1	1	1	1	0	1	0	2	3	1	2	0	2	0	0	2	0	1
YPL033C	4	0	4	2	9	6	5	7	6	7	3	6	1	3	2	0	8	1	8	2	1	2	8	6
YPR045C	598	644	613	825	1031	899	933	820	677	794	832	618	440	1289	655	698	1054	975	949	1235	295	488	428	633
YPR038W	1	1	0	1	3	2	5	3	1	1	4	1	2	1	1	1	1	1	2	2	0	1	1	2
YPR011C	75	42	84	47	116	98	97	87	72	65	75	54	51	154	51	70	118	125	155	178	46	50	37	70
YPL100W	204	212	228	282	367	253	276	215	222	259	278	188	155	427	193	190	278	267	227	272	99	110	106	196
YPL076W	398	230	388	257	548	437	596	383	450	376	524	313	220	612	189	202	566	464	500	664	216	286	160	296
YPL027W	1	0	2	3	8	7	6	3	3	4	1	2	2	0	3	1	8	0	3	7	1	2	0	0
YPL271W	337	258	340	322	488	488	514	476	360	364	422	313	245	598	298	324	446	421	451	378	230	246	228	334
YPL128C	657	661	644	826	1010	771	927	668	738	793	832	621	376	975	590	647	778	660	681	977	323	436	357	596
YPL139C	239	156	240	158	339	217	348	220	260	202	316	142	148	435	103	99	327	280	215	292	83	111	64	152
YPL005W	132	180	142	208	249	201	209	182	163	185	162	148	106	285	120	151	226	238	220	323	81	111	78	138
YPL148C	31	45	41	45	63	48	51	33	25	44	37	29	30	104	35	41	48	68	51	68	25	19	23	38
YPL080C	3	3	2	0	2	2	3	1	2	2	4	0	2	0	1	1	1	4	1	1	2	1	0	3
YPL265W	1668	467	1579	529	2860	2303	2620	2282	1985	1191	2405	1006	1513	3361	257	335	4486	3549	1936	3195	1095	2067	419	772
snR59	18	12	18	16	28	36	29	28	18	38	18	18	3	21	4	10	16	10	24	22	4	11	10	14
YPR052C	1135	813	1070	897	1336	1107	1359	1047	1145	1015	1288	866	855	1886	831	956	1640	1387	1338	1592	1003	1334	960	1284
YPR145C-A	20	52	35	73	23	30	26	20	21	117	30	98	24	57	64	76	19	13	24	13	9	25	66	103
YPL096W	174	252	203	382	223	206	215	181	185	234	225	128	169	422	322	308	261	196	213	202	98	112	94	204
YPR078C	5	15	3	18	14	16	15	16	7	22	7	21	3	5	9	12	7	3	6	11	1	0	11	14
YPL104W	104	63	138	88	240	229	225	206	145	114	148	81	93	250	88	76	182	191	292	394	72	90	50	88
YPR074W-A	2	0	0	0	0	1	0	1	0	0	2	1	0	0	0	1	1	1	0	1	0	0	2	0
YPL283W-B	1	5	2	3	3	4	2	3	2	3	2	4	2	5	1	4	2	2	7	5	2	1	2	5
YPR162C	356	297	375	369	656	535	568	465	385	409	480	315	235	631	248	269	584	512	511	686	148	246	159	272
YPL030W	574	337	521	358	881	700	780	612	592	501	647	345	335	906	246	303	790	754	726	996	262	419	210	397
YPL069C	358	336	329	405	531	467	501	379	311	481	456	340	192	540	291	303	430	355	421	435	145	208	198	340
YPL188W	876	1340	867	1454	1474	1464	1342	1316	955	1494	1092	1214	514	1319	958	1044	1225	1074	1229	1798	358	518	717	966
YPL201C	10	11	17	12	32	24	24	29	24	12	18	8	9	17	2	8	24	18	36	26	6	2	8	15
YPL207W	1496	812	1645	1006	2658	2364	2386	1963	1749	1143	1763	901	1104	2777	801	884	2346	2082	2759	3627	865	963	575	990
YPR021C	730	862	706	1283	1109	976	976	963	763	971	941	720	500	1181	945	983	971	845	1008	1445	362	492	382	666
YPL253C	90	83	72	87	137	87	129	95	103	121	116	87	52	129	53	77	107	95	111	108	34	49	52	75
YPR040W	491	540	514	668	978	798	850	667	646	701	656	524	297	867	433	421	743	694	694	878	270	352	321	499
YPL143W	3514	1879	3895	2022	5463	3985	5078	3616	4081	2606	3980	1987	3735	7781	1734	1755	6021	5487	4350	4758	3051	4028	1867	2810
YPL132W	166	128	173	147	264	224	237	194	182	134	210	97	98	268	116	114	163	131	206	298	79	82	50	92
YPL171C	46	14	38	14	43	61	51	39	39	11	36	5	27	68	8	17	36	22	40	44	18	23	7	10
YPL126W	3448	1580	3337	1999	5073	3866	4718	3333	3442	2731	3751	1879	2134	5512	1313	1401	4286	3893	3738	4882	1340	1912	1073	1927
YPR063C	981	591	1098	743	1791	1333	1496	1066	1109	894	1166	695	833	2085	671	695	1650	1593	1380	1704	753	1038	611	1026
YPR187W	738	352	863	470	1069	762	962	612	691	502	751	395	750	1814	445	444	1222	1151	850	982	448	618	358	646
YPL007C	253	190	243	281	400	321	327	269	247	244	333	198	161	460	198	214	333	320	276	349	104	149	111	156
YPL209C	44	40	44	73	74	70	60	72	42	70	53	42	28	65	33	44	69	48	90	105	22	20	26	46
YPR182W	252	198	252	251	398	316	374	247	297	264	314	220	204	517	231	235	438	354	304	276	168	220	156	252
YPL242C	356	542	355	738	659	807	581	631	455	898	478	691	236	690	687	679	627	546	753	996	197	253	363	683
YPL205C	11	22	16	40	10	15	8	7	12	34	15	16	7	11	20	23	5	3	7	5	2	3	12	13
YPL278C	16	23	12	32	25	24	23	23	14	34	14	19	9	26	19	22	19	20	32	43	6	4	18	14
YPR086W	208	150	229	227	312	271	244	192	182	185	208	151	178	558	212	202	330	340	236	343	93	133	107	180
YPR117W	2955	1896	2932	2405	5766	4339	5274	3959	3753	2669	4140	2250	2164	5318	1837	1911	4953	5085	4721	6955	1986	2417	1279	2132
YPL096C-A	371	266	348	375	580	448	501	444	419	448	464	317	216	564	244	334	457	307	417	428	192	283	278	364
YPR092W	1	0	1	0	0	0	4	0	1	1	3	1	0	1	0	1	0	0	2	2	0	0	0	0
YPL086C	526	259	620	340	851	664	720	546	509	427	569	294	368	1098	228	238	739	718	832	1057	246	310	208	368
YPR005C	137	1077	139	1436	138	97	128	96	126	655	143	470	87	241	1129	1168	94	68	99	127	66	61	276	405
YPR046W	178	142	140	177	259	253	209	200	151	194	205	151	105	280	177	158	270	187	236	251	77	95	110	168
tK(CUU)P	0	0	0	1	0	0	0	0	0	0	0	0	0	2	0	0	0	0	0	1	0	0	0	0
YPL269W	273	301	231	414	302	272	308	256	282	306	344	252	177	421	269	286	316	278	309	433	120	177	150	249
YPL135C-A	2	1	0	1	0	1	1	1	1	0	0	0	0	0	0	0	1	0	0	0	0	0	0	0
YPR105C	723	697	715	872	1142	886	1021	804	808	895	979	620	532	1332	548	596	1106	891	911	1195	339	498	365	569
YPL158C	110	108	115	126	255	319	224	283	159	162	196	112	77	234	115	101	231	147	358	324	90	82	65	98
tE(UUC)P	0	0	0	1	0	0	0	0	0	0	0	0	0	0	1	0	0	0	0	0	0	0	0	0
YPL094C	1049	625	1023	841	1392	1068	1307	1045	1095	944	1248	768	744	1967	668	674	1465	1251	1147	1409	588	772	549	999
YPR176C	196	162	220	196	291	210	271	207	200	186	225	160	151	389	170	158	277	268	242	261	136	172	130	194
YPL191C	163	148	172	216	293	240	282	212	185	268	230	213	132	260	164	157	245	193	195	274	56	103	106	168
YPR204C-A	1	1	1	2	3	4	2	2	1	2	1	2	0	2	0	1	2	1	4	3	0	1	1	2
YPR163C	1645	814	1613	962	2212	1418	1865	1292	1504	952	1699	777	1360	3241	685	700	2254	2300	1671	2055	859	1142	560	956
YPL229W	656	493	631	634	1242	1083	1239	1004	903	875	1062	688	301	806	369	391	912	622	790	954	364	459	458	676
YPR160W	3480	4853	3238	6814	4360	2917	3881	2643	4073	2923	4136	2891	1603	3580	5521	5862	2524	1976	2439	3147	1131	1641	1512	2188
YPL049C	1422	1814	1356	2248	2196	1706	2083	1578	1580	1368	1805	1053	1130	2993	1933	2045	2116	2065	2124	2736	896	1155	756	1231
YPL066W	1726	1198	1597	1466	1857	1877	1764	1738	1908	1750	2394	1282	1013	2240	924	910	1373	919	1332	1561	816	1037	782	1080
YPL183W-A	155	102	179	152	268	269	277	235	182	140	245	141	91	250	93	135	161	142	204	217	125	147	96	158
YPL235W	556	490	590	601	914	748	832	636	670	617	651	457	397	1068	459	465	779	846	745	937	270	355	277	493
YPL141C	966	3007	1027	3578	757	826	711	832	1200	2236	1273	1576	551	1650	2620	3050	592	543	838	1036	379	582	967	1543
tF(GAA)P1	1	2	2	0	6	3	9	5	3	2	5	4	0	6	2	2	3	3	1	3	1	2	0	1
YPR144C	1120	462	1118	521	1870	1577	1811	1368	1210	1033	1400	650	690	1996	383	423	1692	1506	1518	1961	522	687	414	783
YPL249C-A	3414	1931	3643	2145	5428	3804	4680	3456	3727	2513	3624	1835	3164	7103	1734	1610	5579	5118	4033	4697	2492	3270	1606	2532
YPR128C	359	262	379	325	561	462	514	422	373	368	446	262	224	671	217	225	504	292	426	464	176	263	154	280
YPR054W	3	4	6	6	6	3	2	3	6	6	1	4	2	6	4	4	6	6	5	10	3	1	1	5
YPL156C	647	1741	594	2202	493	368	555	370	302	5110	407	4099	402	985	2147	2197	267	116	206	187	150	208	3286	5022
YPL173W	118	70	134	99	217	223	227	175	121	123	172	80	111	269	102	87	193	207	256	329	58	72	49	116
YPR098C	374	481	353	597	618	733	595	632	471	683	528	612	198	508	487	568	496	348	568	504	230	268	434	620
YPL260W	967	859	1084	1249	1949	1432	1672	1199	1128	1200	1285	915	673	1760	813	900	1485	1306	1322	1515	498	679	497	904
YPL251W	0	0	0	1	0	2	0	0	0	0	0	0	0	1	0	0	0	2	1	0	1	0	1	0
YPL016W	1692	1537	1610	2059	3067	2867	2885	2444	1758	2366	2120	1749	809	2448	1461	1599	2389	2326	3158	4476	569	938	980	1612
YPR095C	722	516	683	686	1210	936	1118	869	778	680	871	528	511	1321	504	553	1169	1103	1185	1712	403	558	323	650
YPR079W	446	506	447	623	552	419	563	393	453	520	522	388	274	711	518	527	485	420	468	758	158	279	242	363
YPR010C	5528	2127	4748	2675	8207	5607	6876	4992	5672	3698	5653	2648	3923	8020	1741	1640	7166	7115	6479	8572	2723	2946	1768	2782
YPL046C	14	14	36	39	46	46	33	37	27	43	32	20	35	75	37	21	47	41	43	42	14	24	13	41
YPL021W	0	0	0	1	1	2	2	0	2	1	0	1	0	0	0	1	2	0	0	3	0	0	0	0
YPL268W	646	384	636	529	938	694	941	645	685	597	844	409	530	1162	346	380	903	810	722	971	324	417	226	460
YPL283C	142	317	161	416	433	447	339	398	210	417	196	350	176	607	479	705	467	664	851	1041	111	148	377	482
YPL206C	349	297	338	401	634	444	555	422	404	411	457	293	247	592	218	239	396	381	374	410	159	209	138	290
YPR055W	867	583	851	917	1405	952	1308	808	906	903	1082	594	584	1423	569	658	1222	1066	888	1265	363	528	374	581
YPR138C	909	324	937	423	1668	1154	1622	1193	1114	786	1182	679	618	1507	337	359	1828	1622	1462	1957	633	838	485	701
YPL243W	1436	895	1432	1097	2042	1580	1798	1388	1299	1358	1733	988	933	2389	767	790	1790	1563	1395	1710	551	793	551	954
YPR127W	141	94	157	111	492	252	429	244	203	167	187	133	53	250	85	91	287	233	248	275	67	87	67	118
YPL095C	96	66	92	78	157	134	154	89	129	98	122	73	60	146	48	48	110	97	108	102	42	53	27	71
YPR027C	3	2	1	4	2	8	3	3	4	154	6	100	3	3	4	4	5	2	4	7	1	0	56	82
YPL232W	702	926	754	1194	882	838	939	719	785	1056	764	746	567	1584	1157	1140	1019	924	900	1208	380	505	520	906
YPL124W	10	33	12	58	16	16	18	12	9	27	9	14	6	27	36	34	15	9	27	21	5	10	15	30
YPR041W	1334	680	1314	816	2082	1442	1922	1271	1380	1087	1485	791	902	2353	545	584	1721	1659	1436	1785	630	868	460	902
YPL083C	198	179	225	225	334	276	296	221	212	274	297	189	170	419	173	211	313	285	256	362	94	136	101	176
YPL048W	2702	2561	2778	3083	4676	3891	4005	3503	3301	3394	2894	2830	1924	4599	2496	2848	4341	4601	4098	5259	1528	2004	1765	2710
YPL120W	213	160	209	186	387	275	376	230	240	220	290	160	164	395	140	176	330	326	272	364	92	145	83	130
YPL117C	1004	992	1042	1141	1625	1416	1383	1253	1039	1249	1146	881	817	2048	993	997	1563	1263	1387	1561	429	554	580	979
YPR126C	0	0	0	1	1	3	0	2	2	0	0	0	1	3	0	0	1	3	2	1	0	0	1	1
YPR091C	1226	732	1293	953	2117	1828	2100	1629	1436	1255	1562	988	750	1855	638	671	1792	1485	1710	2547	532	766	518	794
YPR059C	25	11	24	18	40	20	32	14	18	13	24	9	7	24	6	5	18	9	14	14	5	4	9	10
YPL214C	337	455	303	592	468	442	406	367	370	528	416	388	250	641	425	501	420	391	449	574	174	243	255	426
YPL203W	578	781	630	978	1041	667	942	640	705	990	785	730	378	888	775	761	766	692	674	997	321	357	467	781
YPL273W	2467	1210	2423	1245	3946	3014	3326	2693	2839	1636	2853	1287	2046	4606	874	906	3545	2965	2801	3012	1339	1728	784	1251
YPR081C	256	343	252	470	291	244	260	211	249	352	232	288	210	494	398	386	284	269	265	362	122	178	187	278
YPL011C	385	257	401	368	536	473	478	352	332	373	472	262	294	806	316	334	642	594	552	679	217	307	253	386
YPR097W	1017	713	966	888	1520	1201	1380	1095	1112	983	1239	743	668	1700	650	681	1358	1220	1199	1478	495	674	430	735
YPL274W	405	544	516	685	1068	1083	899	913	595	1009	512	753	210	667	317	406	743	738	975	1812	201	234	298	505
YPR158W	289	413	339	446	621	536	532	522	412	516	419	424	153	443	243	319	368	328	360	591	78	171	199	321
YPL050C	1856	1292	1778	1564	2290	2022	2316	1913	1825	1671	2158	1196	1416	3257	1316	1254	2560	2135	2278	2924	863	1308	847	1397
YPR114W	832	384	847	475	1474	1126	1349	1086	1152	588	1143	477	671	1607	312	338	1298	1398	1210	1774	597	779	268	406
YPL110C	763	1087	875	1363	1759	1842	1579	1542	828	1618	876	1129	637	1421	1044	1138	1602	1348	1800	1999	429	525	782	1199
YPL161C	223	204	239	243	404	347	346	289	252	308	317	188	181	470	182	188	418	359	348	413	98	196	108	207
YPR022C	1387	856	1461	1086	2508	1905	2347	1714	1677	1393	2073	1046	904	2304	743	705	2151	2039	1988	2606	690	986	586	923
tT(UGU)P	0	0	0	0	0	0	0	0	2	0	0	0	0	1	0	1	0	0	0	0	0	0	0	0
YPR175W	362	318	277	382	491	506	466	371	322	332	357	228	184	557	273	298	548	457	392	566	124	190	153	232
YPL068C	450	362	381	406	722	858	690	746	444	636	638	422	222	628	294	291	572	536	790	1030	263	268	298	486
YPL055C	306	374	303	446	698	690	564	582	365	512	410	422	257	723	434	503	753	790	926	1334	193	297	315	481
YPL079W	2966	1154	3012	1238	4784	2964	4287	2802	3172	1613	3299	1132	2407	5977	929	980	4885	4026	2923	3409	1937	2598	1063	1513
YPL150W	645	424	690	533	1134	903	1058	731	732	630	840	463	525	1309	462	466	1031	1017	950	1174	280	477	282	420
YPR192W	5	5	3	9	11	10	9	3	9	10	6	16	7	9	7	6	8	8	3	6	2	1	4	7
YPL226W	5854	2252	5412	2670	8007	5368	6816	4878	5638	3197	5816	2263	4370	10085	1709	1801	7513	6576	5772	6989	2454	3768	1336	2370
YPL115C	1268	1159	1240	1408	2021	1475	1794	1276	1357	1419	1749	1127	798	2036	983	1044	1840	1577	1581	2081	617	861	678	1150
YPL283W-A	0	1	0	0	0	0	0	0	0	0	0	0	0	1	0	1	0	1	1	1	0	0	0	1
YPL170W	234	245	179	306	431	375	406	294	224	343	237	246	162	447	266	303	436	360	319	424	109	175	172	280
YPL245W	94	75	93	94	200	146	128	111	69	132	69	99	51	181	87	80	154	197	142	242	35	45	64	122
YPR140W	353	334	411	497	624	640	566	566	427	416	482	324	200	559	367	354	479	464	714	1029	163	204	154	279
YPR048W	259	162	230	218	399	373	330	288	222	263	315	173	151	462	115	150	320	339	336	440	92	141	95	176
YPR102C	2913	1492	2932	1813	4346	2906	4151	2607	3146	2054	3174	1496	3185	6902	1580	1551	5013	4280	3213	3302	1951	2685	1289	2012
YPL036W	75	80	80	87	167	186	175	145	128	133	118	120	53	138	58	94	119	123	196	228	23	61	39	80
YPR015C	76	46	98	67	234	185	277	177	174	138	149	93	39	148	47	51	188	154	162	170	34	68	44	75
YPR133W-A	150	164	214	168	302	306	290	293	220	184	211	140	118	285	104	98	298	212	274	275	148	140	99	166
YPL146C	316	94	293	146	399	296	319	239	280	155	276	101	262	656	124	106	487	468	348	410	125	160	82	109
YPR107C	192	150	196	188	284	222	315	221	204	207	267	157	134	358	142	168	297	210	200	225	91	123	98	186
YPL035C	0	1	0	0	5	0	1	2	1	1	0	0	0	0	0	0	0	0	0	0	0	0	0	1
YPL082C	1711	1830	1589	2386	2659	2278	2500	2022	1740	1996	1991	1463	1015	2666	1885	2092	2470	2250	2641	3640	651	963	918	1554
YPR064W	1	2	2	1	7	2	2	8	3	3	4	4	3	7	6	3	7	3	7	6	1	3	2	4
YPL216W	121	102	123	124	227	173	185	145	125	155	137	96	87	213	104	114	195	194	206	256	71	68	64	110
YPL152W	253	303	279	421	523	407	437	390	298	444	374	316	162	388	266	255	422	321	381	457	121	158	197	294
YPL230W	402	207	422	247	1137	669	1219	714	622	367	627	316	161	494	105	159	772	564	552	856	147	255	147	212
YPL159C	366	481	431	574	696	680	665	563	418	773	509	580	277	739	498	518	648	560	656	852	232	290	470	738
YPR183W	2036	1404	2055	1900	3915	3011	3803	3041	2973	2654	3307	2049	1046	3084	1073	1089	2764	2707	2348	3192	1049	1554	920	1505
YPL204W	2047	2413	2016	2829	2565	1967	2240	1900	2041	2453	2449	1901	1505	3772	2318	2397	2553	2276	2225	2869	1051	1499	1338	1917
YPL109C	328	340	331	431	534	472	556	415	348	499	421	352	210	456	294	322	428	325	382	601	144	197	186	297
YPL249C	488	572	517	750	1039	804	873	703	545	804	695	551	390	994	580	566	972	821	725	1042	254	313	319	555
YPR154W	1109	1360	1317	1753	2105	1634	1886	1532	1630	2043	1530	1696	491	1846	1049	1132	1310	1141	1023	1162	553	800	888	1386
YPR026W	413	632	488	858	1019	1128	969	1016	594	851	711	820	281	631	659	677	724	661	1089	1753	227	303	387	599
YPR076W	0	4	2	4	6	3	0	5	1	0	1	1	3	3	1	0	4	4	7	5	2	1	1	1
YPR170W-B	733	467	721	562	1024	777	1023	702	808	700	868	605	551	1233	467	471	1024	798	757	744	435	647	469	670
YPR016C	1210	614	1303	779	1808	1200	1472	955	1211	837	1201	678	1082	2881	714	777	1987	1936	1582	1767	954	1284	624	1284
YPL060W	175	183	192	241	237	155	206	135	205	174	245	131	178	423	214	233	230	224	199	248	108	135	103	162
YPR029C	1447	1195	1305	1591	2224	1684	2063	1490	1618	1851	1968	1340	949	2098	970	1089	1774	1542	1463	2017	578	772	677	1115
YPR002C-A	23	6	3	14	5	12	8	5	8	4	0	8	17	6	6	5	22	7	24	10	5	1	4	1
YPL106C	7704	4305	8197	5018	13504	9195	11307	8274	9121	5566	9003	4331	5974	14008	3546	4029	11448	11246	9571	11671	4319	6001	2558	4448
YPR085C	214	201	235	250	332	296	320	251	204	319	325	228	182	402	191	193	368	289	328	418	105	137	152	219
YPL008W	439	352	403	432	736	602	656	524	454	456	580	297	329	727	363	342	676	678	682	923	201	296	189	295
YPR152C	9	16	21	13	21	10	21	14	11	12	13	13	11	49	14	10	30	24	25	26	8	17	10	10
YPL212C	1102	564	988	655	1891	1536	1636	1323	1057	1093	1420	766	754	2120	476	509	1874	1726	1670	2060	539	754	458	851
YPL119C	54	107	64	112	137	178	119	151	74	119	87	107	55	90	104	124	116	121	188	237	25	20	50	110
YPL078C	1049	928	1223	1289	2012	1840	1748	1608	1260	1420	1322	1065	870	1953	977	1048	1610	1288	1748	2030	670	705	795	1168
YPL195W	1021	868	1022	1319	1662	1158	1364	944	1040	946	1254	644	816	1935	979	936	1418	1253	1104	1478	420	631	392	694
YPL025C	11	6	5	13	11	7	7	13	11	19	10	11	9	27	13	27	18	20	36	37	8	12	2	20
YPR060C	553	473	596	556	755	514	712	460	537	570	619	368	420	1140	472	508	814	638	552	626	269	424	328	522
YPL199C	477	243	444	315	699	444	642	434	457	363	569	248	420	970	265	281	671	616	493	603	231	319	176	298
YPL228W	581	358	547	444	840	553	809	487	603	519	755	391	366	881	324	323	797	625	539	723	229	309	203	344
YPL018W	101	51	91	73	225	121	170	106	108	76	114	55	76	214	63	54	166	162	122	200	68	66	44	64
YPL259C	870	826	813	1066	1306	916	1201	868	924	1113	1150	839	539	1132	584	604	1013	766	713	1021	315	478	420	650
YPR150W	21	10	24	20	37	29	49	26	25	24	33	24	13	35	13	18	34	19	35	26	15	17	13	26
YPL072W	153	121	175	156	248	275	197	251	166	152	185	131	113	252	114	137	203	214	378	487	83	95	96	156
YPL130W	3	2	1	3	17	13	10	7	3	5	6	1	6	13	3	5	10	6	11	9	1	1	1	2
YPR179C	454	466	455	614	614	494	600	428	491	386	542	299	270	692	425	405	534	474	379	443	159	240	142	215
YPR096C	100	52	68	59	102	112	113	90	79	76	93	67	42	130	52	63	120	98	115	138	34	58	46	67
YPL028W	2757	2412	3060	2763	5204	4385	4475	3939	3444	3408	3377	2856	2087	5314	2216	2502	4136	3478	4368	4263	1572	2185	1797	3238
YPL174C	407	268	387	375	598	519	607	502	473	424	559	294	305	635	234	239	592	505	566	711	179	252	169	241
YPR031W	183	195	166	242	281	339	268	303	165	250	220	170	119	335	207	256	296	257	456	564	89	101	137	216
YPL257W-A	5667	9049	7037	10816	2919	2895	2189	2587	8741	9511	11046	7701	4798	21794	9058	15402	3747	3726	5405	5689	2820	5259	5453	8985
YPR158W-A	1083	1529	1093	1909	2949	2474	1980	2030	1229	1574	1444	1438	1403	3741	2223	3110	4379	3937	5111	5182	719	1131	1730	2534
YPL257W-B	32430	56396	49222	55290	16469	17833	14519	18209	40059	43814	58868	40679	27492	143729	50525	100532	25354	26218	36962	41828	14622	30818	30959	54046
YPR158C-D	25899	38921	34249	35419	16817	16724	18483	18693	29356	30993	52628	32639	19688	84814	31217	62633	23822	22602	30566	35838	10642	23657	22606	37633
YPR137C-A	9656	13522	11578	15563	4928	4764	3623	4244	12052	12232	16247	10662	7472	32611	13413	22457	6995	6333	9744	10482	4731	8380	8637	13521
YPR137C-B	21199	36987	31650	33165	14224	14068	14839	16199	23864	24922	36049	22957	16149	81089	27844	59392	20251	21362	28122	36745	9139	21033	19128	35339
YPR158W-B	7306	11314	7772	14858	10792	10202	7908	8562	8013	12317	10443	9353	6199	18738	11649	17520	15361	12522	18700	18272	2952	5036	8607	11757
YPL060C-A	488	670	468	903	542	443	508	404	465	951	619	758	357	979	621	924	515	439	621	705	184	264	635	779
YPR158C-C	1622	1389	1413	1956	1310	1376	685	783	1849	1742	1762	1186	1597	2880	1997	2004	1598	918	1773	1212	1135	1219	1195	1353
YMR172W	616	454	577	538	1061	931	1018	869	676	711	906	532	390	996	442	443	1027	917	1097	1373	294	391	303	446
YMR027W	548	537	624	685	1011	877	937	739	666	683	747	528	372	926	393	393	829	708	625	728	246	358	253	400
YML089C	19	25	16	24	33	37	44	48	28	45	33	20	13	19	19	12	31	17	32	38	3	10	12	12
YMR290C	1995	651	1983	796	2916	2047	2636	1650	1918	1269	2036	934	1269	3050	512	592	2508	2236	2249	3013	888	1121	594	1047
YMR139W	476	425	457	589	783	554	736	519	495	617	622	459	283	783	367	347	659	468	480	598	192	271	258	434
YMR191W	533	677	551	847	1094	1184	1033	994	655	1155	792	850	327	968	578	693	822	691	1221	1360	319	419	587	971
YMR244C-A	91	65	73	85	98	97	94	79	69	67	82	63	59	194	104	102	146	112	114	115	47	51	49	98
YMR091C	502	378	513	419	804	554	680	475	470	495	563	361	306	783	260	292	695	643	515	739	198	303	202	329
YMR173W-A	745	1416	959	1857	1345	1152	1392	1072	982	2517	1044	1925	357	1039	1262	1318	551	350	1033	1064	293	273	1071	1625
YMR180C	222	296	205	390	386	351	337	272	247	359	235	277	135	358	294	293	263	277	307	379	81	129	162	280
YML020W	378	367	384	472	671	516	640	445	403	469	509	293	264	723	351	356	677	628	609	904	172	264	186	334
YML088W	354	367	378	479	633	567	596	440	383	567	418	419	266	675	311	351	549	437	452	580	150	216	254	410
YML077W	295	190	307	217	414	315	384	265	307	219	306	167	240	623	183	187	428	330	259	339	150	203	142	226
YML125C	1324	868	1422	1022	2149	1540	1933	1448	1539	1164	1524	958	917	2357	721	732	1787	1669	1517	2040	736	845	635	972
YMR318C	1390	1107	1597	1368	2990	2835	2383	2331	1647	1861	1642	1303	1024	2596	1043	1099	2430	2124	2818	3053	1018	1100	844	1615
YMR115W	328	295	331	381	712	605	565	512	397	446	434	342	253	635	244	289	515	556	587	804	201	247	239	353
YMR266W	820	807	1033	1013	1296	867	1239	771	1053	1840	898	1416	390	1085	928	954	760	586	969	1225	362	388	915	1593
YML057W	1397	1980	1395	2440	2558	2130	2266	1963	1669	2426	1907	1857	928	2516	1914	1964	2216	1919	2301	2753	894	1161	1233	2115
YML055W	121	84	141	164	207	148	176	110	119	120	130	66	143	393	215	182	274	269	259	236	87	124	81	213
YMR105C	927	974	812	1485	1683	1103	1514	998	976	1060	1206	1043	426	938	870	891	865	836	719	919	243	394	356	591
YMR268C	91	61	98	81	164	144	141	110	101	101	132	73	68	212	59	54	171	155	153	198	53	68	51	78
YML133W-B	1	0	1	1	4	3	2	2	1	2	1	1	0	1	0	1	2	0	2	4	0	1	1	1
YML090W	2	4	1	1	2	0	1	3	1	2	1	1	1	3	1	5	2	3	3	1	0	0	1	2
YML101C	73	71	88	86	144	75	126	73	105	97	106	98	64	249	96	100	171	144	126	172	66	87	76	130
YMR012W	11299	7023	12179	9017	19055	15481	17196	13839	13563	9237	14125	6927	8329	17868	6175	6452	15062	13385	14385	18043	6310	7414	4107	6725
tY(GUA)M2	0	0	0	0	0	0	0	0	0	0	0	0	0	0	0	0	1	0	0	0	0	0	0	0
YMR202W	2662	1662	2636	2080	4375	3788	3981	3310	2998	2475	3020	2092	1972	4818	1798	1852	4305	3951	4168	5244	1546	2193	1608	2608
YMR083W	1343	708	1344	876	2401	1485	1971	1200	1479	960	1489	663	1067	2428	564	552	2180	2158	1351	1556	635	985	346	651
snR76	20	30	28	25	46	30	32	32	26	38	24	19	8	30	3	10	23	18	24	43	12	14	6	17
YMR017W	2	4	9	7	8	23	17	9	5	16	8	10	5	19	7	8	15	9	30	26	7	7	4	6
YML085C	1126	2710	1139	3406	1270	1188	1105	1014	1106	2063	1323	1684	778	2044	2726	2894	1093	901	1167	1360	571	780	1056	1880
YML013W	516	516	479	631	948	758	853	657	552	665	670	525	279	848	416	449	811	731	774	1083	273	334	273	441
YMR224C	188	127	215	201	383	303	364	249	227	228	308	172	119	371	119	133	364	328	307	428	74	109	75	171
YMR059W	65	32	63	47	104	98	107	77	78	62	76	38	48	148	47	49	128	107	98	112	43	46	52	88
YMR072W	1445	1811	1449	2194	1734	1523	1732	1375	1614	2343	1867	1878	1137	2718	1904	1949	1358	1067	1187	1228	748	1017	1377	2162
YMR304W	1610	1829	1609	2427	2885	2670	2638	2418	1786	2276	2238	1817	1026	2435	1442	1695	2404	2073	2380	3042	742	1026	1050	1520
YML087C	46	39	54	51	60	48	45	50	37	40	38	23	39	100	41	52	68	44	67	85	31	26	23	36
YMR195W	810	194	880	134	1832	1283	1919	1313	1147	373	1283	295	454	1417	101	130	2030	1027	1130	797	623	718	217	284
YMR240C	107	82	105	102	159	118	146	132	94	104	142	86	74	230	89	83	204	142	163	165	40	58	54	84
YMR308C	5064	2649	5033	3328	8166	5897	7156	5059	5617	4900	6248	3509	3935	9243	2450	2653	7278	6975	6297	8166	2659	3844	2217	3949
YML001W	746	448	760	657	1221	869	1077	770	730	644	836	517	621	1509	517	504	1100	1050	840	927	424	641	384	636
YML114C	564	450	549	567	913	789	790	664	618	588	756	473	374	1207	490	473	1033	968	958	1278	306	416	355	600
YMR319C	562	114	496	81	715	308	664	267	524	100	617	80	546	1281	53	46	1138	912	384	478	279	629	34	90
YML075C	3655	3374	4160	4097	7664	7325	7024	6807	5463	5684	5164	4430	2148	5730	3139	3608	6021	5000	8436	12627	1431	1951	2599	4140
YMR075W	945	736	838	968	1376	1106	1302	1031	1007	926	1301	597	610	1407	554	630	1283	949	1010	1195	385	609	356	524
YML129C	260	168	338	250	434	384	416	312	277	220	330	217	202	561	278	250	484	373	431	453	242	244	226	322
YML073C	2937	1590	2894	1703	4666	3199	4291	2892	3207	2154	3333	1603	2855	6284	1257	1183	4624	4171	3234	3510	2173	2880	1306	2069
YMR149W	2265	1400	2270	1855	3378	2610	3185	2276	2601	1987	2888	1497	1465	3501	1338	1374	2852	2273	2425	3058	1220	1653	1096	1736
YMR233W	173	131	142	206	209	151	204	107	136	192	206	129	128	340	227	198	223	178	171	174	67	92	106	203
YMR048W	30	31	22	48	44	51	44	44	24	47	36	37	11	49	26	36	55	59	44	71	9	17	23	43
YML030W	42	24	52	36	84	61	66	51	62	28	68	25	37	124	27	22	84	69	76	86	34	33	18	31
YMR118C	3	6	1	12	6	4	3	7	3	8	2	4	1	5	5	5	6	4	2	5	1	1	3	4
YMR260C	1088	508	1238	685	1769	1058	1357	924	1098	760	1167	519	1551	3499	846	790	2398	2200	1574	1702	870	1159	522	1023
YMR135W-A	0	0	0	0	2	2	0	1	0	0	0	0	0	0	1	2	0	0	2	4	0	0	1	0
tM(CAU)M	0	0	0	0	0	0	1	1	0	0	0	0	0	1	0	0	0	0	1	0	0	0	0	0
YML056C	4468	1283	4636	1339	7345	3664	6525	3233	5185	2035	4932	1419	2495	7355	806	876	5993	5436	3626	4659	2017	3217	922	1593
YML064C	236	233	187	252	330	339	305	276	226	322	323	213	150	390	192	208	302	249	300	332	105	172	163	295
YML132W	1173	1224	1203	1637	2127	1751	1803	1601	1621	2140	1664	1588	834	2823	1319	1810	1792	1736	1940	2412	622	842	1275	1817
YML113W	512	351	459	397	937	847	881	742	564	724	737	472	247	832	273	309	811	799	880	1167	291	377	302	536
YML058W-A	5	6	16	10	26	11	24	13	14	16	10	12	6	22	4	6	17	16	18	12	3	4	9	16
YMR136W	2138	1650	2111	1847	3537	2479	3587	2439	2910	2442	2996	1852	881	2700	1147	1331	2963	2185	2415	2847	1121	1344	872	1184
YML091C	957	927	946	1205	2099	3189	2009	3001	1145	1575	1442	1299	591	1322	636	757	1549	1278	2303	2941	412	511	554	690
YMR199W	1123	608	980	763	2157	2645	1907	2348	1219	914	1706	642	744	1603	478	544	1607	1284	1975	2442	630	739	372	543
YMR286W	192	114	225	156	325	300	296	259	231	160	240	132	129	388	144	131	246	234	327	342	133	122	100	175
YMR025W	88	68	87	100	153	120	141	105	102	110	139	79	54	165	62	60	114	95	85	110	22	47	42	69
YMR112C	375	232	390	295	413	293	433	273	390	224	412	185	217	571	201	229	423	285	279	243	142	246	132	230
YML127W	570	458	473	628	880	641	784	546	650	707	707	523	323	941	443	463	711	675	636	765	286	387	311	552
YML005W	264	268	249	388	339	282	321	264	266	507	336	345	178	491	292	307	348	280	309	356	107	183	220	358
YMR160W	528	567	596	706	917	759	924	671	602	649	704	527	374	919	546	560	930	782	763	1241	243	360	342	478
YMR046W-A	19	17	16	20	25	27	16	18	21	26	21	21	23	39	25	26	30	28	43	42	9	11	19	25
YMR096W	50	197	88	316	190	788	128	476	73	558	73	501	57	99	311	325	128	89	876	480	47	54	394	521
YML133C	83	122	90	160	213	204	188	194	119	174	101	137	85	275	180	245	218	344	341	482	60	86	134	185
YMR246W	6485	1030	5622	960	8865	2853	7517	2618	6332	1142	6725	834	5313	12067	489	464	10140	10035	2974	3544	3822	5820	614	1063
YMR052C-A	7	14	3	18	10	12	8	17	4	13	9	14	5	12	14	12	5	4	14	18	3	4	9	13
YMR120C	502	1309	303	2546	1453	6138	770	4037	530	2977	620	2306	1290	712	1805	1838	3300	1605	5769	3708	431	494	1677	2100
YMR052W	88	71	90	82	169	133	180	112	114	94	135	52	62	187	62	75	177	136	160	184	54	58	43	69
YML100W-A	1	0	1	0	1	1	0	0	0	0	0	0	0	1	0	0	0	1	0	0	0	1	1	0
YML049C	987	671	938	921	1955	1585	1701	1406	1185	1120	1239	865	720	1714	694	749	1650	1612	1724	2202	506	652	532	818
YMR065W	256	965	209	1250	80	51	65	64	137	1434	164	1082	279	713	1281	1222	84	72	56	78	103	142	809	1238
YMR098C	208	139	261	219	418	422	388	359	255	236	285	166	157	425	153	163	413	350	401	600	119	136	90	191
YMR302C	628	657	724	899	1416	1440	1270	1289	776	933	899	726	528	1232	690	743	1153	1174	1552	2401	346	432	339	642
YMR075C-A	1	2	0	0	4	2	4	4	0	1	2	1	0	0	3	0	4	1	1	2	0	0	0	1
YML060W	85	66	76	94	162	159	138	125	82	86	83	70	59	185	89	81	176	163	215	205	38	60	47	92
YMR080C	2168	1268	2115	1714	3291	2350	2935	2006	2245	2013	2553	1514	1523	3699	1175	1282	3065	2765	2601	3490	1041	1545	926	1567
YMR156C	79	55	67	65	118	133	116	114	107	89	98	52	54	129	39	49	94	74	78	112	38	47	47	39
YMR294W	31	18	29	30	62	40	41	29	33	27	37	21	26	83	25	25	53	73	47	49	12	29	17	14
YMR167W	341	341	367	396	621	495	527	424	394	359	475	302	239	651	277	262	546	489	461	667	139	242	132	229
YMR242W-A	0	0	0	0	0	0	0	0	0	0	0	0	0	0	0	0	0	0	2	0	0	0	0	0
YMR079W	2312	1420	2198	1643	3221	2461	2988	2169	2411	2063	2663	1607	1496	3550	1038	1122	2861	2369	2088	2556	1167	1691	1003	1579
YMR275C	1105	983	1128	1246	2021	1709	1877	1590	1292	1584	1453	1116	760	1871	961	1064	1792	1669	1859	2427	590	865	715	1128
YMR100W	617	407	556	543	893	670	756	570	592	579	703	398	370	958	342	395	840	703	636	859	242	384	246	410
YMR030W-A	2	2	0	2	1	1	3	1	3	0	2	1	2	1	3	4	0	2	5	3	0	0	6	7
YMR161W	242	203	227	257	352	286	313	233	271	278	313	186	168	452	158	186	365	305	269	424	138	225	147	228
YMR183C	1636	1099	1690	1284	2517	1818	2278	1700	1826	1335	1997	990	1047	2553	812	959	2215	1752	1710	2090	737	1080	673	1055
YML021C	273	287	287	319	414	362	405	341	283	305	328	223	216	528	263	287	403	311	378	357	156	214	169	279
YML074C	1117	735	1183	910	2023	1373	1642	1218	1042	893	1190	611	1016	3052	900	861	2272	2262	1668	2019	542	838	418	755
YMR157C	221	136	237	158	361	327	310	264	235	158	286	139	127	375	124	98	276	215	288	327	122	130	80	169
YMR110C	599	961	712	1439	1282	1133	1104	1015	802	1342	866	1005	435	1157	946	1081	955	866	962	1286	239	394	565	912
YMR097C	222	187	211	292	315	208	264	190	216	236	251	157	157	485	245	225	276	256	233	302	114	128	88	171
YMR111C	214	210	228	298	325	275	331	257	192	276	259	180	166	401	180	227	323	280	288	398	96	125	124	173
YML011C	50	36	55	53	76	83	102	59	44	64	62	41	45	106	46	48	82	54	58	88	23	35	26	60
YMR064W	727	469	719	632	1138	1050	1055	924	831	825	1003	617	555	1316	486	501	1132	965	1091	1468	402	505	403	655
YML082W	412	283	369	339	632	579	572	491	392	482	515	331	294	759	248	284	646	599	667	934	190	320	242	371
YMR300C	730	566	728	862	1312	1858	1000	1255	766	1026	749	725	763	1436	630	871	1649	1337	1921	1841	417	496	572	899
YMR262W	255	335	251	365	541	432	448	366	343	448	382	348	157	468	253	290	462	324	393	492	130	200	207	327
YMR031C	552	371	666	494	1060	682	899	566	740	428	772	322	405	1088	429	416	768	709	722	928	272	367	192	340
YMR016C	2783	974	2990	1063	4845	2439	4456	2377	3612	1785	3867	1303	1280	3960	626	777	3409	2592	2219	2758	1232	1621	706	1170
YMR066W	261	188	261	257	381	336	320	262	252	228	332	170	168	400	184	183	325	312	370	417	91	151	109	149
YMR007W	3	2	2	5	10	9	4	8	1	2	3	3	2	3	0	3	7	4	8	8	2	3	1	4
YMR201C	110	81	144	109	230	170	198	155	134	111	154	78	77	233	89	93	189	174	209	267	65	66	61	98
YMR232W	488	3385	330	4266	143	106	120	91	307	5101	320	4087	322	651	3840	3877	80	61	84	132	102	196	2756	4251
YMR200W	1061	1232	1007	1584	1963	1904	1784	1701	1145	1869	1340	1442	728	1856	1293	1353	1924	1490	2023	2485	560	797	977	1574
YMR297W	3738	3397	3938	4527	7013	6839	6129	5999	4828	4929	4971	4494	2621	6484	3867	4106	5987	5759	7423	9411	2465	3129	2745	4763
YML026C	2655	1407	2742	1490	3815	2447	3481	2349	2838	1826	2749	1195	2751	5963	1154	1039	4191	3833	2819	2929	1740	2400	1066	1636
YML023C	276	108	243	152	407	326	339	272	309	240	359	201	220	534	122	116	361	347	333	384	162	225	105	191
YMR143W	2151	1375	2309	1347	3256	2337	3102	2168	2466	1560	2333	1070	2189	4747	860	836	3457	3446	2305	2442	1606	2096	754	1265
YMR073C	497	452	527	516	768	732	752	660	553	662	654	509	213	711	332	388	582	484	576	745	213	304	307	565
YML069W	846	783	868	1181	1298	1086	1084	932	780	926	995	673	678	1776	947	939	1321	1187	1110	1475	404	555	425	634
YML050W	51	95	38	187	63	58	61	60	50	46	45	35	32	97	171	184	55	43	51	73	22	32	20	45
YML099W-A	0	4	0	3	6	6	5	4	0	2	1	2	0	5	2	3	6	4	4	0	1	1	1	1
YMR211W	205	144	198	195	260	213	256	205	190	254	229	162	146	342	124	114	212	172	191	224	76	112	105	150
tF(GAA)M	1	0	0	0	0	1	1	0	0	2	0	0	0	1	2	0	1	0	0	0	0	0	0	1
YMR283C	249	142	249	226	373	307	308	236	216	253	271	161	186	492	157	152	378	317	307	434	134	143	98	195
snR74	38	29	42	44	76	66	59	55	46	46	45	32	38	78	20	36	59	43	69	67	27	33	35	47
RNA170	12	6	12	7	9	7	10	3	7	3	9	4	9	20	3	10	16	12	8	9	7	10	1	6
YML078W	328	278	386	357	693	536	621	474	443	408	441	269	204	642	257	278	469	421	456	567	228	255	171	345
YMR142C	5601	2997	5676	3301	8630	6002	7634	5395	6285	4132	6218	3039	4841	10492	2249	2206	7397	6571	5352	5836	3293	4240	2347	3473
YMR203W	3745	2212	4150	2779	6476	5179	6126	4887	5361	3429	5304	2793	2245	5397	1998	2036	4365	3924	4563	5778	2538	2930	1740	2993
YMR077C	72	45	74	53	103	74	110	61	73	53	101	34	69	166	35	50	123	109	82	75	35	49	24	38
YMR245W	12	9	12	8	34	15	34	23	16	11	28	2	10	24	3	5	21	17	18	28	7	11	4	4
YMR284W	202	232	232	348	337	242	312	227	211	326	284	224	203	438	269	262	350	261	217	303	92	145	134	179
YMR089C	750	649	881	884	1619	1699	1446	1472	1030	817	1022	613	586	1554	680	733	1366	1415	1873	2728	457	573	419	681
YMR134W	237	284	260	263	473	609	490	627	312	496	365	371	160	455	220	316	582	404	665	957	104	191	290	373
YMR290W-A	2	3	2	2	2	2	2	2	1	0	1	0	2	17	13	35	7	8	30	26	4	3	40	40
YMR095C	12	33	19	42	53	309	59	183	20	127	28	96	7	27	22	46	36	14	195	106	15	13	81	63
snR83	3322	3084	3487	3445	4397	3804	3840	3520	3476	3507	3171	3262	3581	5692	3084	3816	4492	4951	4211	4027	2976	3188	3059	4070
snR73	62	46	54	55	118	96	116	88	79	75	63	51	54	109	28	54	76	77	101	101	37	41	46	63
tH(GUG)M	1	1	1	0	0	0	0	1	0	1	2	1	0	10	0	2	4	2	3	0	2	2	0	1
YMR099C	1381	1158	1404	1644	2441	2040	2116	1792	1540	1794	1666	1416	1079	2649	1238	1188	2061	1999	1808	2008	785	1030	884	1475
YMR132C	62	57	73	78	79	74	69	75	54	76	82	51	47	104	62	84	82	70	70	70	22	36	31	59
YML115C	1028	819	1078	1009	1560	1237	1483	1072	1217	1060	1234	801	695	1736	798	757	1279	1191	1194	1591	438	672	461	743
snR11	1427	1152	1563	1471	2102	1682	1566	1459	1454	1447	1218	1275	1638	2809	1382	1834	1807	2399	1967	1838	1104	1221	1232	1674
YMR086W	726	602	754	819	1403	1360	1283	1214	869	978	905	770	550	1364	719	707	1385	1244	1686	2647	358	495	428	746
YMR044W	96	61	108	84	144	111	130	98	83	103	109	84	93	245	75	72	147	150	145	190	42	68	56	94
YMR222C	343	284	373	361	697	514	641	446	504	445	496	342	227	670	287	297	597	538	526	664	206	286	194	356
YMR272W-A	0	0	0	0	0	0	0	0	0	0	1	0	0	1	0	0	0	0	0	0	1	0	0	0
YMR321C	60	26	60	24	120	99	108	80	82	44	70	27	61	176	25	21	116	99	94	88	32	47	18	36
YML131W	171	282	226	407	673	654	549	620	301	512	245	363	81	226	188	193	341	232	344	414	108	100	160	252
YML038C	414	339	413	434	711	604	563	566	485	540	462	407	341	866	347	371	635	642	696	958	232	346	295	482
YML122C	4	2	4	7	4	18	13	21	4	8	6	10	4	7	5	4	5	3	20	20	0	0	10	12
YMR036C	294	383	307	428	497	451	471	354	340	464	386	319	225	510	359	409	474	408	448	563	167	222	234	336
YML012W	675	664	739	794	1218	1022	1000	844	761	857	750	600	667	1559	716	708	1151	1051	1068	1295	398	567	438	831
YML100W	3752	1380	3882	1725	8632	4998	7862	5122	5756	2435	5899	2412	1784	4309	837	936	4724	3878	3624	5195	1394	2175	866	1352
YMR312W	1572	686	1497	814	2235	1528	2291	1421	1741	1209	1923	868	726	2000	475	523	1820	1236	1229	1574	654	907	624	885
YML112W	288	213	298	306	512	392	455	331	315	367	397	240	191	626	224	197	472	399	319	443	154	202	158	270
YML099C	493	344	471	436	936	746	787	651	533	545	667	406	346	981	326	341	920	803	874	1216	222	295	255	388
YML123C	8695	1150	8035	1109	13526	8943	11918	8354	9321	2835	8805	2534	8169	15563	522	801	12597	12749	8908	11661	6031	6819	1642	2825
tV(AAC)M3	1	1	2	2	8	4	3	7	5	1	3	3	0	8	1	1	6	2	5	5	2	1	1	4
YMR141C	10	2	8	4	11	10	10	4	5	5	4	1	4	24	4	3	16	10	7	14	5	8	2	3
YMR324C	0	0	0	0	0	0	0	0	0	0	0	0	0	0	0	0	0	0	0	0	0	0	0	0
YMR207C	634	389	624	559	1331	1147	1185	984	681	605	809	446	534	1200	414	432	1249	1314	1316	1980	337	416	237	440
YMR236W	568	494	488	702	589	456	561	379	519	600	604	427	419	1037	595	616	503	483	402	550	285	420	337	622
YML034C-A	3	3	8	3	4	2	4	4	4	3	3	4	0	1	2	3	4	2	2	3	0	0	2	4
YMR204C	150	181	127	230	230	199	235	154	188	194	186	122	100	219	159	204	275	216	220	286	71	103	84	126
YMR011W	234	1012	427	1554	1082	747	1108	646	602	3587	268	2904	90	193	812	1128	335	249	752	934	64	81	1381	2216
YML008C	2685	2067	2845	2342	5382	4935	4898	4279	3088	2772	3164	2090	2373	5617	2110	2305	5178	4667	5653	6369	1668	2106	1621	2613
YMR109W	2595	2517	2620	3055	4907	3697	4417	3657	3253	3936	3724	2937	1842	4431	2286	2618	4291	4190	3941	5787	1386	1983	1754	2683
YMR004W	703	866	732	1126	1021	858	962	707	812	1109	924	801	501	1243	784	840	820	745	683	980	300	438	412	722
YMR158C-A	2	3	6	10	4	8	6	5	6	2	5	5	2	5	3	4	7	5	7	6	1	2	0	1
YMR216C	810	714	786	940	1348	1047	1174	966	826	978	978	787	534	1360	682	732	1263	1268	1205	1516	376	558	467	781
YMR159C	24	20	25	28	32	33	29	22	21	31	32	19	15	36	18	12	32	22	24	38	13	10	6	10
YMR307C-A	0	0	0	0	2	0	0	0	0	0	0	0	0	0	0	0	1	2	0	0	0	0	0	0
YMR272C	2020	887	1878	1108	3305	1691	3070	1706	2565	1357	2771	1278	1484	3516	923	938	3106	2785	2134	2784	1120	1723	741	1173
YMR106C	121	115	134	183	201	159	152	148	93	155	125	108	90	218	138	123	201	203	190	250	49	90	64	124
YML092C	1761	1708	1720	1901	2532	2159	2493	1945	1816	1937	1981	1699	934	2382	1215	1381	1914	1519	1720	1991	866	1159	1187	1732
tV(AAC)M2	2	0	2	1	4	2	0	1	0	0	1	4	1	2	1	1	0	2	1	0	1	0	1	0
YML104C	377	231	355	293	546	471	482	436	375	436	485	313	295	707	269	276	550	518	565	858	184	249	161	289
YML058W	2424	2541	2522	2860	3555	3105	3442	3157	2978	3516	3219	3027	1518	3409	2268	2611	3033	2281	2961	3238	1675	2137	2575	3246
tW(CCA)M	4	3	2	1	2	1	1	1	4	2	2	4	2	8	0	2	0	2	2	2	1	2	2	0
YMR148W	625	500	602	582	1018	1061	1066	1018	808	777	972	656	377	951	429	487	890	752	1015	1329	391	537	426	662
YMR168C	263	229	276	278	376	305	340	266	278	290	316	216	204	474	165	204	351	322	308	401	105	147	117	199
YML063W	8092	4789	8307	5082	11317	8242	9975	7536	8643	6067	8630	4558	7266	14084	3628	3588	10511	9254	7699	8328	4845	6091	3336	4978
YMR008C	3313	3317	3485	4061	6354	4902	6123	4527	5113	5902	4803	4861	1928	4788	2915	3190	4507	3863	4107	5452	1808	2504	2598	4190
YMR294W-A	0	0	1	0	0	2	0	1	0	2	0	1	2	2	0	0	0	1	1	0	0	0	0	0
YMR177W	400	244	412	296	606	517	650	436	444	366	493	262	251	762	188	245	641	560	525	669	182	281	156	300
YMR213W	365	204	358	274	574	430	534	387	356	258	461	217	233	744	188	207	680	582	483	667	164	243	135	238
YMR192W	752	944	836	1178	1614	1329	1531	1195	960	1337	1040	964	398	1056	659	747	1055	1087	1046	1519	294	422	528	735
YMR326C	0	0	0	0	2	0	0	0	0	0	1	0	0	0	0	0	0	0	0	0	0	0	0	0
YMR014W	415	210	482	251	679	583	572	490	425	332	519	210	340	950	231	217	805	793	657	988	205	296	171	316
YMR020W	622	590	612	756	813	526	831	448	692	707	775	534	456	1043	476	552	742	566	423	492	269	411	333	493
snR86	8900	8338	9309	8371	15173	10603	12045	10185	10987	10399	10195	8267	7024	12620	5474	6779	10493	11791	9314	11593	6733	8503	6596	9337
YMR208W	1468	1161	1539	1451	2543	2122	2383	2037	1849	1778	1976	1464	808	1994	800	865	1945	1629	1836	2501	573	852	671	1153
YML098W	139	128	123	181	236	219	203	160	150	175	161	143	101	326	172	150	255	201	215	289	72	88	119	200
YMR133W	10	3	7	6	8	3	3	5	7	5	6	4	4	5	4	3	3	5	4	6	4	2	1	2
YML028W	5546	7092	6100	8816	9047	11623	8622	10909	6898	10049	6879	9081	3930	8867	7408	8056	7272	6180	10620	10749	5330	4655	6899	10180
YMR285C	381	299	400	314	561	430	505	345	358	373	449	246	289	787	281	223	628	622	508	713	172	274	189	311
YMR040W	34	40	34	44	51	34	59	34	41	81	60	51	19	61	56	46	40	32	22	24	17	26	31	38
YMR094W	81	148	76	222	110	122	111	114	73	92	91	69	50	101	139	160	94	71	111	142	27	46	34	50
YMR189W	847	772	832	1046	2148	3360	1742	2520	1047	1087	1347	1116	706	1259	826	933	1767	1303	3521	4013	568	534	688	1007
YML128C	694	568	722	878	1760	1961	1707	1551	833	1140	940	1023	340	926	577	519	1114	873	1609	2410	274	410	505	729
YML022W	739	299	760	369	1045	751	1029	688	851	478	843	357	515	1395	250	227	860	775	649	774	439	581	255	482
YMR299C	222	277	219	316	292	256	276	237	205	309	302	233	118	337	204	260	282	226	264	280	98	115	163	262
YMR227C	173	176	194	312	230	168	207	192	152	147	166	93	147	412	233	288	298	377	268	417	61	117	80	143
YMR119W	862	662	755	880	1224	1061	1223	957	950	1014	1134	726	542	1179	534	599	1187	959	969	1458	422	594	442	709
YMR255W	386	438	341	525	562	400	509	380	372	452	492	344	247	676	369	402	545	402	407	557	189	241	230	326
YMR024W	624	400	681	489	1133	1077	1072	911	715	519	765	450	318	907	357	364	867	756	1095	1484	383	393	296	473
YML054C	95	99	72	176	279	494	225	383	120	206	138	177	74	129	115	105	154	126	376	555	40	55	77	119
YMR317W	46	11	62	29	116	62	157	57	64	26	42	31	27	59	14	23	57	24	57	38	19	19	15	20
YMR084W	76	54	77	58	102	75	100	57	108	65	71	63	45	149	36	48	64	63	73	74	24	46	31	59
YMR274C	79	44	63	64	64	93	97	78	101	97	108	65	53	110	40	44	93	74	92	101	42	49	47	91
YMR215W	792	1071	762	1338	1135	1158	1173	1070	942	1441	1030	1064	388	1128	975	983	907	732	1146	1632	365	526	628	1071
YMR277W	737	527	706	717	1273	918	1106	787	777	744	959	533	513	1380	510	467	1052	1111	918	1363	310	478	273	509
YMR033W	650	404	638	519	882	679	776	532	640	575	736	424	445	1108	376	423	834	723	649	868	299	427	297	415
YML094C-A	1	0	1	0	0	1	0	3	2	1	0	0	0	1	0	1	0	0	2	1	0	0	0	0
YML041C	68	57	73	90	149	104	120	74	82	95	92	52	50	141	57	60	115	102	92	95	33	52	43	66
YMR305C	11153	12805	11557	14736	10735	11487	9423	10476	12198	23966	12259	21981	7734	15921	13019	14447	7249	5076	9282	8489	7005	8174	18487	24971
YMR315W-A	10	100	7	132	16	29	16	35	10	24	8	19	6	10	80	124	16	14	22	31	2	6	13	20
YMR237W	1339	1107	1455	1516	2607	2112	2329	1808	1560	1779	1837	1307	880	2318	975	990	2159	1798	1955	2281	704	937	771	1213
YML095C	74	73	88	93	126	93	115	91	88	112	114	79	68	129	62	66	107	92	93	101	34	50	56	70
YMR018W	9	11	14	13	18	20	18	22	20	11	17	7	15	30	7	13	26	28	44	20	5	11	8	10
YMR163C	134	168	117	251	191	211	216	184	118	238	194	172	112	261	188	163	211	214	245	322	53	87	112	169
YML027W	305	98	283	107	739	821	565	769	327	119	543	82	168	442	74	103	403	338	555	646	211	192	65	57
ZOD1	0	1	0	0	0	0	0	0	0	0	0	0	0	1	0	1	0	0	0	1	0	1	0	0
tD(GUC)M	0	0	0	0	0	0	1	0	0	0	1	0	0	0	0	2	1	2	3	2	0	0	1	1
YMR162C	1491	1113	1454	1438	2769	2495	2468	2156	1559	1500	1935	1143	1065	2522	1090	1175	2621	2646	2859	4464	725	1064	716	1185
YMR158W	515	209	625	297	780	676	800	594	632	285	715	214	333	764	235	210	635	448	532	573	265	324	134	247
YMR210W	137	82	149	100	284	164	251	148	144	124	190	94	94	282	71	70	287	256	186	272	72	98	59	80
YMR316C-A	5	5	12	2	17	15	21	16	6	10	14	8	5	17	6	6	15	15	26	33	2	6	4	2
YMR241W	1100	677	1137	829	1730	1314	1472	1170	1030	933	1197	694	845	1985	521	534	1672	1378	1174	1494	590	827	410	667
YMR205C	19173	10449	19273	12148	30677	18252	27306	17312	22779	13713	23787	11418	12555	27457	8324	9226	24252	22355	16071	19124	10821	14891	7125	11584
YMR235C	872	503	878	768	1354	938	1143	765	903	692	910	535	772	1968	582	606	1280	1228	1007	1250	432	640	324	600
YMR047C	1234	943	1344	1195	2481	1822	2077	1639	1476	1405	1494	1001	895	2568	940	1076	2475	2575	2211	3057	686	992	594	1012
YMR259C	2392	1016	2299	1240	3631	2618	3356	2331	2454	1868	2874	1124	1514	3802	857	956	3215	2965	2759	4134	998	1454	773	1262
YMR175W-A	2	0	3	4	2	1	1	4	2	0	3	4	2	0	3	0	1	0	0	3	0	0	2	4
YMR281W	514	390	588	473	777	578	823	575	620	603	650	455	272	628	322	360	496	387	493	636	226	243	270	390
YMR261C	2281	1472	2275	2098	4622	3395	4112	3142	2972	2537	3293	1906	1268	3199	1220	1253	3019	2608	2566	3505	987	1374	784	1401
YMR026C	110	114	134	110	187	157	157	134	122	140	128	95	103	263	93	96	220	204	160	221	67	70	56	108
YML010W	1042	751	1187	1023	2017	1460	1582	1229	1017	851	1107	636	1050	2527	859	929	2085	2500	1952	2788	549	774	453	803
YMR150C	150	125	141	171	240	204	232	180	161	155	197	123	160	399	139	173	245	212	217	237	85	116	87	156
YMR067C	515	586	570	771	983	779	882	708	676	739	730	538	412	1084	556	560	917	875	815	1183	312	420	371	598
YMR179W	173	201	187	256	271	256	217	278	198	204	205	132	108	333	166	210	256	225	219	338	73	102	93	122
YMR126C	169	140	168	185	210	172	222	166	166	190	223	145	75	227	87	91	196	151	126	217	61	97	55	111
YML032C	545	581	498	713	973	824	894	802	604	935	841	597	302	844	414	476	750	624	695	973	244	348	377	484
YML018C	760	459	719	484	1032	1143	1018	908	840	761	947	526	434	1156	276	334	1118	901	998	1204	367	485	313	522
YML081W	2041	1262	2000	1563	3235	2358	2909	2178	2245	1819	2725	1304	1330	3432	1014	1117	3091	2702	2469	3574	946	1310	825	1304
YMR003W	27	67	26	63	42	62	32	54	40	64	42	60	18	37	64	78	30	26	79	67	14	12	37	54
YMR221C	1996	1502	2102	1843	3354	2752	3249	2582	2443	2017	2705	1703	1223	2996	1316	1495	2872	2534	2950	4139	1116	1626	1315	1979
YMR257C	301	197	297	239	533	462	460	444	340	307	445	241	233	553	184	182	434	411	537	737	154	202	143	221
YML068W	122	81	118	114	198	137	157	123	109	159	144	86	85	253	89	106	167	139	152	163	53	76	72	107
YMR117C	37	36	14	29	30	24	30	30	20	33	44	16	23	41	25	13	44	40	32	50	12	21	13	22
YMR060C	287	167	302	251	447	408	421	336	284	292	343	238	197	531	233	222	387	370	423	458	131	185	135	248
YMR144W	10	30	11	36	16	18	17	9	13	31	10	24	9	33	49	30	25	17	30	31	6	7	17	37
YMR068W	42	51	61	80	124	128	106	100	66	92	70	80	48	143	60	85	98	157	142	210	26	52	58	77
YML097C	245	123	228	162	405	272	358	250	192	221	299	125	172	461	117	127	417	347	304	344	104	162	89	148
YMR182C	785	685	906	714	1775	1395	1718	1356	1196	1161	1269	992	382	1194	528	576	1237	1203	1392	2255	438	655	535	874
YMR295C	1929	2623	1976	3191	2891	2550	2649	2276	1953	2825	2183	2362	1219	3271	2891	2977	2745	1906	2341	2356	1132	1513	2380	3252
YMR181C	1502	1233	1484	1489	2310	1699	2368	1565	1905	1684	2082	1304	734	1825	922	974	1811	1470	1445	2127	797	1158	858	1235
YML080W	220	96	227	143	337	346	310	225	208	201	257	158	143	462	126	128	347	352	399	441	112	122	97	228
YMR194C-B	23	14	36	22	65	96	41	72	38	29	36	30	30	64	28	30	70	40	114	68	24	27	29	43
YMR140W	405	469	433	670	760	592	700	540	453	688	550	448	322	899	530	564	766	763	685	921	235	350	333	509
YMR058W	9018	5170	6541	6283	5410	6520	6976	8317	8297	4380	7377	2195	5978	12322	4039	4649	4767	2969	5259	6883	2852	5144	938	1458
YMR076C	415	645	411	875	824	925	668	817	464	734	536	512	253	664	519	617	704	617	842	1134	174	286	268	483
YMR239C	256	98	254	126	423	364	351	287	209	200	244	126	167	503	113	114	380	392	452	544	112	150	98	190
tG(GCC)M	0	0	0	0	0	0	0	0	0	0	0	0	0	0	0	0	0	1	0	0	0	0	0	0
YMR242C	7537	3148	7584	3255	10387	7183	10325	6842	8413	4798	8876	3563	5648	11728	2188	2173	9602	7482	6107	7026	4768	6154	2898	4015
YMR306C-A	6	9	9	12	16	16	20	10	9	15	21	17	7	14	13	22	7	21	18	30	7	10	9	24
YMR193C-A	0	0	1	0	0	1	0	0	0	0	0	0	0	1	0	1	0	0	1	2	0	0	0	0
YMR114C	85	102	92	153	195	192	153	128	96	133	124	104	86	208	117	122	152	143	186	213	51	78	73	110
YMR009W	353	276	401	363	555	470	573	408	368	373	312	363	214	686	290	370	556	422	513	624	153	189	232	441
YMR088C	591	381	585	516	889	593	794	584	660	579	707	428	425	1042	332	355	793	782	709	888	326	452	214	477
YMR253C	403	157	402	200	713	486	668	510	501	299	577	237	223	577	94	74	501	454	422	703	184	241	89	152
YMR103C	246	232	299	307	544	452	526	427	409	308	263	266	141	394	237	228	395	301	375	475	114	152	167	216
YMR254C	5	3	2	3	4	5	5	4	0	5	1	4	0	4	6	8	9	2	2	7	0	0	4	5
YMR303C	1127	503	1232	548	2396	1186	1755	1044	1261	667	1070	616	1051	4890	812	984	2667	3350	1719	1511	647	1036	555	936
YMR316W	462	449	489	586	650	431	590	406	481	689	452	544	306	1110	628	626	530	375	361	352	226	332	464	706
YML017W	795	575	850	869	1481	1086	1189	878	841	837	946	651	828	2048	840	892	1641	1735	1550	1901	504	729	487	865
YMR104C	1209	1157	1667	1536	3022	2364	3169	2272	2020	1590	1492	1324	667	2001	950	1120	1909	1728	2066	2816	546	681	697	1005
YMR309C	5068	2378	5161	2817	7580	5424	6790	4907	5285	3902	5926	2860	3748	8837	2041	2146	6866	6016	5712	6633	2699	3500	1840	3060
YML133W-A	0	0	0	0	0	0	0	1	0	0	0	0	0	1	0	1	2	1	0	0	0	0	0	0
YMR155W	360	344	370	453	530	455	551	446	437	415	462	314	227	543	322	344	453	390	450	609	189	224	172	321
YMR313C	627	548	660	745	1141	876	1158	827	758	847	897	588	353	991	451	477	1001	837	868	1253	274	470	295	525
YMR028W	133	98	135	170	196	151	196	143	124	120	168	108	105	273	111	95	197	148	157	177	44	73	53	105
snR72	67	54	76	52	157	148	161	134	105	78	96	48	46	97	30	41	114	135	127	163	27	44	21	38
YMR154C	267	239	224	264	397	350	364	296	313	364	335	253	141	360	166	187	300	286	301	430	114	116	133	198
tY(GUA)M1	0	0	0	0	0	0	0	0	0	0	0	0	0	0	0	0	0	0	0	0	0	0	0	0
snR75	22	16	16	16	35	26	32	32	30	22	27	18	6	24	6	10	22	20	24	32	4	12	6	9
YML096W	200	113	210	167	340	250	265	199	216	203	230	128	182	563	135	148	360	329	341	390	100	127	73	183
YML016C	2544	2802	2601	3561	5006	4655	5021	4313	3218	4249	3608	3438	1438	3409	2575	2927	3760	3195	4260	5094	1221	1547	2148	3176
YML006C	836	600	746	717	1302	1077	1203	959	864	1021	1085	661	427	1048	419	459	1136	885	1064	1421	346	490	444	656
YMR178W	572	550	570	644	950	698	828	625	609	674	732	511	402	990	472	554	863	594	623	690	286	398	359	513
YML109W	312	412	291	600	559	573	459	476	286	752	381	575	203	570	526	517	581	500	629	878	124	194	384	645
YML015C	381	221	379	284	639	463	586	390	432	358	519	219	254	705	240	232	638	604	528	783	164	265	154	217
YMR197C	441	474	435	609	685	565	594	508	464	671	484	538	348	853	558	622	700	664	592	692	208	340	392	633
YML014W	320	144	301	183	561	387	348	308	287	216	326	145	207	686	158	170	632	488	523	684	156	224	169	254
YML106W	1478	605	1572	623	2151	1565	1791	1366	1498	1052	1473	797	1215	2968	438	484	2101	2005	1638	2035	932	1275	615	1184
YML025C	717	530	756	688	1156	1260	1269	1074	840	809	956	609	364	1042	464	452	1013	796	1123	1322	405	402	393	606
tS(AGA)M	0	1	0	1	0	0	0	0	0	2	0	5	0	0	1	1	0	0	0	0	0	0	2	4
YMR172C-A	4	2	1	5	4	3	3	4	6	9	9	3	0	4	1	2	1	0	2	1	2	1	3	0
YMR193W	108	66	132	92	184	152	174	141	102	69	126	55	92	259	92	72	185	150	168	203	52	60	39	69
YML052W	665	429	757	482	1067	901	1038	846	891	562	911	465	360	1055	395	458	913	696	971	1331	403	549	291	491
YML079W	347	347	378	395	560	498	514	438	381	396	414	327	209	594	242	247	473	432	371	471	186	239	155	310
YML101C-A	18	17	24	17	46	20	34	19	23	22	22	18	10	46	18	24	45	24	30	36	12	23	14	26
YML047C	85	1220	63	1815	5	7	2	7	19	1354	41	1021	103	161	1715	1769	1	0	0	0	12	21	711	1158
YMR174C	30	29	33	34	58	73	44	57	38	51	35	45	30	90	48	70	65	63	100	97	16	27	27	69
YMR218C	691	538	642	750	1050	851	1028	707	714	842	907	531	496	1238	531	529	988	951	832	1183	284	461	335	503
YMR315W	2120	2354	2146	3081	3163	3414	2895	2884	2448	4474	2774	4077	1325	3264	2287	2286	2317	1728	2740	2744	1198	1362	2943	4189
YMR001C	300	318	289	357	416	358	356	312	297	331	368	224	206	508	266	292	415	333	378	468	126	201	109	231
tV(AAC)M1	0	2	2	0	2	0	0	0	0	0	2	2	0	6	0	1	4	1	1	1	1	1	0	1
tE(UUC)M	0	0	0	0	0	0	0	0	0	0	0	0	0	0	0	0	0	1	0	0	0	0	0	0
YML121W	141	128	147	192	281	172	238	175	177	170	151	132	103	261	114	119	225	205	189	205	68	110	69	120
YMR085W	91	66	94	87	124	88	125	58	124	123	82	89	41	195	41	49	86	58	68	104	24	52	30	67
YMR105W-A	4	5	1	5	7	5	0	1	1	6	2	2	2	3	2	3	2	3	2	5	1	1	0	6
YMR122C	2	0	1	0	2	0	1	0	2	0	2	1	0	5	3	2	1	3	0	2	0	3	2	1
snR78	326	168	332	192	442	354	442	351	406	296	342	218	163	325	72	102	208	224	173	256	114	165	88	119
YMR217W	5346	2783	5463	3211	7968	5530	6891	4793	5899	4011	5371	2799	3737	9345	2220	2338	6924	6499	5404	6836	2904	3826	1993	3305
tA(AGC)M2	0	0	0	0	0	0	0	0	0	0	1	0	0	0	0	0	0	0	0	0	0	0	0	0
YMR298W	1089	968	1003	1096	1413	976	1382	986	1216	1029	1320	880	794	1850	899	1022	1362	923	898	941	564	832	693	1013
YMR057C	5	5	4	6	12	13	5	6	8	8	5	6	3	23	11	27	11	14	16	13	3	5	9	26
YML042W	139	208	141	277	361	448	314	360	201	241	238	234	120	290	212	248	284	297	302	435	72	106	123	212
YMR320W	39	22	48	33	96	44	100	41	58	39	78	18	35	105	32	22	105	96	81	89	18	32	20	25
YMR287C	415	358	495	481	666	555	628	508	482	467	582	313	364	771	348	344	601	545	646	1010	216	254	213	298
YMR289W	323	278	339	348	566	461	470	373	335	368	350	280	249	709	269	260	522	491	505	598	177	218	185	315
YML048W	2138	1729	2206	2106	3018	2168	2764	2035	2365	2358	2606	2017	1451	3858	1748	1796	2777	2580	2376	3182	1266	1668	1359	2088
YMR250W	1038	3592	1078	4726	1952	1624	1616	1396	1277	1190	1225	1120	550	1349	3812	4007	999	774	1015	1131	391	550	488	747
YMR230W-A	5	0	6	0	12	6	8	14	8	2	5	0	2	10	3	0	7	6	12	6	4	2	1	2
YMR124W	1322	1850	1451	2220	2907	2717	2715	2485	1698	2492	1785	1897	873	2168	1687	1907	2514	2322	2904	3924	658	943	1110	1705
YMR311C	646	458	684	661	1020	675	917	689	658	585	836	432	551	1271	586	544	1047	858	713	838	299	427	293	456
snR77	130	64	105	71	162	132	194	119	114	100	118	80	61	156	36	55	94	105	112	105	50	58	56	66
YMR322C	1	2	2	10	3	16	4	7	5	10	4	6	2	4	8	11	6	6	10	16	0	1	7	10
YML119W	168	132	188	133	280	242	214	208	213	108	234	93	117	392	137	146	248	208	266	350	105	126	75	132
YML043C	270	214	265	284	395	414	372	389	223	534	357	390	164	380	211	214	381	352	462	589	118	140	275	467
YML046W	522	681	512	948	526	434	496	400	467	827	571	526	445	963	730	757	515	458	446	553	220	325	392	613
YML004C	1475	1370	1538	1648	2444	1872	2215	1632	1636	1725	1745	1371	1006	2480	1154	1218	1867	1634	1482	1717	665	967	839	1311
YMR071C	383	338	387	434	484	398	490	373	433	501	466	393	299	630	367	388	475	410	336	419	227	360	287	457
YMR229C	6258	2227	6294	2561	9967	6387	8727	5590	6421	3394	6350	2217	4601	11027	1778	1955	8822	8290	7198	9465	2910	3894	1550	2687
YMR063W	209	129	165	159	262	243	243	214	175	171	208	140	92	229	111	114	241	184	256	308	80	119	106	133
YMR301C	548	321	574	448	1104	941	1043	799	706	565	639	404	413	1094	317	329	988	967	888	1341	257	390	233	395
YMR276W	1282	1490	1405	1937	3073	2517	2449	2340	1830	1943	1625	1704	1066	3022	1807	2028	2827	3468	3139	4094	956	1182	987	1666
YMR002W	842	1270	1081	1665	2029	2669	1823	2351	1179	2136	1147	1756	399	1254	1136	1150	1184	908	1982	1814	601	496	1042	1791
YML081C-A	494	374	594	462	846	793	926	704	577	487	657	400	343	848	369	357	631	538	671	598	359	351	327	467
YML019W	334	221	302	331	576	428	509	347	441	360	477	297	250	631	220	237	460	421	407	670	220	315	149	284
YMR176W	1056	1253	982	1723	1578	1402	1382	1241	1077	1272	1351	936	748	1719	1318	1357	1422	1211	1510	2045	482	663	543	896
YMR158W-B	0	2	0	0	1	1	0	0	0	0	0	1	1	2	0	0	0	0	0	0	1	0	0	0
YML108W	29	24	28	26	41	42	34	26	23	34	24	24	28	87	23	30	42	66	52	47	11	14	29	46
YMR198W	89	163	92	236	108	103	78	85	77	2553	105	2102	71	162	233	235	109	97	136	166	51	72	1528	2361
YML094W	970	554	919	701	1274	874	1288	885	1054	879	1180	562	707	1786	561	559	1354	1006	914	1010	447	685	484	749
YMR006C	289	67	207	99	328	135	296	133	254	101	309	80	154	419	86	85	465	547	195	339	148	263	53	108
YML003W	312	213	301	292	434	315	430	306	338	311	395	253	209	483	203	246	414	293	290	446	115	182	145	189
YML057C-A	0	2	2	0	2	0	3	4	0	3	1	0	1	2	1	0	1	1	2	0	0	0	1	1
YML009C-A	0	3	0	1	1	1	0	0	1	3	2	1	0	0	0	1	1	1	1	0	0	1	1	0
tQ(CUG)M	0	0	0	0	1	0	0	1	0	0	0	0	0	0	1	0	0	0	1	0	1	0	0	0
YML093W	483	197	515	235	728	510	573	398	403	265	447	189	385	1088	207	208	791	799	712	918	168	251	152	261
YMR116C	9747	4276	10217	4810	14842	9612	13212	8908	11554	6188	11406	4890	7452	16130	3043	3365	12034	11092	8383	9377	6911	8765	3358	5155
YMR196W	521	1299	534	2212	1034	1513	946	1241	646	1847	739	1684	324	799	1502	1639	691	603	1491	1752	221	305	927	1399
YML053C	242	157	243	185	432	250	409	217	282	228	376	159	160	449	166	140	363	273	248	249	99	141	105	146
YMR151W	11	11	15	13	21	12	15	18	15	17	18	6	6	15	9	5	16	10	10	14	9	10	8	3
YML009C	50	47	73	47	82	84	65	68	60	46	51	47	40	130	72	65	85	104	132	126	54	48	32	70
YMR070W	570	865	609	884	1697	1907	1513	1797	862	1505	937	1038	339	1104	728	873	1684	1602	2371	3434	376	472	700	998
YMR219W	1460	1175	1457	1563	2797	2395	2551	2161	1703	1781	2141	1244	1039	2463	1099	1195	2388	2322	2209	2876	657	944	676	1106
YML037C	29	20	30	29	64	29	38	40	27	25	42	21	24	81	28	23	61	51	62	80	16	34	21	29
YMR280C	172	771	202	1340	393	590	318	503	191	1149	221	916	122	223	855	872	253	184	428	622	86	92	501	716
YMR170C	220	275	262	451	635	726	607	591	302	620	358	478	142	475	306	378	394	302	725	596	90	127	297	414
YMR123W	268	167	272	170	437	339	433	307	329	213	322	176	143	413	88	93	299	328	272	349	79	146	105	154
YML012C-A	2	4	2	2	3	3	4	6	3	5	4	1	2	3	3	0	3	6	5	4	2	4	4	6
YMR019W	591	430	558	553	890	893	803	771	560	706	646	472	375	975	464	468	933	797	959	1226	274	370	352	504
YMR206W	50	72	48	104	67	77	64	58	57	100	74	85	58	81	68	66	47	47	58	56	26	41	41	56
YMR165C	485	415	533	617	1012	859	874	759	541	538	567	364	315	894	421	439	844	920	852	1218	218	292	206	342
YMR010W	654	834	638	1119	1028	1121	997	986	673	1105	876	806	401	1046	725	906	898	748	1104	1461	362	427	512	822
YMR184W	253	513	258	588	451	508	434	418	315	658	366	504	142	397	474	478	307	271	388	399	125	157	321	535
YML126C	4726	5227	4671	6346	7780	7345	7114	6594	5841	7323	6044	5838	3560	8178	5377	5730	6559	5661	6956	7900	2643	3681	3951	6249
YMR244W	0	1	1	1	3	3	0	2	0	4	1	0	0	1	0	0	2	1	0	1	0	0	0	1
YMR279C	2	5	3	4	6	2	4	2	2	1	3	2	1	8	2	7	9	8	8	9	2	3	5	4
YMR316C-B	4	5	6	10	15	9	8	10	9	7	8	11	7	27	11	8	13	13	15	15	8	9	4	8
YMR107W	3	2	4	4	15	21	16	10	8	38	8	32	1	7	7	7	7	6	4	17	2	2	34	70
YML054C-A	2	3	4	2	2	2	1	2	3	2	6	3	0	3	1	0	0	2	4	4	0	1	2	0
YMR043W	1795	1166	1772	1402	3042	2042	2796	1914	1948	1493	2584	1195	1067	3190	1129	1107	2712	2076	2326	2937	924	1231	854	1306
tA(AGC)M1	0	0	0	0	0	0	0	0	0	0	0	0	0	0	0	0	0	0	0	1	0	0	0	0
YMR270C	169	133	178	198	225	186	173	162	188	155	209	126	138	329	160	141	220	200	215	225	82	87	92	145
YMR175W	1	0	1	4	1	3	1	3	2	4	2	2	1	2	0	0	2	2	1	1	0	0	2	0
YML009W-B	46	37	64	54	114	74	77	70	48	40	45	42	59	156	51	54	126	172	116	167	31	46	18	50
YMR035W	100	84	96	143	150	119	134	110	91	150	106	127	93	252	142	145	181	158	195	202	70	102	122	214
YMR108W	6537	3785	6836	4160	13076	11358	11327	10314	8077	6728	8417	5371	4581	10973	2580	3017	10932	9866	10502	12234	3847	4995	3051	5044
YML002W	395	324	379	399	610	421	516	375	454	370	518	291	282	707	288	340	546	445	470	658	215	253	154	266
YML111W	1751	1058	1704	1262	3126	2777	2868	2433	1852	1579	2178	1138	1085	2637	918	1031	2852	2568	2975	3954	883	1275	784	1236
YMR278W	1312	1054	1254	1261	2395	1831	2015	1580	1489	1418	1685	1010	842	2246	880	915	2019	1949	1825	2442	556	865	620	951
YMR185W	549	667	570	832	987	988	939	790	610	874	710	589	360	918	554	669	843	783	946	1294	232	302	385	596
YMR304C-A	642	744	707	931	600	630	574	586	756	1716	735	1507	521	1176	963	1117	508	320	630	540	469	558	1595	2145
YML084W	0	5	1	6	5	5	2	1	1	6	0	3	1	9	4	2	2	2	7	4	6	2	0	2
YMR258C	365	309	380	468	629	446	613	408	421	500	488	382	287	743	251	309	612	582	436	632	197	297	220	333
YMR023C	107	88	112	130	134	131	143	118	114	118	132	89	73	182	107	95	118	104	124	130	43	52	39	97
YMR291W	812	967	851	1372	1686	1355	1597	1134	998	1178	1280	1006	560	1376	812	859	1477	1086	1119	1156	362	548	565	826
YMR041C	270	251	278	286	408	380	358	300	290	328	243	241	160	432	220	238	333	268	329	372	150	169	176	294
YMR029C	426	279	397	407	656	444	610	410	419	375	470	295	381	922	280	343	671	518	438	549	178	278	174	306
YMR092C	1190	3048	1135	4145	1881	1714	1567	1559	1248	1696	1307	1408	825	2028	3225	3304	1471	1343	1445	1584	502	677	706	1179
YMR138W	52	21	35	26	71	54	50	45	34	34	41	23	34	101	33	32	78	73	64	80	22	31	20	47
YMR122W-A	1988	2865	1954	3699	3144	3349	3005	3071	2533	3634	2403	3078	1279	3135	3041	3169	2242	1854	2485	2526	1209	1373	2193	3302
YMR053C	154	234	169	314	288	219	288	212	173	278	199	222	92	275	252	247	295	239	258	382	83	117	158	236
YMR220W	595	581	661	744	1134	1120	977	942	736	817	745	567	529	1376	552	626	1001	912	1219	1399	301	450	394	672
YMR087W	96	159	92	254	199	197	190	188	106	191	118	164	51	147	166	188	125	114	199	305	38	55	73	175
YML031W	879	530	851	690	1450	1301	1378	1192	1007	877	1109	658	533	1484	472	518	1284	1173	1307	1932	437	564	363	656
YML118W	165	184	154	260	278	235	244	219	172	251	158	233	95	245	149	161	204	176	241	281	74	99	150	217
YML120C	752	901	920	1230	1650	1764	1562	1615	1169	1387	1265	1213	484	1225	857	850	1248	992	1387	1730	451	622	701	889
YMR078C	296	423	266	515	455	460	363	430	270	388	327	236	202	498	391	367	512	430	525	730	140	189	184	278
tL(CAA)M	7	5	10	7	13	6	9	6	4	4	2	15	4	14	4	4	7	8	1	5	1	2	2	2
YMR042W	89	106	88	167	129	165	130	153	113	248	118	201	71	233	124	156	132	174	229	342	44	90	99	189
YMR251W	9	5	10	9	19	23	22	21	13	14	18	10	5	22	10	2	16	16	20	25	3	7	3	5
YMR223W	394	212	387	275	537	409	518	357	384	335	450	250	278	766	191	229	554	504	468	602	191	252	148	286
YML007C-A	11	12	10	18	10	8	10	6	4	17	15	14	4	15	12	14	6	7	6	5	4	4	7	12
YMR256C	117	98	131	118	166	170	165	148	112	158	123	105	88	253	157	198	176	146	248	198	84	81	148	174
YMR214W	181	192	234	272	443	313	339	282	213	260	218	171	163	455	181	197	385	433	467	650	85	126	94	211
tP(UGG)M	0	0	0	0	0	0	1	0	0	0	0	0	1	0	0	2	0	0	0	0	0	0	0	0
YMR055C	148	161	122	241	257	248	257	233	180	231	213	174	69	170	130	145	155	146	211	221	63	94	122	138
YML117W	2021	2583	1918	3321	3058	2574	2854	2389	2112	3330	2481	2508	1592	3636	2774	2886	2792	2671	2695	3933	1029	1470	1716	2699
YMR271C	48	28	55	33	79	56	63	52	34	24	43	23	33	99	32	21	86	59	62	40	19	32	19	35
snR24	50	14	45	16	66	45	58	40	35	28	50	30	26	47	7	16	42	30	27	35	16	19	6	27
YMR226C	1687	2005	1803	2565	2462	2197	2160	1789	1801	2629	1900	2000	1463	3620	2315	2321	2031	2031	1923	2269	918	1168	1455	2475
YML110C	445	529	518	664	912	862	770	733	544	552	504	438	358	913	583	544	737	787	835	992	301	306	258	449
YML047W-A	0	1	3	1	4	1	5	3	3	3	1	1	1	3	1	1	4	2	1	1	1	1	0	0
YML007W	1339	1277	1336	1702	2642	2209	2232	2015	1573	2003	1843	1514	874	2063	1175	1200	2106	1655	2099	2701	646	808	863	1186
YMR190C	760	726	695	957	1357	1308	1143	1164	776	906	877	700	503	1358	806	806	1190	1173	1572	2146	398	460	445	699
YMR225C	427	274	527	306	816	780	910	701	640	370	707	301	304	825	330	295	721	491	738	814	332	331	233	391
YMR264W	349	218	328	293	609	469	562	440	395	373	427	310	174	433	165	183	410	378	420	507	146	206	170	258
YMR037C	1166	1078	1155	1362	1968	1540	1862	1416	1384	1395	1727	1045	693	1816	880	928	1763	1278	1408	1936	524	765	620	879
YML024W	1870	1171	1844	1169	2664	1817	2330	1766	1974	1350	1852	1012	1305	3032	614	604	2045	1908	1299	1437	918	1200	629	924
YML083C	8	2	7	4	16	8	8	5	9	4	13	5	5	13	3	2	9	4	4	6	7	5	1	3
YMR182W-A	31	27	46	24	64	47	40	33	32	21	35	14	8	46	14	12	31	27	25	25	7	14	10	12
YMR030W	114	135	134	160	184	153	163	155	139	178	175	143	113	255	175	201	236	172	212	230	70	109	88	136
YMR187C	82	58	81	76	127	146	142	142	77	111	119	76	59	141	50	50	153	146	142	157	42	54	42	67
YMR238W	668	1597	754	2160	1405	1522	1263	1356	772	2092	760	1671	438	1166	1897	1972	1272	1205	1664	2388	305	468	1185	1925
YML061C	284	287	271	348	452	452	431	410	332	437	379	262	191	524	310	334	455	412	521	729	152	194	203	304
YMR130W	429	260	418	346	613	457	566	390	469	340	515	246	393	988	353	342	683	594	548	648	257	346	218	374
YMR005W	1215	819	1149	1037	1682	1421	1548	1195	1183	997	1485	758	721	1759	692	679	1536	1336	1225	1772	468	702	475	732
YMR054W	1497	1567	1528	1999	2344	2110	2103	1910	1593	1927	1778	1617	1116	2557	1752	1833	2212	1966	2384	3466	764	1127	1059	1886
YMR209C	277	91	303	130	489	387	501	314	310	214	372	150	168	478	82	88	435	478	444	673	121	170	69	149
YML102W	129	115	142	153	281	231	252	219	166	185	189	120	95	241	103	145	252	245	237	319	76	116	67	138
YMR194W	507	257	580	262	812	496	654	462	495	320	534	218	479	1422	187	196	880	835	506	607	306	419	168	388
YMR252C	410	357	432	424	721	455	617	459	501	300	582	244	183	542	293	337	453	406	444	680	148	211	186	266
YMR164C	941	794	879	882	1564	1254	1459	1171	1121	3790	1483	2736	611	1456	683	688	1467	1171	1278	1716	441	669	1685	2527
YMR074C	414	286	473	386	756	550	726	507	510	460	571	339	395	1036	360	413	765	648	584	666	316	386	342	501
YML065W	395	246	452	309	560	494	536	399	344	362	464	240	260	663	239	242	486	484	517	641	156	226	166	262
YMR243C	2356	971	2482	1210	4037	2701	3581	2439	2866	1505	2798	1119	1549	4103	887	926	3485	3135	2972	3902	1298	1825	690	1274
snR85	659	481	612	600	855	737	834	665	706	621	610	595	531	972	474	570	589	740	639	523	348	364	400	520
YMR145C	1650	1715	2455	2184	4927	6042	4517	5289	3002	4558	2381	3534	841	2576	1145	1258	2879	2216	5175	7006	1087	863	1586	2568
YML071C	183	214	203	255	334	282	308	232	166	247	242	162	156	484	250	240	403	410	351	410	82	132	132	215
YMR015C	2028	2268	2016	2583	3512	4624	3461	4211	2971	4209	3113	3299	1623	3996	2454	2700	4156	2867	5562	7180	933	1389	2332	3428
YML070W	932	872	1012	1208	1770	1705	1460	1424	1115	1220	1231	1053	751	1969	976	1027	1542	1324	1794	1741	545	716	577	1030
YMR125W	2158	1157	2172	1495	3243	2245	2847	2009	2155	1595	2562	1134	1668	3804	918	949	2922	2486	2272	2907	974	1351	663	1104
YMR325W	0	1	0	1	1	2	5	2	0	0	0	2	0	2	2	4	3	4	11	9	0	1	1	1
YMR141W-A	0	0	0	0	0	0	0	0	0	0	0	0	0	0	0	0	0	0	0	0	0	0	0	0
YML072C	5256	4403	5107	5849	7824	6138	6805	5543	5353	5434	6230	4447	3864	9291	5434	4859	7541	7203	6679	9323	2307	3303	2592	4227
YML105C	384	118	392	135	508	342	468	308	306	278	388	215	262	720	82	84	544	504	371	451	160	252	152	260
YMR119W-A	19	14	17	19	25	20	20	21	12	14	20	10	8	19	13	8	10	15	14	30	4	7	9	11
YMR069W	54	31	61	30	204	170	159	137	119	48	82	44	42	124	43	49	143	185	237	328	41	52	31	63
YMR293C	150	147	146	186	254	296	223	247	135	195	180	153	83	210	118	115	165	133	218	286	73	64	72	116
YML124C	1120	1149	1199	1546	1958	1540	1712	1318	1255	1436	1322	1177	900	2414	1280	1364	1614	1605	1572	1908	686	881	760	1289
YMR090W	38	42	61	83	80	110	85	111	52	99	51	102	32	79	56	47	29	35	87	73	19	22	50	77
YML029W	460	412	420	534	627	493	547	471	472	520	544	368	265	706	340	365	534	459	508	799	176	258	188	310
YMR171C	971	743	1203	971	1438	935	1600	842	1275	776	1079	627	530	1534	858	847	1001	1003	1054	1561	473	609	366	640
YMR102C	1031	695	1208	795	2310	1535	2265	1401	1434	1007	1446	775	562	1655	526	639	1674	1405	1466	1845	502	691	407	713
YMR188C	87	48	114	90	132	132	153	115	98	75	121	62	73	193	76	88	116	116	138	165	54	53	38	69
YMR269W	10	3	9	9	16	10	5	8	9	6	1	7	9	21	4	2	10	13	18	9	4	2	7	0
YMR128W	2068	799	2095	915	3747	2665	3331	2374	2280	1377	2256	874	1350	3684	592	732	3208	3279	2964	4339	870	1219	580	1067
YMR039C	507	398	522	483	796	510	731	474	523	442	570	288	426	1130	421	442	870	707	573	687	242	307	234	352
YMR230W	2142	1302	2310	1238	3110	1966	2954	2089	2377	1374	2319	1004	1792	3670	663	779	2858	2712	1780	1903	1112	1634	705	959
YMR267W	63	44	88	68	119	119	103	98	73	48	88	47	38	93	22	28	71	46	78	106	27	27	22	38
YMR247C	1968	1138	1991	1595	3676	2624	3139	2357	2266	1722	2517	1136	1416	3374	901	963	2821	2623	2439	3240	868	1259	564	1054
YMR152W	589	406	545	591	1066	880	893	752	605	679	694	517	390	945	357	418	782	712	706	924	240	392	306	510
YMR251W-A	2065	1998	2070	2354	3523	3301	3139	3149	2573	2812	2598	2666	1534	2939	1934	2052	2945	2252	2900	2814	1577	1732	2162	2846
YMR146C	2474	1365	2412	1567	3753	2632	3351	2250	2560	1860	2827	1404	1847	4627	1275	1348	3472	2781	2697	2711	1476	1972	1111	1871
YMR228W	130	149	156	212	163	180	181	167	161	127	158	104	68	214	166	145	146	139	143	224	57	60	43	86
YMR032W	24	17	27	36	29	20	33	24	28	15	33	12	12	38	19	12	34	21	19	23	12	15	10	4
YMR013C-A	30	16	41	29	61	46	75	36	48	32	59	27	34	74	18	17	76	62	60	90	22	34	17	26
YMR001C-A	8	7	3	8	8	6	11	8	11	14	11	7	8	14	4	7	6	6	6	14	2	3	4	2
YMR031W-A	1	0	0	0	0	0	0	0	2	1	1	3	1	2	1	1	0	1	0	1	1	1	0	1
YMR153W	570	436	566	570	872	668	786	601	602	608	751	467	336	880	351	356	674	620	580	729	218	299	211	397
YMR056C	21	39	18	34	30	56	32	38	24	67	40	46	20	59	42	70	45	38	75	83	29	19	35	78
YMR282C	283	212	294	255	512	519	460	410	306	329	366	219	201	517	186	194	449	418	495	776	154	175	148	251
YMR234W	60	57	72	40	87	75	77	59	58	47	61	38	49	147	23	41	77	74	61	76	35	31	25	31
YMR323W	6	21	10	16	36	67	40	47	16	50	14	34	9	19	26	30	33	64	80	127	9	6	15	22
YMR062C	1096	1454	1233	1692	2818	2395	2368	2192	1418	2137	1519	1839	895	2371	1167	1253	2236	1871	2453	2785	610	829	976	1667
YMR247W-A	0	2	0	2	0	1	0	0	0	0	0	0	0	0	0	1	1	0	0	0	0	0	1	0
YMR038C	722	298	659	394	1249	792	1095	638	702	476	773	352	505	1393	314	309	1145	1125	713	942	315	534	221	447
YMR049C	2079	789	2001	906	2972	2312	2803	1894	1890	1428	2093	930	1157	3381	631	648	2544	2426	2414	3101	807	1071	570	1117
YMR272W-B	0	0	0	0	0	0	0	0	0	0	0	0	0	0	0	0	1	0	0	0	0	0	0	0
YMR147W	161	98	164	122	263	208	272	207	181	184	238	138	119	284	93	76	281	229	236	333	82	106	81	143
YML067C	415	332	432	471	633	506	604	416	423	496	416	351	441	1090	517	528	866	802	783	996	275	421	301	546
tK(CUU)M	1	0	3	1	0	2	1	0	2	2	0	1	4	2	1	2	2	1	1	2	0	2	0	0
tR(UCU)M1	0	0	0	0	0	1	0	0	0	0	1	1	0	0	2	0	1	1	0	1	0	0	0	0
YML107C	97	119	115	214	136	110	120	96	106	119	95	72	70	173	157	172	112	102	104	119	41	56	52	68
snR54	48	10	45	14	80	40	60	46	57	43	42	33	26	46	3	16	30	54	37	38	20	20	6	19
YMR231W	549	343	493	412	918	682	799	536	567	446	696	312	425	1017	303	337	939	768	750	932	273	408	206	326
YMR081C	711	272	833	312	1520	735	1657	709	915	317	966	256	207	589	89	111	740	495	333	484	175	278	133	149
YML051W	1352	1061	1236	1373	1931	1851	1820	1681	1697	1671	1853	1203	933	2349	1081	1075	1621	1446	1848	2375	765	978	747	1208
YMR314W	509	462	550	638	987	755	820	577	541	576	566	449	488	1245	642	610	1000	873	866	826	354	475	345	586
YMR113W	158	134	183	218	270	214	291	175	173	162	190	103	133	345	136	140	265	265	237	254	84	139	77	156
YML031C-A	1	0	1	0	0	0	0	0	0	0	0	0	0	1	0	0	0	1	0	0	0	0	0	0
YMR263W	396	198	480	233	614	396	613	369	483	225	530	199	252	738	177	179	484	370	352	435	178	250	148	212
YML034W	316	502	319	682	379	302	303	277	319	499	439	385	270	690	565	673	359	307	335	394	159	225	216	376
YMR131C	2275	1094	2385	1199	3214	2348	2731	1898	2192	1550	2291	1079	1754	4451	968	983	3035	2914	2554	3588	1054	1496	850	1476
YMR310C	1574	800	1369	975	2155	1896	2125	1585	1665	1456	1992	960	743	2115	548	576	1731	1238	1453	1949	726	886	614	1061
YMR034C	109	228	132	306	190	194	181	180	150	332	148	271	66	227	243	248	170	126	187	242	79	102	189	322
YML103C	4711	3723	4392	4802	7415	5774	6725	5126	5282	4365	6025	2998	3069	6966	3416	3765	5954	5318	5174	7124	2037	2978	1663	2624
YMR306W	172	721	172	1002	195	185	176	163	223	523	218	427	109	252	734	785	166	119	190	207	84	110	267	450
YMR169C	251	164	269	286	849	738	771	611	312	571	457	437	116	481	200	240	434	346	748	560	85	132	261	389
YMR186W	10593	8278	11144	9517	17757	11707	15040	10866	12216	9759	12456	7798	8060	17155	7207	7941	14173	13613	10918	13542	5438	7391	4438	7338
YML059C	4032	2585	4171	3038	8600	7904	7773	7251	5134	3805	6272	3206	2490	5646	2352	2382	7095	7420	8229	12933	1914	3057	1580	2812
YML086C	1392	848	1499	1094	2705	2317	2471	2130	1742	1215	1714	932	774	2108	622	631	2045	2246	1991	3365	678	872	459	823
YMR013C	542	209	569	319	950	666	950	627	635	405	767	299	306	777	170	200	761	661	583	845	222	336	142	235
YMR127C	103	121	86	148	126	115	105	82	81	82	116	60	80	191	127	130	145	117	121	174	52	81	62	65
YMR153C-A	29	28	20	30	51	46	54	44	38	36	37	23	11	32	17	32	37	41	51	84	9	24	14	30
YMR212C	1058	487	992	652	1514	1117	1396	1028	1131	804	1203	584	834	1965	560	579	1610	1480	1438	1808	508	794	435	699
YMR296C	2950	2369	3022	2750	5822	4822	5379	4610	3887	3511	3917	2770	1909	4873	1944	2181	4903	4690	4961	7506	1589	2157	1288	2344
YMR101C	21	19	19	11	28	38	30	33	21	21	21	11	16	46	8	8	52	11	38	63	12	15	8	20
YMR166C	396	387	410	399	764	744	696	646	519	458	587	320	199	544	284	332	539	472	700	1029	228	242	219	310
YMR061W	614	372	622	443	1043	722	919	619	655	490	729	359	404	1068	368	318	846	800	710	1035	221	388	223	356
YMR288W	807	682	799	958	927	734	796	560	743	765	877	526	515	1358	613	637	777	713	676	931	297	404	301	532
YMR265C	103	80	105	103	167	122	158	96	117	161	127	101	28	168	78	88	134	113	147	163	36	52	95	116
YML116W	150	84	143	124	294	638	264	436	186	177	200	123	181	350	112	133	524	346	714	706	103	124	92	142
YML130C	1163	879	1361	1144	2496	1869	2313	1664	1763	1466	1670	996	886	2300	814	815	1959	1531	1600	2285	530	831	518	906
YMR273C	440	456	451	541	823	728	772	652	579	609	606	421	323	839	445	467	828	791	764	1131	241	293	309	426
YMR292W	253	140	235	165	342	313	356	253	281	204	305	154	147	376	135	150	269	267	291	326	110	173	97	136
YMR137C	155	136	162	164	248	236	253	203	152	152	216	127	104	274	130	135	271	240	243	298	78	88	98	135
YMR013W-A	62	44	53	55	118	95	115	87	76	72	63	51	52	105	28	54	74	75	98	97	36	40	46	61
YML076C	696	676	678	845	1205	1129	1158	907	732	1008	975	686	558	1355	705	688	1228	1099	1274	1698	363	494	422	682
YMR082C	3	6	2	7	10	7	2	3	4	2	5	6	3	4	9	6	7	7	3	5	0	3	2	11
tR(UCU)M2	0	0	0	0	0	0	0	0	0	0	0	0	0	2	0	0	0	2	0	0	0	0	0	0
YMR022W	648	632	592	772	940	768	935	660	681	781	776	645	448	1285	858	872	1062	872	829	983	464	678	684	945
YML062C	186	162	199	286	172	122	171	131	162	177	214	146	182	469	218	235	227	203	160	186	69	118	75	123
YMR086C-A	28	22	29	31	57	32	40	28	43	25	53	29	22	43	21	19	40	49	19	64	7	22	17	20
YML035C	1016	861	1096	1129	2198	2035	2092	1777	1272	1388	1339	1049	653	1782	858	979	1649	1782	2161	2775	548	667	616	1160
YMR173W	750	1404	959	1846	1352	1140	1379	1065	985	2493	1044	1908	367	1070	1314	1351	565	360	1063	1090	299	284	1089	1671
YMR194C-A	3	6	10	6	18	11	7	10	16	12	12	9	2	16	1	3	8	8	8	11	5	3	3	4
YMR093W	1182	839	1051	978	1769	1465	1611	1204	1105	1322	1415	868	655	1669	589	669	1398	1328	1247	1775	506	714	552	867
YML036W	227	126	228	148	296	250	290	202	265	182	318	134	157	418	103	115	265	212	179	230	117	153	101	152
YMR307W	9076	4715	9298	5640	13604	10764	12577	9642	11183	6799	11892	5592	6226	13861	4202	4710	11117	9760	11028	13420	5819	7140	3639	6202
YML116W-A	174	208	153	286	228	192	206	179	155	232	184	181	142	353	267	265	248	268	253	339	78	130	177	275
YMR021C	429	936	394	1278	621	544	553	449	396	658	479	432	286	729	925	929	525	446	433	482	173	273	292	476
YMR135C	304	271	329	406	585	563	537	451	374	576	422	406	267	641	336	370	591	565	580	726	190	255	239	367
YMR121C	192	186	203	237	329	284	273	268	214	227	256	169	142	422	207	204	288	232	296	266	97	119	108	187
YMR129W	2558	1450	2534	1858	3748	2899	3774	2641	2562	2245	3095	1578	1629	3840	1218	1340	3415	3137	3074	4702	1097	1627	888	1558
YML066C	0	8	1	8	2	4	3	1	2	1	1	2	1	6	5	6	3	4	4	9	1	0	3	2
YMR045C	53658	57150	60589	60092	103928	91913	89844	93228	67149	66696	93130	63127	40392	135193	51104	86527	103176	93533	123137	134654	26314	41316	47528	67421
YMR050C	45961	57043	46637	70241	45178	42646	36422	38950	54664	68080	81757	58510	37047	121149	61662	92442	61145	51468	77760	77229	19726	32680	47653	62795
YML045W	46329	65442	48379	77777	33050	32637	26545	28268	56353	64609	94335	60000	35307	123749	67743	101818	45305	36625	60957	58496	20135	33366	44246	57830
YML040W	2935	4304	4049	4446	1650	1570	1266	1454	3661	3646	7176	4957	2557	13018	4154	8259	2357	2409	3039	3316	1457	3089	2505	5122
YML045W-A	1514	1302	1339	1623	2289	1830	1741	1565	1737	1431	1913	1188	1216	4553	1644	2427	2725	2800	3194	3054	726	1067	1113	1591
YMR046C	18164	16052	21404	12807	45005	40393	38337	41235	23371	15226	31231	16211	9309	34031	8845	17211	34227	27496	39332	42251	9001	12578	11254	14493
YMR051C	750	1078	722	1617	1437	1261	964	1086	814	1830	994	1512	766	2087	1619	2269	1983	1512	2431	2163	404	673	1582	2227
YML039W	58691	88662	70469	96457	34201	34133	28717	31915	70797	76157	126927	77818	47025	190518	85412	145287	48676	41948	66573	68886	25804	47767	53794	78618
YBR225W	1215	3494	1157	4045	1632	1345	1598	1246	1265	4589	1521	3403	707	1808	2905	3097	1446	1213	1262	1851	546	786	2137	3161
YBR182C-A	8	11	13	12	21	33	28	26	23	24	22	28	6	18	9	11	21	11	21	49	5	7	20	14
YBL055C	299	285	339	359	462	414	414	298	308	414	324	293	185	636	347	342	369	314	380	413	126	149	242	328
YBR293W	229	183	262	288	327	269	312	272	322	304	292	219	147	368	173	200	278	230	263	302	126	154	128	215
YBR223W-A	0	0	0	0	0	0	1	0	0	0	0	1	0	0	0	0	0	0	0	0	0	0	0	0
YBR115C	7766	3480	7804	4228	17235	16353	14905	14616	8945	6110	10205	4923	6055	13452	2452	2847	15541	11333	15439	16444	4474	5659	2390	4021
YBR031W	9463	4817	9690	5595	14934	9786	14002	9092	11377	7382	11714	5568	7560	19876	3902	4464	12934	12126	10283	10208	6722	9077	3874	6713
YBL108C-A	9	7	8	14	18	11	12	8	15	9	12	6	5	33	12	16	10	22	18	17	3	6	7	9
YBR116C	1	2	1	2	6	8	7	7	6	7	2	4	2	6	2	2	2	1	3	3	2	1	2	3
YBR241C	348	488	431	625	993	1124	982	1063	711	689	668	646	193	647	589	533	623	690	1014	1464	208	244	249	417
YBR182C	195	337	219	503	373	441	340	397	243	597	220	462	105	272	379	364	242	172	339	326	69	98	280	402
YBR134W	1	0	0	0	1	0	1	1	1	1	1	1	0	1	1	0	2	0	0	1	0	0	0	1
YBL037W	913	920	909	1225	1509	1242	1421	1133	960	1371	1179	962	504	1332	814	901	1174	1086	1093	1544	423	627	589	918
YBR019C	217	87	166	155	168	110	155	92	155	107	166	97	211	417	186	168	183	308	149	298	153	186	124	159
YBR022W	150	98	167	142	216	191	239	153	164	142	187	129	89	271	105	115	224	182	172	206	87	78	92	142
YBR121C-A	257	136	263	181	424	290	362	256	285	181	315	146	198	468	98	115	359	308	268	349	137	174	85	127
YBR119W	344	197	344	250	512	336	545	331	340	249	428	166	191	558	202	158	430	306	306	334	125	156	105	150
YBL022C	2445	2256	2836	3037	5349	4914	4783	4342	2944	2891	3252	2122	1768	4348	2156	2388	4014	3913	5044	6846	1517	1722	1289	2199
snR161	284	166	241	264	434	364	427	294	307	262	260	248	99	293	118	159	227	230	214	184	72	95	88	139
YBR243C	235	284	266	337	412	372	407	372	341	378	360	279	125	353	236	261	248	207	348	500	126	156	147	240
YBR234C	1048	1122	1058	1544	1778	1492	1509	1390	1240	1548	1261	1186	634	1615	928	953	1196	1286	1185	1551	519	677	616	1201
YBR179C	797	644	885	815	1381	1214	1238	1010	846	869	1056	666	478	1196	556	586	1094	914	1139	1560	405	468	375	680
YBR247C	861	353	872	422	1290	990	1169	814	889	677	897	473	588	1592	335	352	1190	1186	1115	1593	380	481	343	604
YBR124W	4	4	8	7	11	4	14	7	3	6	10	4	1	6	4	8	5	2	12	9	3	2	0	5
YBL086C	281	107	335	97	689	382	599	357	361	139	439	113	166	499	72	73	651	510	379	556	114	169	65	104
YBL065W	5	0	6	3	9	5	12	7	10	4	11	4	2	10	1	2	7	5	3	3	0	1	1	2
YBR227C	329	236	336	331	574	422	534	416	390	374	407	213	290	679	226	242	583	528	472	702	146	223	146	228
YBR218C	3677	1804	4023	2399	8947	7816	7634	6813	4990	3629	4917	3103	3173	7586	1571	1752	8216	7869	8282	9744	2160	2947	1453	2628
YBR244W	147	446	157	515	241	759	266	727	187	846	188	630	100	190	293	395	196	138	675	766	146	114	344	532
YBR160W	485	531	495	581	985	906	785	802	590	699	650	502	338	918	466	476	789	680	769	937	267	328	338	560
YBL080C	115	118	138	161	283	234	219	205	150	155	174	129	100	300	147	148	185	204	324	290	77	100	78	140
YBR083W	1576	3050	1279	3822	585	585	527	522	1414	3486	1714	2829	1190	2730	3236	3309	515	373	590	744	513	866	1827	2760
YBR294W	51	181	54	247	122	161	125	125	76	656	62	690	34	92	147	117	58	48	98	179	23	36	258	486
tI(AAU)B	0	0	0	0	0	0	0	0	0	0	0	0	0	0	0	0	0	0	0	0	0	0	0	0
YBR091C	45	28	72	42	117	97	81	70	50	49	52	40	45	142	42	54	93	106	108	134	58	40	32	66
YBR284W	65	143	89	160	258	224	182	178	105	158	111	132	38	124	111	127	138	125	221	288	40	54	68	112
YBR158W	1532	2465	1312	3167	1098	649	1037	546	1946	6026	1924	4336	1000	2106	2341	2669	1090	728	718	759	840	916	3109	4795
YBR111W-A	147	99	164	145	245	193	241	180	182	152	228	118	163	449	130	135	301	224	203	175	86	144	89	137
YBL071C	5	1	3	2	8	5	6	6	3	4	6	7	1	6	4	2	6	3	5	8	2	5	1	2
YBR126W-B	107	75	108	98	206	178	176	155	142	124	129	106	104	279	111	115	231	216	198	229	80	116	84	150
YBR229C	2383	2060	2348	2681	4562	4109	4188	3801	2883	3135	3269	2438	1598	3772	1808	1924	3921	3550	4263	6142	1203	1648	1426	2208
YBR042C	267	186	280	246	372	284	371	212	308	233	311	196	255	641	213	216	424	459	351	506	158	224	123	242
YBR150C	460	614	469	780	709	595	642	520	436	734	574	573	306	682	483	606	666	617	607	912	195	299	338	538
YBR298C	78	61	71	74	122	102	132	81	95	72	102	58	56	163	55	69	118	124	132	147	37	58	29	42
YBR143C	2107	1066	2074	1294	3050	2216	2564	1847	2121	1500	2129	1105	1695	4066	874	889	2857	2517	2121	2462	945	1344	695	1192
YBR014C	148	111	139	176	260	237	200	185	124	130	148	123	105	339	149	169	203	212	195	278	60	93	62	139
tS(AGA)B	0	0	1	1	0	0	2	3	0	0	1	0	0	2	0	0	1	1	1	2	1	0	0	2
YBR259W	366	814	320	1144	456	397	402	354	357	578	452	413	296	680	891	978	453	416	449	517	169	238	239	401
YBR060C	593	371	569	472	936	636	801	618	618	611	762	453	378	1035	318	326	907	806	714	1010	278	357	270	500
YBR180W	3	2	2	2	5	8	2	4	6	4	1	2	0	4	2	0	2	4	4	5	0	2	0	6
YBL034C	954	946	945	1213	1526	1308	1453	1125	1006	1087	1208	766	566	1394	860	943	1298	1154	1257	1857	370	594	425	792
YBR212W	1540	2042	1697	2406	2966	2943	2964	2841	2076	3320	2246	2545	767	1750	1281	1506	2069	1660	2369	3138	660	959	1298	1959
YBR071W	292	406	323	428	814	1214	729	1056	406	543	375	362	141	463	296	333	594	397	839	873	139	207	257	339
YBL074C	126	111	109	125	232	190	209	198	135	135	150	118	54	181	80	87	182	166	183	250	38	60	56	95
YBL107C	138	75	120	95	236	197	210	192	162	110	184	83	108	244	90	90	230	195	206	259	60	84	52	98
YBR097W	850	1169	835	1533	1306	911	1126	848	821	957	1028	658	637	1503	1240	1270	1112	1195	1007	1454	431	543	425	652
YBR136W	1945	1464	1853	1999	3309	2659	2998	2312	2045	1680	2409	1302	1268	2914	1365	1481	2684	2589	2590	3769	808	1149	760	1172
YBR039W	2252	1668	2516	2229	4159	3768	3603	3113	2534	1948	2704	1676	1743	4319	1864	1802	3332	2793	3362	3545	1494	1425	1236	1768
YBL089W	371	346	363	393	648	507	612	477	511	501	584	389	286	664	300	343	616	533	617	790	236	360	270	437
YBL067C	1133	814	1182	1162	1702	1295	1572	1153	1215	1301	1423	874	850	2034	811	819	1578	1374	1373	1800	550	775	554	942
YBR270C	143	126	145	175	237	249	254	202	158	162	185	157	111	276	146	144	257	245	269	351	63	98	80	145
YBR087W	452	259	426	292	599	405	602	358	459	303	498	232	231	752	186	200	524	415	329	463	162	202	123	209
YBR121C	5222	2714	5333	3352	7891	5585	6915	4969	5414	3642	5838	2711	3529	8718	2207	2265	6783	5993	5141	6460	2616	3527	1553	2634
YBR026C	855	804	879	1175	1646	1577	1410	1326	992	1218	1146	938	633	1507	836	832	1291	1165	1293	1631	390	528	532	902
YBR197C	232	190	204	227	317	253	267	248	214	242	271	178	155	376	204	211	309	344	342	480	124	164	136	258
YBR027C	48	40	44	71	94	74	83	66	59	79	68	58	20	60	34	38	65	46	59	76	16	28	32	41
YBR177C	1173	722	1211	1088	2676	2056	2446	1889	1500	1473	1699	1276	669	1877	641	714	1912	1560	1902	2419	694	838	599	1098
YBR176W	117	81	150	118	250	199	192	173	116	129	147	106	101	270	90	101	203	192	194	196	54	71	69	111
YBR230W-A	21	26	26	59	58	67	54	52	21	57	27	42	15	64	46	45	47	28	46	41	17	23	48	63
YBR090C	42	49	48	56	77	63	48	42	43	71	40	48	44	125	76	61	98	78	74	89	31	44	46	88
YBL071C-B	6	6	4	4	8	7	6	4	4	7	4	2	2	12	4	4	11	4	8	8	2	6	4	2
YBR064W	0	0	0	0	0	1	2	1	0	0	2	1	0	2	0	0	1	0	1	0	0	0	0	0
YBR044C	281	312	328	424	384	415	352	333	281	433	386	316	186	435	266	336	349	290	370	540	135	165	192	337
YBL068W	815	349	806	466	1275	976	1104	781	824	716	914	472	516	1328	288	304	1019	702	714	814	306	458	367	561
YBR216C	560	431	526	598	862	610	750	546	601	672	695	471	352	884	348	380	777	639	617	797	226	309	282	414
YBR271W	190	100	202	116	347	271	269	181	179	167	188	93	184	500	105	113	349	423	364	462	111	143	74	176
YBR084W	3255	1120	3559	1348	5652	3735	5014	3211	3309	1579	3471	1080	2722	6602	1026	1024	5515	5889	4359	7451	1555	2347	712	1277
YBR065C	253	206	248	226	437	343	419	259	262	250	308	155	190	412	209	208	384	373	358	482	110	158	101	174
YBR245C	995	672	994	810	1684	1239	1479	1064	946	848	1160	658	692	1716	551	573	1470	1383	1206	1671	434	608	312	594
YBR085W	24	11	21	13	37	9	36	5	14	8	32	2	17	54	6	8	42	57	12	16	1	21	3	11
YBR059C	1314	1526	1331	2123	2756	2253	2310	1873	1547	2108	1772	1446	1051	2599	1724	1667	2547	2397	2490	3457	666	994	890	1596
YBR068C	2309	1227	2572	1516	4840	4117	4534	3738	3060	2778	2914	2262	1650	3890	1130	1163	4528	4125	4499	5556	1484	1972	1666	2424
YBR285W	14	12	17	12	28	24	33	24	17	31	20	26	6	19	10	19	32	19	17	35	7	5	29	18
YBR041W	1876	1906	1870	2359	2980	2517	2794	2265	2218	1993	2434	1611	1137	2710	1715	1810	2382	1920	2455	3419	929	1319	929	1460
YBR252W	298	179	355	226	478	341	433	297	311	245	333	186	201	674	192	204	443	342	380	357	212	286	151	264
YBL082C	310	98	322	112	625	486	554	424	454	244	422	182	187	588	96	108	427	518	550	895	204	238	81	186
YBL002W	390	178	379	223	444	287	538	304	411	246	490	205	273	664	185	177	409	274	261	239	212	286	152	219
YBL098W	110	139	160	139	233	208	208	175	121	174	184	160	116	317	139	171	232	220	277	317	61	110	88	230
YBR117C	8	11	14	26	35	90	40	60	32	47	22	32	6	25	14	12	17	12	40	26	12	7	11	26
YBR214W	2130	2804	2225	3524	3976	2560	3865	2514	3286	3628	3372	3171	954	2756	2097	2178	2598	2286	1819	2625	903	1341	1356	2158
YBR169C	2006	2246	2738	2585	4632	3454	4480	3141	3310	2471	2729	2049	1005	3127	1359	1641	2650	2233	2357	3049	899	1394	811	1290
YBR207W	441	326	436	492	711	765	606	672	517	632	479	427	336	720	316	364	572	552	706	984	203	302	220	437
YBR155W	175	83	234	89	294	244	275	181	162	115	162	85	124	391	80	100	294	318	250	286	100	79	42	109
YBL106C	506	431	586	605	1584	1452	1278	1249	684	1027	696	741	340	920	489	547	1202	1656	1642	2600	296	353	466	771
YBR237W	263	286	292	385	456	394	384	343	309	336	358	269	211	544	312	278	415	480	412	560	139	199	154	231
YBR193C	309	224	306	293	481	353	454	314	343	320	368	245	188	503	192	200	439	343	328	449	177	218	156	228
YBR149W	1275	1865	1340	2408	2266	2445	2018	2059	1565	2924	1747	2351	933	2387	1959	2077	1880	1715	1918	2246	773	945	1561	2522
YBR013C	118	86	103	165	237	227	224	202	148	156	163	114	64	138	67	90	133	134	209	292	46	70	44	85
YBL063W	217	257	207	353	314	308	286	285	241	296	250	230	157	382	251	266	303	247	372	420	89	132	150	212
YBL029C-A	360	380	373	438	677	629	755	590	451	606	506	548	172	510	321	320	539	343	504	514	165	219	345	504
YBR147W	164	72	133	94	364	511	324	453	183	137	239	119	96	257	67	75	470	243	477	559	80	120	46	104
YBR246W	620	525	654	639	1069	822	980	698	706	732	793	519	427	1056	423	416	873	826	784	1076	285	449	289	534
YBR002C	174	99	193	145	262	171	238	141	155	184	228	119	122	409	113	100	273	238	203	243	76	114	98	149
YBR023C	2862	6218	2856	7796	3539	3625	3217	3321	3048	7694	3260	6039	1765	4132	5775	6417	2828	2615	3508	5207	1252	1812	3666	5820
YBL088C	1351	1278	1326	1753	2303	1816	2208	1732	1467	1861	1781	1441	981	2262	1186	1298	2139	2036	2130	2775	602	978	826	1326
YBL064C	312	605	371	894	741	1338	620	1085	414	932	434	886	155	447	514	567	395	327	863	1056	217	152	361	678
YBL007C	2698	2241	2774	2871	4919	3690	4228	3158	3117	3102	3311	2426	1993	5386	2290	2373	4562	4560	4103	5413	1422	2008	1322	2443
tL(UAA)B2	0	1	1	1	0	0	1	0	0	0	0	0	0	7	3	3	0	0	3	3	0	0	1	2
YBL093C	320	292	292	429	424	314	390	255	312	387	386	298	276	807	422	418	470	448	346	337	166	254	238	442
YBL091C	864	778	873	1008	1500	1167	1280	969	900	1032	1007	754	773	1920	809	824	1443	1346	1200	1500	462	641	470	856
YBR142W	1576	608	1624	705	2290	1767	2088	1570	1587	1023	1744	651	1000	2701	425	474	2130	1852	1836	2496	671	835	432	819
YBR047W	66	23	40	30	120	130	107	105	75	51	101	40	55	126	17	14	167	64	70	80	29	56	28	68
YBR238C	4697	3162	4956	3708	8223	4846	8105	4561	6128	2952	5657	2333	1942	5624	2213	2429	4894	4394	4025	5820	2016	2735	1249	2092
YBR067C	18585	3230	17369	2946	22863	11681	21927	12484	23122	3813	24236	3537	13087	22838	1367	1518	18410	16312	8066	9772	11349	16281	1209	1702
YBR010W	294	229	356	281	559	442	565	364	381	301	358	265	196	591	190	209	475	366	318	346	162	227	158	316
YBL054W	1682	1319	1616	1421	2512	2669	2460	2251	1726	2347	1980	1527	612	2029	869	1053	2122	1764	2533	3114	764	779	1059	1610
YBR209W	1	2	3	2	2	6	1	3	1	3	1	1	1	3	0	1	1	2	5	5	1	2	3	0
YBL060W	295	299	280	423	508	455	501	416	367	444	393	334	222	501	310	331	435	401	441	606	124	212	193	276
YBR089W	1	7	4	15	1	0	1	0	1	40	3	32	4	2	16	22	0	0	1	0	1	2	24	47
YBR025C	7540	3460	7387	4218	11120	7238	9831	6615	7867	4620	8374	3569	5969	12240	2816	2738	10043	8807	6698	8222	3626	5218	2202	3451
YBR040W	104	2053	79	2953	14	13	5	10	84	4800	96	4291	64	144	2501	2699	1	3	8	6	36	66	2822	4057
YBR230C	1124	949	1291	1122	2646	2811	2709	2622	1737	2190	1880	1915	536	1439	805	852	1844	1253	2026	2060	879	900	1492	1930
YBL027W	4854	2488	4969	2553	7066	4820	6265	4378	5271	3284	5303	2359	4861	10328	2008	1819	7389	6311	4726	5430	2927	3986	1886	3055
YBL100C	0	0	0	0	0	0	0	0	0	0	0	0	1	1	0	0	0	0	0	1	0	0	0	1
YBR261C	239	149	247	225	406	299	302	225	230	230	208	176	154	453	130	119	317	350	261	330	101	120	88	178
YBR034C	786	510	804	636	1300	1176	1156	902	785	854	845	570	519	1583	554	531	1178	1039	1187	1412	440	467	451	932
YBR101C	984	929	1200	1050	1835	1262	1657	1177	1378	1222	1237	910	601	1503	618	741	1192	1116	877	1202	404	646	422	680
YBL010C	72	111	86	139	102	88	88	74	68	98	88	79	60	165	121	122	96	92	116	122	33	48	49	105
YBR053C	329	502	332	657	587	670	545	565	384	661	442	514	230	634	501	488	542	368	488	508	216	234	282	518
YBL059C-A	210	108	290	196	407	372	329	320	277	190	294	169	180	393	133	144	336	247	379	364	137	149	134	220
YBR255C-A	198	113	194	210	302	269	376	233	241	258	276	209	108	256	112	131	193	176	139	163	92	98	113	144
YBL042C	1634	1171	1747	1314	2864	2295	2769	2192	1915	2152	2222	1569	937	2615	1049	1173	2625	2532	2679	3004	932	1182	1087	1787
YBL039C	1393	539	1485	680	2073	1364	1782	1156	1342	763	1318	557	944	2924	393	433	1979	1996	1561	2153	607	854	319	698
YBR217W	72	56	71	75	92	65	76	70	66	74	72	52	54	175	74	56	109	89	80	97	27	52	41	66
YBR200W-A	0	0	0	0	0	0	0	0	0	0	0	0	0	0	0	0	0	0	0	0	0	0	0	0
YBL003C	159	91	190	114	222	312	191	305	153	138	178	146	144	318	92	89	198	83	224	152	82	105	102	126
YBR069C	1617	304	1692	320	2732	2214	2450	1951	1793	562	1957	424	1289	3326	199	252	2658	2361	2571	2944	1099	1341	277	488
YBR056W-A	323	1067	331	1303	407	517	390	463	433	1838	324	1418	110	396	1131	1275	176	113	226	247	107	194	1269	1626
YBR009C	314	206	343	227	542	460	612	416	405	252	412	199	192	498	138	171	482	304	350	331	162	232	142	198
YBL038W	195	164	240	265	344	398	337	316	241	224	240	193	123	334	176	196	295	259	344	362	110	102	91	206
YBR056C-B	2	2	3	2	3	2	3	2	2	0	1	3	1	2	0	0	1	1	4	2	0	0	0	1
YBR081C	1207	806	1192	968	1986	1374	1701	1251	1195	967	1517	662	837	2010	657	761	1935	1722	1464	2225	540	745	440	732
YBR007C	478	1169	568	1340	1068	1081	972	1007	701	1359	714	909	313	843	881	1041	884	763	902	1235	229	287	521	730
YBR146W	762	597	900	779	1166	1103	1070	864	889	711	985	548	520	1307	591	575	887	797	1099	1422	511	505	402	665
YBR171W	320	200	345	305	488	398	530	338	356	355	390	252	242	618	238	206	474	480	388	524	158	197	156	261
YBL028C	741	330	700	386	800	610	856	625	724	541	883	386	498	1148	255	253	790	570	624	691	280	424	310	514
YBR135W	364	318	356	416	620	545	542	451	374	469	435	333	272	798	412	419	684	593	654	841	290	310	342	569
YBR264C	61	74	54	107	55	60	53	26	53	74	56	55	51	145	104	105	71	62	49	63	22	31	36	61
YBR043C	603	400	598	538	1272	1244	1060	1140	657	740	777	580	484	1064	353	356	1332	1144	1275	1630	323	419	235	470
YBL059W	38	41	39	54	56	59	58	66	59	65	48	38	43	110	47	71	85	81	86	105	25	28	54	98
YBR131W	233	219	194	329	349	254	260	196	233	288	299	249	113	305	204	232	316	229	253	282	94	99	132	183
YBR233W-A	29	11	21	24	35	30	21	23	19	22	14	16	13	57	28	24	27	28	39	32	10	22	11	26
YBR092C	5696	1497	5939	1563	5854	3354	4887	3009	6823	992	6482	674	4012	9495	1046	1031	4224	3813	2859	3537	2935	4057	306	619
YBR126C	1663	1678	1798	2394	3392	2877	3007	2438	2041	2416	2232	2044	1237	2985	1760	1812	2565	2208	2407	2697	920	1287	1156	1976
YBR057C	457	472	390	657	480	391	466	339	372	358	485	272	305	681	495	516	540	499	442	575	174	315	202	307
YBR086C	4326	3831	4247	5061	6159	4386	5728	4025	4960	4709	5518	3853	3069	6864	4359	4334	5483	4656	4618	6572	2175	3226	2349	4041
YBR174C	6	1	6	3	11	4	12	6	6	2	10	2	2	18	2	1	6	2	4	9	2	10	2	2
snR56	29	20	35	14	87	46	88	56	45	23	42	14	20	57	14	9	45	45	52	41	11	20	7	22
YBR281C	695	563	776	772	1336	1055	1216	913	750	810	892	528	423	1157	450	461	1064	932	946	1301	319	426	281	494
YBL103C	452	395	431	466	796	669	731	595	472	674	604	462	343	899	366	380	868	775	742	899	243	378	276	458
tG(GCC)B	0	0	0	0	0	0	0	0	0	0	1	0	0	0	0	0	0	0	0	0	0	0	0	0
YBR159W	2340	1802	2384	2323	3482	2627	3306	2351	2746	1898	2873	1446	1632	3914	1680	1759	2843	2384	2360	3103	1102	1546	777	1351
YBR118W	32688	22711	34552	24368	62696	40101	64495	34681	37396	29784	38196	22751	24792	68691	20491	23497	53046	50957	45111	46360	18183	26879	20402	26230
YBL004W	6866	2327	6767	3124	11152	7250	9800	6453	7379	4341	7219	2914	4935	11850	2044	2170	9710	9906	8389	11974	3028	4329	1950	3441
YBR163W	549	421	530	597	818	630	763	619	597	688	743	494	413	943	361	349	792	643	639	1006	265	373	286	442
YBL013W	50	21	41	32	104	78	82	64	50	45	75	27	33	87	29	39	68	85	96	133	20	38	27	38
YBL112C	1	3	2	2	4	3	5	2	2	3	2	1	7	12	6	7	7	15	10	17	2	4	1	4
YBR231C	58	91	65	136	138	115	108	98	74	97	80	55	56	181	99	109	98	122	142	158	38	59	32	72
YBL066C	1252	1244	1256	1560	2467	2476	2345	2270	1648	2023	1962	1547	816	1879	1003	1092	2081	1900	2176	3394	692	869	824	1197
YBR008C	225	188	202	233	402	368	364	316	252	283	262	226	139	369	192	258	286	296	374	457	108	159	106	200
YBL015W	266	180	269	252	539	465	505	390	349	355	370	278	156	386	159	156	365	346	433	428	128	163	131	212
YBR038W	208	421	233	496	421	500	387	488	306	770	313	539	115	369	373	434	310	297	600	765	114	165	291	526
YBL018C	175	76	182	86	254	236	248	191	137	99	180	58	122	312	63	83	264	225	267	251	82	81	65	117
YBR253W	152	172	160	224	200	155	194	168	180	218	229	149	141	403	230	228	232	192	170	156	85	115	113	156
YBL068W-A	214	94	231	96	359	226	392	210	278	121	258	95	77	222	37	44	178	131	154	187	82	106	32	49
YBR058C	1664	1223	1655	1513	2725	2040	2340	1839	1689	1671	1983	1188	1042	2771	947	1038	2492	2009	2009	2604	727	1054	661	1194
YBL084C	766	561	771	661	1256	927	1210	862	847	853	1056	658	456	1203	518	546	1016	881	927	1297	328	506	394	570
YBR224W	22	18	30	34	38	36	27	32	34	18	28	26	14	29	12	18	26	19	34	44	7	8	13	26
YBR077C	117	154	105	188	170	147	136	120	117	171	101	145	64	185	129	125	126	92	132	132	44	74	74	134
YBL087C	2764	1269	2908	1376	4229	2870	3955	2766	3186	1691	3154	1292	1498	3865	640	719	2957	2662	2036	2349	1434	1965	754	1194
YBR098W	96	108	113	167	140	112	138	119	112	147	141	90	71	183	118	123	158	146	164	235	52	69	64	119
YBR239C	480	439	457	550	950	914	803	755	606	780	662	531	345	927	372	400	909	842	984	1335	286	422	402	622
YBR168W	140	128	137	169	259	191	216	150	170	208	203	160	140	263	143	136	230	205	205	286	69	108	74	146
YBL046W	83	76	91	93	150	90	113	78	80	101	88	57	76	224	108	138	169	142	138	174	46	56	39	77
YBR003W	775	665	830	808	1334	1206	1218	1118	890	796	1008	659	517	1302	572	569	1012	970	1160	1669	448	499	431	681
YBR215W	714	570	795	716	1150	837	952	779	735	655	1011	491	433	1188	514	466	1053	861	841	1170	269	389	288	409
LSR1	11760	11854	12626	12227	20271	14504	14823	13851	14649	13380	12253	11907	11246	18547	10566	12044	14922	18735	14493	16435	9333	11545	9437	13171
YBL025W	33	38	27	37	39	26	34	19	22	33	35	35	23	70	21	35	29	38	39	37	17	15	15	31
YBR105C	1537	1000	1644	1220	3002	2699	2792	2220	1868	1863	2074	1556	930	2395	856	885	2617	2170	2058	2201	864	1070	999	1534
YBR200W	786	572	783	795	1252	969	1107	789	828	697	982	529	520	1190	532	532	1115	1092	1020	1332	344	509	314	517
YBR190W	220	149	229	145	326	234	301	229	250	154	230	112	152	373	83	87	301	265	205	233	146	184	94	145
YBR248C	720	648	676	911	1402	1596	1126	1267	744	1027	894	739	591	1360	577	614	1332	1007	1290	1158	341	449	374	635
YBR145W	223	78	214	93	507	293	404	208	239	107	307	95	222	536	47	61	526	354	247	119	168	166	44	90
YBL047C	5885	5428	5972	6589	11573	10346	10112	9448	7139	7600	7591	5758	3971	9660	5204	5381	9780	8816	9846	12719	3259	4191	3383	5703
YBR099C	10	4	13	16	36	28	24	13	18	6	14	9	4	33	10	5	24	20	22	38	4	8	5	12
YBL014C	455	294	440	328	704	576	617	508	459	405	552	290	306	709	211	238	613	651	650	877	188	253	172	311
YBR062C	141	106	167	150	267	207	267	186	166	164	180	121	146	359	124	154	277	216	212	205	80	90	78	153
YBL092W	6820	4010	6774	4196	9289	7021	8896	6659	7540	5497	7805	4288	6471	11680	3684	3501	8961	7734	6633	7260	4873	6121	3780	5315
YBR240C	27	18	24	29	73	60	68	63	35	18	46	17	19	81	22	22	58	51	69	73	21	26	15	28
YBR251W	232	95	244	147	418	360	394	345	259	186	280	143	142	345	103	116	309	228	320	365	114	108	91	165
YBR199W	725	624	822	834	1332	1048	1263	907	886	881	989	586	717	1695	707	732	1347	1312	1197	1655	422	587	412	653
YBR128C	25	46	24	29	45	42	45	38	31	43	30	27	28	46	42	44	54	44	49	62	15	19	20	29
YBR139W	892	1453	899	1993	1877	1913	1724	1815	1235	2061	1406	1592	527	1408	1391	1548	1277	1247	1700	2304	495	686	849	1496
YBL070C	0	0	0	0	2	0	1	1	1	0	1	0	1	0	1	0	1	0	0	2	0	2	0	0
YBR054W	4141	1006	4769	917	7547	4118	6862	4205	5629	942	6030	954	3060	7892	240	371	6536	5747	3955	4124	4186	4223	332	470
YBL039W-B	62	107	67	169	108	130	101	99	81	173	68	122	34	113	124	126	102	64	82	88	26	39	76	126
YBR072W	651	298	782	350	1208	906	1210	770	800	401	926	418	238	868	241	220	632	435	693	596	162	348	198	318
YBR111C	706	603	731	830	1265	1196	1150	1072	853	921	896	740	603	1518	660	638	1094	868	948	1041	427	536	467	860
YBL001C	449	319	472	413	724	668	716	554	507	472	513	374	392	982	353	430	693	615	611	591	244	366	268	449
YBR110W	581	466	595	600	911	821	843	738	653	609	701	498	443	1104	438	496	881	829	931	1164	328	423	311	528
YBL111C	86	141	90	166	191	203	168	176	106	165	94	111	76	240	175	246	188	319	347	506	53	74	127	184
YBL036C	212	185	251	211	364	266	310	223	240	230	230	164	207	562	164	142	341	369	282	318	99	154	98	210
tR(UCU)B	0	0	0	0	1	0	1	1	1	0	0	1	0	1	0	0	1	1	0	1	0	0	0	1
YBL094C	12	24	12	30	31	18	21	21	14	26	19	22	4	32	30	22	22	19	24	24	5	6	18	29
YBR033W	76	189	66	312	159	167	105	128	110	276	112	215	46	125	240	237	118	59	143	167	49	59	136	214
YBL073W	2	0	0	1	3	0	2	1	0	0	1	1	0	0	0	0	1	0	1	2	0	0	0	1
YBR096W	710	640	775	858	1255	1078	1211	987	855	985	927	764	471	1194	570	677	966	932	911	1213	327	474	463	781
YBL053W	75	39	64	38	106	111	103	94	98	87	76	35	21	61	11	20	67	42	77	93	22	18	32	52
YBR030W	308	202	295	231	495	442	484	348	372	350	456	227	180	479	154	172	412	357	385	510	135	189	124	227
YBL076C	10677	6233	10284	7419	15775	10824	13814	9847	11197	8015	11967	6403	7666	16761	4528	4943	13450	12182	9796	12188	4875	6956	3355	5631
YBR256C	548	450	624	590	1226	1086	970	927	615	635	662	560	566	1409	457	513	1270	997	1145	1009	334	435	378	678
YBR162W-A	44	61	60	100	52	36	39	45	56	114	35	92	40	136	84	95	49	52	48	30	16	30	83	93
YBL077W	1	1	0	0	1	1	1	0	1	0	0	0	0	2	0	0	1	0	0	0	0	0	0	0
YBR156C	769	2288	634	2927	310	310	301	299	556	1734	654	1295	530	1179	2199	2232	279	222	272	411	241	380	777	1104
YBL012C	0	0	0	0	1	1	0	0	0	0	0	1	0	2	1	0	0	0	1	0	0	0	0	0
YBL008W-A	2	2	3	3	4	2	6	2	3	2	4	3	2	4	0	2	2	2	2	2	0	0	2	2
YBR297W	156	205	136	329	220	208	226	180	168	372	187	344	94	225	226	210	170	168	168	276	51	80	188	276
YBR189W	4295	2127	4313	2324	6330	4462	5936	4124	4628	2932	4705	2187	4059	8527	1613	1529	6329	6207	4271	4878	3070	3811	1719	2547
YBL096C	6	8	2	11	12	10	5	7	10	13	4	8	0	11	6	10	7	10	8	15	3	3	1	8
YBR011C	8861	8802	8548	10020	12254	10280	11055	9355	9197	10455	10069	9062	6636	13661	7399	7732	10604	9411	8689	9968	4980	6546	6167	9468
YBL041W	810	852	827	925	1414	1069	1252	947	954	1114	956	856	643	1785	967	1001	1287	1204	1129	1270	454	568	680	1106
YBL081W	2230	1065	2168	1130	3493	2765	3392	2656	2745	2045	3374	1437	1056	3021	683	708	3146	2395	2723	3432	1252	1782	951	1599
YBR089C-A	273	280	232	307	331	322	306	291	256	390	282	310	226	565	294	312	400	258	357	363	184	248	371	506
YBR103C-A	1	2	3	2	4	4	1	0	1	2	2	2	0	0	0	0	0	0	2	3	3	0	1	0
YBR296C	28	77	55	152	126	97	83	92	103	620	57	468	18	59	100	108	62	49	97	94	23	23	271	545
YBL040C	721	826	780	989	1146	929	1090	901	930	1108	927	932	553	1376	891	908	978	985	922	1188	368	562	592	928
YBR165W	285	209	280	258	428	350	414	316	297	329	365	230	189	502	220	226	468	322	358	403	140	213	198	351
YBL026W	324	326	322	423	421	314	396	288	325	313	353	256	241	623	368	432	352	319	260	271	145	176	156	338
YBR082C	4089	3513	3893	3951	6305	5097	6013	4750	4717	4393	5087	3502	3324	7169	3866	3770	6266	4659	4971	4539	2574	3441	3057	4559
YBR280C	293	383	307	450	576	407	528	382	341	524	400	392	164	535	348	357	408	330	316	416	109	228	180	303
YBR061C	610	299	576	364	873	651	814	496	649	497	661	350	367	1031	277	254	788	600	580	718	257	354	250	412
YBL016W	1971	5402	1742	6658	937	823	810	684	1435	3910	1663	3152	1431	3409	5165	5358	830	682	652	789	676	979	1828	2872
YBR175W	185	118	176	153	290	203	254	203	202	187	255	157	105	267	76	97	185	182	167	212	51	103	61	129
YBR029C	994	666	921	881	1526	1342	1444	1293	1223	1108	1272	808	594	1438	514	626	1176	1069	1372	1982	510	606	475	870
YBL057C	269	155	270	243	421	277	406	245	270	213	284	172	220	604	248	221	456	454	399	574	164	199	129	253
YBR298C-A	0	1	2	0	0	2	2	1	0	0	1	0	0	2	1	1	0	0	1	4	0	1	0	1
YBR192W	148	108	157	110	248	222	213	190	144	133	172	86	149	384	122	115	297	256	289	422	92	115	75	110
tQ(UUG)B	0	1	0	0	0	0	2	0	1	2	1	2	0	0	1	0	0	0	2	0	0	2	0	0
YBR302C	1290	1440	1335	1890	2528	1957	2142	1829	1776	2445	1893	1793	916	3319	1514	2162	2049	1929	2255	2800	651	912	1569	2169
YBR254C	166	102	178	159	225	201	227	158	191	172	233	125	136	389	144	137	246	234	188	225	78	112	82	140
YBR204C	200	270	219	383	340	274	317	207	266	374	264	260	159	359	210	250	240	221	209	244	88	125	128	222
YBR220C	492	318	485	427	836	714	764	641	568	481	553	342	357	898	363	367	751	705	881	1146	269	355	257	470
YBR222C	1684	1285	1770	1578	3348	2862	2992	2518	2185	1911	2278	1470	1127	2899	1192	1307	2640	2309	2749	2891	1016	1327	970	1563
YBR290W	470	414	469	581	736	498	690	469	523	644	608	434	343	948	521	564	776	650	600	824	205	308	308	454
YBR162C	5175	7350	5076	8860	4457	4700	3987	4452	6006	10364	5682	9188	3724	8061	7754	8489	3796	2800	4537	4725	3019	4266	6544	9598
YBR167C	71	44	74	63	92	70	85	64	64	58	78	41	44	130	35	44	88	68	53	46	26	32	26	32
YBL033C	192	191	202	308	352	313	322	240	204	340	237	252	208	536	301	268	489	434	346	410	122	194	209	334
YBR228W	24	15	26	29	36	34	38	21	26	28	21	21	19	62	12	21	36	50	36	52	18	18	10	18
YBR263W	3127	2024	3230	2446	5680	4623	5073	4023	3621	3453	3720	2638	2158	5533	1634	1683	4970	4654	4074	5738	1620	2124	1531	2553
YBR250W	69	93	58	114	109	129	91	111	79	112	118	89	30	96	70	58	92	59	108	168	23	54	42	74
YBR272C	148	220	148	329	252	176	201	149	184	260	188	187	106	307	219	220	157	181	140	179	65	79	98	154
YBR120C	43	30	40	41	63	56	63	56	45	35	62	33	38	102	39	42	69	65	75	80	29	23	14	40
YBR084C-A	5952	3152	5923	3508	8872	6139	8068	5792	6577	4540	6649	3179	5914	12064	2639	2415	8961	7576	5993	6800	3638	4764	2348	3722
YBL062W	2	1	2	1	2	2	4	2	2	2	2	2	1	4	2	2	2	0	4	2	2	0	0	0
YBR301W	9	12	8	13	12	14	16	13	17	13	8	10	6	25	15	21	18	7	16	20	4	6	10	15
YBR076W	3	10	6	11	12	3	9	7	6	5	6	10	4	9	7	8	8	4	3	9	3	3	9	6
YBR210W	134	85	116	122	199	143	184	131	98	116	132	79	100	277	102	112	190	170	158	182	74	94	67	136
YBR106W	1568	1038	1640	1262	2340	1862	2113	1694	1671	1346	1575	1131	1221	2993	1012	1133	2188	2100	2009	2284	957	1122	876	1435
YBR005W	228	453	248	553	345	317	323	334	302	666	245	501	122	406	390	450	244	184	267	399	89	143	288	578
YBR153W	271	203	248	264	352	301	310	252	262	271	276	242	183	454	186	225	360	359	334	423	164	188	147	268
YBR132C	360	317	399	412	758	913	774	863	551	569	563	476	225	534	284	297	613	579	837	1235	206	306	242	414
YBR166C	897	697	931	933	1496	1224	1241	1020	891	1198	1112	851	682	1672	720	749	1432	1159	1123	1327	416	612	594	903
YBR221W-A	0	0	0	0	1	0	0	0	0	0	1	0	0	0	0	0	1	0	1	0	0	0	0	0
YBR131C-A	0	0	0	0	1	0	1	0	0	0	0	0	0	0	0	0	0	0	0	0	0	0	0	0
YBR161W	301	238	350	293	467	360	461	325	387	260	355	207	193	478	202	229	472	332	362	404	124	197	124	216
YBR109C	379	420	436	507	661	588	609	493	412	520	415	352	274	736	414	377	660	558	531	525	217	261	282	575
YBR255W	230	199	245	291	430	318	356	287	263	274	281	201	235	572	299	250	464	496	394	550	136	176	149	266
YBR205W	990	790	982	957	1517	1267	1468	1127	1152	1082	1244	830	667	1671	627	685	1257	1172	1099	1833	482	699	436	693
YBR296C-A	1	4	3	2	3	4	3	3	1	5	3	5	0	3	3	4	4	2	2	3	2	0	1	3
YBL043W	209	399	243	457	456	864	444	808	340	637	278	395	112	308	275	307	362	262	590	576	97	139	211	273
YBR130C	694	540	663	653	986	638	902	561	734	562	880	423	545	1266	500	475	915	732	674	822	283	420	248	443
YBR206W	280	247	293	269	419	350	436	337	329	304	337	227	154	467	198	172	380	328	351	544	145	206	140	216
YBR122C	314	203	364	292	494	472	439	401	378	265	349	228	239	686	304	270	486	415	596	649	231	240	193	338
YBR295W	422	812	407	997	696	733	662	729	507	1501	445	1061	280	726	735	811	624	607	699	862	188	302	541	967
YBR004C	1024	980	1071	1193	1614	1298	1610	1200	1297	1720	1260	1219	524	1377	876	908	1276	1089	1228	1614	467	678	871	1336
YBR202W	961	765	867	978	1577	1270	1490	1125	1081	1078	1317	727	584	1580	674	696	1489	1372	1331	1720	443	736	509	839
YBR001C	382	283	434	398	780	642	737	573	422	456	522	385	280	676	277	286	633	558	671	888	191	256	201	330
YBL113C	513	516	510	643	976	874	808	797	584	623	676	568	418	1421	707	856	1022	1226	1497	2036	313	453	393	681
YBR288C	430	292	462	410	676	468	590	419	500	430	557	306	328	805	239	288	556	464	442	544	139	267	181	293
YBR282W	162	84	198	151	290	254	272	221	170	137	203	97	142	369	148	135	286	242	309	368	113	110	100	159
YBL072C	5854	2973	6252	3626	9557	5958	7667	5327	5787	3863	5606	2839	4784	17263	2764	3111	10673	8460	7337	7848	3155	4755	3036	4513
YBR103W	128	125	105	153	190	158	182	149	136	171	176	136	113	303	153	151	213	226	208	254	62	98	79	148
YBR107C	101	62	107	71	179	113	149	130	126	108	134	74	57	174	47	64	123	141	151	198	61	54	52	96
YBL024W	1778	845	1639	1268	2957	2005	2325	1503	1564	1130	1900	791	1213	2616	816	643	2387	2034	1983	2172	778	986	492	837
YBR012C	88	40	52	60	147	72	121	100	66	42	90	50	117	230	32	38	194	166	74	65	48	74	22	34
YBR188C	170	161	140	209	249	218	234	207	165	262	218	170	111	304	191	189	266	138	227	220	77	96	90	222
YBL075C	157	232	176	301	477	460	398	385	224	442	208	307	115	321	222	219	362	321	519	548	76	125	118	238
YBR102C	638	536	602	632	1088	859	953	703	643	706	763	512	382	1034	422	491	984	867	902	1199	273	431	319	571
YBR006W	577	407	831	467	1311	748	1228	708	896	482	745	454	229	807	267	328	509	335	546	540	292	250	208	316
YBL051C	4878	3011	4701	3491	7578	5121	6945	4530	5072	4129	6524	3207	2582	6515	2154	2287	5971	5131	4576	5934	1872	2411	1695	2513
YBR196C	15378	11600	15399	13713	23060	17454	19760	16161	17279	15038	17684	12773	13108	26031	11812	12371	20934	19047	16420	16808	10148	13373	9321	14046
YBL031W	108	122	82	134	117	125	136	99	88	155	122	95	52	165	126	117	115	81	139	171	37	47	60	109
YBR141W-A	20	16	11	16	25	29	31	24	22	39	22	10	8	27	18	14	19	15	21	22	9	16	19	28
YBL006W-A	0	1	2	1	0	1	1	1	0	2	2	5	2	2	2	1	0	3	2	1	0	0	1	0
YBL100W-C	0	1	0	1	0	1	0	2	1	0	1	0	1	1	0	2	0	0	0	0	0	0	0	0
YBR236C	269	246	270	325	420	334	342	278	283	286	293	230	238	625	289	285	401	355	354	371	138	200	124	245
YBR276C	872	748	824	986	1506	1455	1368	1170	986	1093	1045	756	778	1837	797	862	1511	1509	1665	2062	487	654	485	834
YBR036C	1469	946	1461	1279	2339	1783	2238	1620	1831	1650	1920	1383	932	2264	928	947	1930	1791	1691	2539	796	1138	831	1352
YBR045C	27	41	27	66	90	81	67	63	31	52	37	46	18	59	73	72	60	101	147	190	14	25	24	46
YBR291C	283	134	286	157	573	709	486	510	254	174	332	164	258	615	115	119	776	557	685	874	220	293	121	176
YBR137W	181	160	210	214	317	276	288	248	208	228	209	167	205	492	214	209	389	322	275	338	135	154	141	297
YBR079C	5936	2347	5524	2853	8203	5883	7265	4947	5523	3757	6266	2642	4541	10648	2350	2467	8632	7547	7187	8760	3196	4258	1963	3431
YBR017C	2880	1716	2959	2111	4823	3456	4346	2974	3102	2480	3429	1853	1996	4768	1336	1525	4103	3995	3436	4694	1339	1935	1114	1794
YBL044W	0	0	1	0	1	0	0	0	0	0	0	0	1	2	0	1	0	0	1	2	0	0	1	1
YBL023C	329	358	329	444	611	469	516	408	344	511	415	316	258	627	350	370	566	577	525	750	166	276	199	378
YBR127C	5993	4186	5842	5390	9510	7182	7934	6262	6399	5614	6897	4596	5511	11935	4409	4641	9261	9203	7560	8918	3529	5194	2749	4890
YBR152W	141	98	132	105	247	215	230	182	148	160	182	116	119	276	102	111	240	246	233	340	69	110	83	129
YBR035C	1006	1002	973	1255	1831	1693	1614	1487	1135	1345	1310	1151	719	1856	841	882	1484	1118	1314	1305	506	662	600	994
YBR289W	1126	1396	997	1627	1784	1541	1653	1401	1165	1410	1576	1021	607	1718	1249	1284	1658	1445	1569	2132	474	692	652	989
YBL017C	3402	6110	3345	7667	4358	3586	4146	3255	3417	7184	3649	5588	2689	5724	6205	6540	4120	3815	3783	5772	1573	2360	3549	5696
YBR157C	131	47	112	54	310	178	249	182	126	78	147	59	83	191	43	43	308	224	236	256	85	91	27	68
YBL104C	571	468	553	570	986	764	857	654	558	638	724	488	353	917	362	352	860	808	807	1126	291	354	251	469
YBL109W	90	57	79	56	150	120	145	104	135	75	131	58	38	102	41	63	118	121	133	212	38	80	42	61
tL(UAA)B1	0	0	0	1	1	0	1	1	2	1	1	0	1	2	0	0	0	0	0	1	0	1	0	1
YBR072C-A	2	2	2	3	4	3	6	2	5	6	4	3	2	5	3	4	1	2	2	0	1	1	0	0
YBR300C	2	1	1	2	1	3	1	0	2	4	4	2	3	5	0	1	2	2	2	2	1	2	0	1
YBR195C	207	186	206	174	314	263	243	178	196	232	250	156	122	426	182	162	293	277	291	375	110	134	103	211
YBR233W	219	497	197	647	303	284	299	269	188	417	267	340	150	391	524	514	277	241	370	424	126	132	201	323
YBR262C	67	56	81	64	114	118	120	86	69	67	67	47	38	122	38	46	106	71	83	84	40	31	35	59
YBR020W	340	157	265	268	330	249	282	206	252	203	238	165	335	647	289	261	301	508	352	635	260	266	243	299
YBR085C-A	698	608	798	768	1394	1380	1359	1249	923	1140	814	990	385	1022	509	553	877	650	909	994	383	457	626	999
YBR123C	150	158	155	161	277	241	248	178	150	252	207	166	106	251	142	145	256	247	241	325	66	94	121	159
YBR221C	3425	2529	3652	3126	5582	4404	5350	4231	4455	3630	4682	3034	2415	5213	2167	2333	4155	3608	3800	4406	2154	2623	1724	2858
YBL029W	198	54	147	97	209	167	173	110	139	84	228	84	137	349	100	118	305	231	277	261	85	146	54	83
YBL045C	2804	2474	3116	3326	5556	5721	5152	5038	3623	3829	3911	3322	1548	4031	2448	2534	3605	3136	4894	5505	1945	1761	2159	3253
YBR191W-A	49	25	40	29	79	46	78	54	62	34	46	22	40	95	11	14	55	50	40	39	22	42	20	24
YBR154C	486	279	592	346	759	525	630	473	492	351	552	258	498	1352	303	306	898	815	625	706	267	368	222	436
YBR278W	125	101	155	155	217	194	208	170	159	165	172	97	103	265	140	135	268	153	194	184	67	72	103	143
YBR273C	398	399	433	512	667	568	652	480	456	628	585	425	325	887	433	398	713	623	539	703	228	296	274	425
YBR032W	3	1	0	2	5	9	9	6	5	2	2	1	1	3	0	0	12	2	4	2	0	2	2	5
YBR048W	5377	2722	5481	2870	8475	5736	7866	5289	6140	3959	6381	2671	3240	8090	1505	1655	6779	5695	4828	5645	3226	4447	1838	3001
YBR104W	412	208	410	253	659	564	594	443	407	431	486	276	308	858	161	185	694	473	505	504	189	232	199	306
YBL079W	3666	2631	3634	3157	5897	4943	5465	4467	3894	3629	4561	2760	2296	5327	2072	2194	4987	4820	4737	7398	1663	2391	1669	2531
YBR265W	450	371	392	499	379	288	345	234	373	414	483	334	276	638	344	314	350	368	257	331	195	295	184	324
YBR249C	4295	2951	4278	3562	7159	5513	5950	4841	4531	3335	4800	2622	3420	7955	2252	2302	6406	5647	5137	5452	2430	3186	1497	2704
YBR203W	426	575	519	852	1163	1198	1132	1068	604	856	577	668	247	600	563	632	933	832	1150	1713	206	296	437	635
YBR184W	23	15	14	17	32	37	36	24	22	19	25	11	13	38	16	16	45	25	38	35	10	14	8	19
YBR170C	230	271	288	374	568	417	459	380	278	360	348	253	215	561	319	289	444	434	441	524	156	178	152	262
YBR173C	1626	1450	1664	1672	2677	2195	2490	2060	1916	1966	1992	1620	1069	2399	1312	1451	2177	1758	1802	1983	890	1189	1336	1825
YBR133C	1946	2561	1706	3289	1736	1568	1505	1487	1883	2736	2225	2211	1161	2912	2425	2687	1356	1220	1621	2116	830	1194	1278	2061
YBR275C	1133	914	1129	1124	2345	2138	2102	1880	1259	1255	1476	846	747	1899	761	828	2087	2055	2138	2798	517	718	491	794
YBL108W	2	4	2	3	2	3	4	4	4	2	5	2	2	8	4	11	7	6	12	12	2	2	7	11
YBL113W-A	3	4	12	2	22	12	25	17	13	7	13	4	7	11	3	4	14	19	32	30	4	8	3	8
YBL085W	1348	1441	1253	1887	1587	1302	1532	1136	1478	1917	1669	1441	910	2106	1377	1380	1451	1080	1221	1459	533	791	890	1349
YBL052C	751	2000	640	2727	410	337	398	299	475	484	587	351	654	1306	2332	2584	522	459	398	551	224	405	214	389
YBL009W	195	335	183	460	228	241	201	218	192	343	230	227	86	250	316	339	164	132	226	282	62	98	126	252
YBR283C	4895	2811	4768	3388	7310	5363	6911	5102	6038	4212	6285	3482	3021	7031	2243	2532	6015	5522	5300	7320	2474	3578	2012	3147
YBR094W	760	713	766	948	1379	1141	1203	940	730	1015	857	715	444	1111	635	652	1077	897	1077	1446	306	416	485	729
YBR258C	140	523	134	622	123	104	126	83	115	189	129	133	87	252	654	653	156	103	125	138	59	86	114	173
YBR201W	182	155	199	186	278	204	267	175	218	187	233	173	132	419	180	180	285	250	213	262	76	137	141	199
YBR070C	9	7	14	18	25	27	21	18	9	15	16	3	8	30	12	13	31	35	38	42	6	7	5	12
tE(UUC)B	0	0	1	0	0	0	0	0	0	0	0	0	0	0	0	0	0	0	0	0	0	0	0	0
YBR198C	771	664	793	903	1392	1091	1104	846	788	852	765	641	683	1584	760	741	1358	1477	1294	1975	441	549	471	797
YBL056W	864	591	888	809	1393	940	1198	861	898	877	1013	646	719	1613	589	631	1136	1103	954	1150	411	550	404	625
YBL099W	4506	3715	5296	4645	8497	7527	7699	6840	5899	5200	6020	4744	2739	6510	3199	3300	5236	4381	6171	6277	3096	2947	2446	4114
YBR257W	125	71	146	100	248	219	260	201	170	173	229	114	112	253	103	69	271	260	244	292	68	100	73	142
YBR126W-A	104	72	102	96	200	170	170	149	137	123	119	104	105	278	110	114	230	217	196	229	81	116	83	147
YBR242W	850	972	778	1168	1163	1213	1042	1169	881	1578	978	1131	574	1409	904	884	1075	744	1090	1349	285	360	729	1079
YBL008W	291	251	307	324	473	448	444	398	304	342	355	281	178	529	217	231	489	373	516	695	146	191	169	299
YBR181C	3620	2110	3888	2100	5971	3698	5145	3349	3824	2340	3727	1626	3643	11112	1501	1500	5711	5735	4144	4432	2117	2720	1246	2016
tC(GCA)B	0	0	1	0	0	0	1	0	0	0	0	0	0	9	1	5	0	0	0	0	0	2	0	3
YBR052C	252	228	270	322	476	412	457	336	309	270	301	218	229	558	290	293	450	350	324	419	140	178	152	246
YBR093C	1383	160	1458	124	2682	746	2099	721	1310	132	1103	102	1331	2840	110	110	2703	2060	908	919	928	1041	118	112
YBR049C	827	642	753	787	1315	1004	1154	920	834	968	1192	670	400	979	419	434	1058	756	934	1264	312	449	377	532
YBR056W	498	870	551	1295	817	865	753	739	529	1165	619	924	342	950	1008	1023	711	660	670	854	223	305	516	874
YBL030C	2169	1812	2699	2248	4243	4329	3968	4016	3228	2796	3028	2568	1250	3057	1612	1650	2418	2543	3756	4448	1590	1321	1327	2171
tT(AGU)B	2	0	1	0	1	0	1	1	1	1	1	2	3	2	1	0	0	1	2	2	1	1	0	1
YBR141C	96	30	95	41	152	125	131	106	100	71	100	50	35	117	28	29	103	110	108	166	32	38	14	40
YBR226C	1	2	3	4	6	7	4	6	3	2	5	0	2	8	1	3	4	2	4	2	1	1	0	3
YBL005W	831	605	755	771	1264	922	1111	879	967	1036	1102	754	446	1001	412	473	976	877	826	1266	317	476	382	612
YBR151W	984	808	986	1109	1559	1290	1446	1123	1149	1104	1322	828	814	1783	809	842	1402	1222	1253	1498	576	738	525	868
YBR144C	22	13	24	18	41	33	39	28	19	22	35	17	14	18	6	9	44	21	34	29	8	18	9	23
YBR178W	0	0	1	0	2	11	5	5	4	3	4	1	2	5	0	2	3	3	6	8	1	4	2	4
YBR138C	62	192	88	232	124	107	92	120	78	185	83	148	51	99	174	202	96	75	103	140	31	46	89	118
YBL090W	81	54	112	71	139	135	148	119	94	62	118	61	88	232	95	78	166	140	160	176	79	68	57	79
YBL105C	1772	1392	1711	1725	3159	2676	2786	2329	1952	1832	2210	1347	1334	3201	1397	1467	2927	3090	2978	4363	878	1362	897	1463
YBL102W	456	274	501	377	890	740	802	651	612	425	701	342	359	962	282	290	802	700	774	856	330	422	219	376
YBL011W	801	549	819	812	1557	1304	1484	1115	964	861	1008	799	605	1471	555	601	1345	1349	1455	2195	412	631	405	648
YBR095C	234	192	192	270	355	253	289	228	238	302	305	219	179	449	214	225	320	299	278	284	113	153	141	216
YBR196C-B	11	9	21	11	27	15	18	8	20	9	15	9	9	20	7	9	21	21	21	25	12	18	7	10
YBL048W	4	8	4	3	4	1	6	8	2	6	4	4	0	6	4	0	3	6	3	5	2	3	2	4
YBR066C	496	981	451	1260	610	351	613	370	452	531	516	436	380	870	1192	1125	585	332	366	358	212	315	276	418
YBR292C	149	94	150	107	220	187	212	197	184	178	238	130	73	174	58	54	161	102	176	202	85	100	105	116
YBR018C	268	102	213	185	197	123	189	102	153	139	232	91	209	432	166	152	163	228	107	242	135	175	102	144
YBR194W	84	74	82	97	168	133	186	116	109	115	157	69	77	216	64	60	138	130	114	160	41	68	38	75
YBR076C-A	92	80	93	127	138	125	188	116	108	172	126	131	59	164	91	98	138	120	137	155	46	78	77	144
YBR108W	1081	1309	1174	1446	2653	2283	2500	2077	1567	1918	1612	1452	650	1831	1064	1195	2048	2002	2245	3165	630	766	744	1227
YBR046C	202	212	199	267	435	420	357	356	239	420	248	273	149	357	193	189	376	252	328	345	104	161	155	253
YBR235W	1041	819	1029	1007	1883	1666	1724	1501	1254	1181	1314	890	823	1896	864	954	1793	1676	1882	2706	579	769	593	918
YBR274W	344	257	331	293	590	444	492	409	387	381	438	288	188	505	179	214	406	428	452	564	165	238	162	316
YBL006C	196	141	201	204	353	238	257	182	210	221	188	182	180	492	186	220	316	313	299	339	130	198	183	278
YBR186W	6	1	7	1	17	6	13	10	5	1	7	7	6	16	2	5	11	2	16	10	2	6	7	0
YBR277C	0	1	1	3	2	7	1	3	2	2	1	2	0	3	0	0	2	1	3	2	0	1	0	0
YBR185C	300	198	337	284	506	568	535	531	382	295	405	241	154	359	205	196	298	234	415	562	154	146	129	201
YBL078C	56	137	61	191	144	151	129	115	70	171	74	133	61	203	263	252	145	126	160	170	37	63	140	251
YBR037C	180	109	197	144	356	337	356	286	212	157	251	135	77	212	82	92	220	213	292	425	86	92	58	143
YBR015C	1279	756	1334	1051	2304	1765	2043	1563	1446	1074	1547	856	933	2584	846	822	2157	2240	2252	3246	686	962	477	898
YBR016W	594	1136	628	1386	1017	842	957	709	748	1978	739	1598	351	1072	1064	1102	759	668	778	958	320	465	1197	2009
YBL107W-A	71	114	62	163	65	42	46	40	54	86	73	62	68	208	172	235	147	113	149	184	37	77	118	144
YBL071W-A	59	52	80	76	129	120	87	75	71	100	85	80	37	158	68	69	104	86	135	119	36	38	44	130
YBR269C	86	180	114	210	199	216	193	185	133	212	112	231	62	169	167	173	107	128	151	138	64	69	106	216
YBR266C	0	0	0	1	0	0	0	0	0	2	0	2	0	1	0	0	2	0	3	0	0	0	0	0
YBR055C	518	332	525	470	757	645	679	513	560	516	691	336	483	1113	369	410	814	771	745	875	267	369	237	414
YBR088C	246	589	268	681	539	683	468	588	270	680	318	433	129	417	460	483	457	363	475	629	140	189	390	608
tV(UAC)B	0	0	0	0	0	1	1	0	1	0	0	0	0	0	0	0	0	0	0	0	0	0	0	1
YBL019W	216	159	217	207	349	249	314	238	236	222	299	147	143	369	146	134	302	251	222	336	103	142	84	141
YBR112C	2296	2080	2403	2492	4675	3688	4325	3322	2908	2751	3340	2113	1598	4040	1911	2148	4241	4118	4042	5821	1229	1765	1187	2052
YBR164C	85	87	107	97	168	145	164	104	93	108	114	67	84	217	86	75	175	151	120	153	41	59	58	96
YBR148W	9	12	9	5	33	72	25	73	12	20	12	8	14	30	17	21	34	43	87	132	4	6	20	26
YBL020W	768	385	741	502	1265	952	1182	826	956	639	995	475	536	1427	383	438	1113	985	1061	1331	452	613	306	544
YBR208C	2707	4297	2657	5381	5817	2508	4877	2127	3651	5224	3764	3909	1743	4162	3930	3873	6010	6632	2338	3827	1145	2001	1985	3621
tD(GUC)B	0	0	0	0	1	0	2	1	1	0	0	0	0	2	1	0	1	1	0	2	0	0	0	1
YBR172C	1693	864	1552	1145	2448	1893	2147	1554	1633	1387	2057	1003	1196	2936	852	895	2364	2283	2053	2596	796	1069	670	1130
YBL097W	102	88	119	157	173	167	154	118	105	158	144	73	72	228	102	133	191	191	170	226	48	82	59	90
YBR050C	59	63	56	71	112	86	84	78	57	86	77	53	48	111	71	93	97	58	114	118	37	37	66	94
YBR183W	616	847	761	1079	1211	1133	1214	991	1008	1106	886	967	359	988	805	880	864	637	906	1136	330	428	614	912
YBR213W	91	374	91	444	202	221	180	202	113	253	100	248	65	139	287	282	191	186	237	380	45	67	133	213
YBR113W	0	2	3	3	2	5	6	2	0	1	2	0	0	3	1	2	2	1	1	2	2	0	1	0
YBL091C-A	54	80	54	88	79	54	72	52	45	86	60	52	31	85	71	61	51	47	49	46	22	27	38	64
YBR196C-A	56	28	52	32	85	37	72	44	78	21	71	27	24	88	16	27	60	37	35	56	22	33	10	22
YBR286W	8661	5678	8365	6204	14243	10883	13053	10152	10194	7575	10691	6502	6067	13480	4520	4958	12777	12899	11226	15601	4715	7153	3962	6020
YBR268W	150	74	210	117	279	235	266	210	209	95	229	88	136	346	92	96	255	231	267	284	146	146	76	127
YBR058C-A	989	567	960	714	1306	932	1250	952	958	711	1054	540	749	1492	579	653	1393	1096	982	1011	519	702	452	656
YBR287W	1259	1214	1375	1549	1988	1424	2058	1317	1708	2148	1598	1637	757	1871	1097	1151	1396	1195	1117	1560	644	930	1147	1801
YBL083C	162	45	154	56	304	241	271	214	246	132	233	100	71	250	40	54	195	227	224	380	82	111	44	92
YBL061C	1189	1774	1161	2250	1650	1514	1551	1305	1074	1748	1317	1270	903	2052	1720	1775	1555	1294	1481	1916	508	778	797	1202
YBR267W	750	356	726	378	1102	1040	1036	836	701	674	825	438	446	1341	288	284	1014	1024	1034	1309	365	385	289	530
YBR114W	201	309	201	390	453	383	422	329	255	381	249	281	142	390	318	396	334	363	434	633	115	129	142	285
YBL032W	472	297	478	448	824	481	598	416	529	438	597	390	395	1083	449	465	703	720	634	743	273	388	239	481
YBR219C	154	122	160	130	244	191	221	194	178	160	196	114	84	246	96	100	221	178	236	329	80	100	84	137
tF(GAA)B	0	1	1	0	2	0	0	0	0	0	0	0	0	2	0	0	0	0	0	0	0	0	0	1
YBR299W	25	37	30	48	83	82	56	50	33	52	36	31	16	76	38	38	48	40	86	93	14	32	26	36
YBR191W	4047	1903	4053	2051	5753	3987	5370	3744	4512	2898	4571	2057	3754	7452	1680	1670	5657	5001	3968	4426	2993	3640	1931	2832
YBR125C	395	401	448	558	642	532	621	410	451	543	513	410	268	754	375	423	574	507	493	634	196	271	262	444
YBL069W	404	202	490	211	769	481	772	433	586	263	469	214	186	568	93	123	401	342	405	462	200	218	63	129
YBR223C	310	1104	274	1395	457	420	464	396	347	1687	362	1306	185	467	828	847	396	332	355	523	139	185	618	997
YBR074W	1869	1050	1867	1251	2847	2165	2570	1897	2007	1508	2235	1099	1331	3212	990	1084	2660	2549	2425	3717	872	1273	647	1136
YBR201C-A	197	89	171	141	396	300	422	268	302	139	314	113	133	406	143	136	690	435	350	245	108	258	108	166
YBR187W	730	517	773	614	1251	692	1042	631	877	642	845	460	432	1258	392	408	900	908	726	921	296	483	218	447
YBL021C	39	14	37	38	48	33	48	28	43	46	30	23	30	111	29	25	67	64	39	50	26	26	20	40
YBL049W	92	64	119	80	138	100	109	88	118	79	96	56	46	137	59	58	95	94	56	71	38	50	39	60
YBL035C	500	775	420	970	803	807	710	682	545	736	653	505	307	846	549	672	762	599	681	891	219	322	295	410
YBL095W	71	148	87	183	123	158	133	131	91	183	88	148	67	168	193	160	129	132	154	224	56	72	124	202
YBR073W	803	1259	831	1554	1573	1566	1342	1292	874	1002	1020	639	624	1650	1277	1437	1457	1446	1686	2255	444	578	422	672
YBR109W-A	11	9	13	20	20	12	14	17	9	12	8	12	8	24	4	12	15	13	20	26	7	8	8	9
YBR260C	950	826	895	962	1539	1278	1380	1153	1121	1237	1285	918	548	1436	609	715	1229	1090	1227	1667	459	670	573	871
YBR279W	529	449	481	561	747	643	697	523	518	663	600	486	366	938	481	463	747	664	573	725	224	338	326	483
YBR211C	145	154	171	185	234	188	234	160	152	173	207	135	108	272	134	102	264	221	161	214	73	102	95	137
YBR078W	6863	4438	7020	5250	10516	8993	9584	8618	8865	8898	9003	7742	4770	10949	4439	4967	8841	7684	9470	10563	4750	6029	5271	8281
YBR063C	363	284	331	367	594	468	551	445	396	332	442	224	208	570	264	259	520	486	493	722	120	203	152	216
YBR028C	307	159	250	224	468	347	376	271	252	259	364	200	229	565	174	176	499	462	431	547	136	200	117	222
YBL039C-A	423	140	437	183	598	398	541	332	411	274	451	184	255	640	112	111	531	436	403	552	183	261	119	210
YBR129C	66	67	61	81	106	87	84	71	66	86	76	54	92	210	88	71	110	123	91	102	43	53	50	105
YBL050W	268	231	278	288	446	331	361	295	321	334	274	292	240	672	276	250	438	390	341	286	138	181	208	332
YBR051W	0	1	2	2	5	7	5	4	2	1	2	3	0	3	1	2	3	1	1	5	0	2	3	1
YBR080C	1952	1647	1993	2015	3123	2452	2717	2211	2079	2228	2354	1647	1287	3002	1300	1382	2712	2323	2236	2836	981	1286	1020	1551
YBL058W	1083	901	1076	1089	1933	1612	1748	1342	1165	1145	1260	801	803	1971	881	936	1747	1726	1723	2196	589	744	556	867
YBL101C	2128	2371	1961	3049	3882	4189	3677	3675	2579	3801	3076	3078	1428	3373	2050	2216	3620	2978	3829	4646	1121	1638	1668	2604
YBR140C	6421	6588	6453	9279	12199	10489	10942	9305	7506	9619	8924	7218	4688	9885	5796	6181	9757	9489	9825	13826	3374	4472	4159	6339
YBR021W	766	282	790	337	1179	980	1170	890	895	599	1098	387	494	1258	265	286	1014	914	1074	1350	447	583	264	435
YBR232C	0	1	0	1	0	0	0	0	0	0	1	0	0	1	0	1	0	1	1	1	0	0	0	1
YBR024W	102	104	117	180	213	155	160	143	115	139	131	102	66	229	156	166	176	191	147	202	45	76	81	131
YBL005W-B	51534	50362	55180	57494	106503	97887	89911	94352	62684	56010	85726	52692	40709	124033	51625	79747	103150	90923	131437	131337	26765	38198	42651	55741
YBL100W-A	3393	7129	3157	8899	2616	2072	2818	2528	3621	4337	4127	3062	2089	6543	6030	9068	2694	2490	2795	3645	1159	1868	2742	3501
YBR012W-B	26511	26507	25732	33982	65008	60042	49099	52872	31050	31101	36512	24920	26453	69564	37355	51746	80155	72140	100550	103465	15476	22277	28572	35582
YBR012W-A	1632	1891	1478	2744	3537	2977	2453	2547	1619	2132	1948	1750	1886	4670	3029	4049	5168	4680	5555	6001	1019	1650	2080	3072
YBL005W-A	16877	13442	18666	12953	40141	35769	37022	37499	21100	15255	28406	14585	10134	32327	8963	15691	32315	26418	35829	38755	9156	12060	10145	13093
YBL100W-B	13293	24475	11830	32659	10097	8098	11608	9991	14601	18290	15823	11727	9339	28505	23653	33871	11120	11325	12418	16285	4746	7358	10729	13403
YNR017W	619	303	704	430	1304	1071	1231	962	946	584	884	479	432	1170	317	325	1114	984	1170	1441	408	506	216	460
YNL105W	0	1	2	1	1	1	2	2	0	10	1	7	0	0	0	0	0	0	0	0	0	0	4	4
YNR069C	111	79	135	105	388	289	329	299	143	144	155	138	82	205	80	77	325	265	348	425	72	83	61	108
YNL306W	176	125	213	179	308	297	268	247	195	159	179	113	100	253	112	91	198	131	243	271	86	95	71	116
YNL288W	1033	689	1020	882	1560	978	1451	952	1297	1010	1435	773	528	1524	582	620	1221	1088	1080	1485	534	774	488	747
YNL191W	561	484	612	631	1033	750	984	629	656	684	747	396	348	1070	351	418	1057	846	657	892	221	373	291	420
YNL150W	0	0	0	1	1	2	0	0	0	1	1	0	0	0	0	0	2	0	2	1	1	0	1	4
YNL097C	155	123	184	170	324	224	301	197	165	167	214	123	132	422	154	148	318	310	304	429	84	109	102	139
tN(GUU)N1	1	0	3	0	1	2	0	1	0	5	3	1	3	4	0	2	1	0	3	0	1	0	2	1
YNL137C	596	360	659	516	977	888	876	800	683	500	755	389	394	1013	392	373	702	716	902	1107	353	374	247	422
YNL331C	78	56	89	96	129	100	128	87	93	108	113	69	58	150	57	60	116	104	108	119	40	68	50	48
YNL030W	266	186	272	242	484	461	532	380	285	256	326	187	182	621	228	210	580	440	428	405	146	208	137	255
YNL297C	2274	2155	2127	2669	3934	3072	3506	2842	2477	2902	2839	2154	1360	3189	1697	1824	3369	2990	2989	4086	1020	1481	1255	1963
YNL102W	552	535	512	690	1198	1193	997	1016	585	562	661	397	373	945	408	431	1011	1035	1156	1665	256	330	229	368
YNR026C	379	255	437	348	669	537	584	432	388	398	530	276	325	936	274	302	683	690	576	718	177	274	153	304
YNL152W	677	620	647	651	1054	793	973	711	717	748	911	604	401	1085	452	485	1009	779	768	969	341	495	373	603
YNL140C	259	216	228	321	435	328	434	316	270	300	354	186	195	489	251	268	450	410	394	581	115	181	130	211
YNL099C	227	150	176	217	341	273	320	225	254	229	277	170	160	412	156	193	305	309	253	377	90	119	103	198
YNL182C	853	330	865	400	1101	924	1053	738	738	598	848	375	577	1743	307	311	1091	1084	979	1359	341	465	293	599
YNL180C	507	272	530	459	1018	823	850	725	570	514	679	355	426	1135	344	366	1105	1051	723	908	248	376	183	280
YNR001C	2376	2042	2997	2679	5986	6848	5407	6019	3329	4441	3434	3554	1550	3433	1553	1611	3663	2980	4198	4473	1668	1532	1722	2664
YNL091W	2346	1662	2292	2133	3854	3045	3509	2788	2515	2243	2877	1636	1550	3875	1366	1528	3605	3572	3289	4061	1047	1481	950	1494
YNL157W	236	220	248	339	379	289	334	233	240	417	257	289	228	630	321	336	404	362	318	402	128	180	213	394
YNL315C	361	175	397	237	620	530	545	444	404	205	449	198	260	754	226	194	542	456	573	782	230	226	142	235
YNL221C	1180	742	1024	772	1849	1942	1688	1728	1192	1147	1416	789	842	1928	558	656	2019	1926	2165	2690	535	734	561	739
YNR052C	1224	896	1136	1126	1834	1452	1670	1274	1218	1245	1479	979	696	2042	805	822	1776	1497	1418	1901	618	824	626	1000
YNL061W	1820	831	1843	957	2797	2114	2446	1800	1860	1352	1861	933	1145	2835	604	677	2249	2198	2100	2821	725	1041	637	1029
YNL284C	114	68	145	122	215	188	199	154	145	121	142	88	104	324	121	126	173	207	221	323	77	76	58	118
YNR040W	172	130	151	165	370	378	364	332	228	212	252	135	100	252	113	101	232	191	339	366	88	93	89	124
YNL246W	160	105	142	160	233	170	207	144	152	142	179	117	114	320	113	139	253	222	209	290	66	128	76	140
YNL097W-A	18	10	20	12	26	32	33	21	22	27	19	13	10	33	15	13	22	26	37	43	9	14	27	34
YNL121C	1497	939	1801	1125	2782	2347	2615	1921	1690	1163	1928	895	1216	3041	958	866	2303	2412	2536	3946	871	988	541	958
snR191	1102	825	1106	1001	1644	1226	1370	1153	1236	1213	1150	989	1068	1827	754	1041	1253	1500	1271	1247	855	986	878	1204
YNL043C	5	17	1	25	9	5	7	4	5	27	5	25	3	12	15	23	10	3	2	2	0	2	28	38
YNR055C	1196	767	1221	944	1969	1378	1662	1273	1438	924	1411	785	711	1804	684	721	1556	1308	1472	2114	514	824	382	691
YNL039W	532	377	547	500	985	706	859	640	595	491	640	328	440	976	421	436	794	780	800	970	270	365	233	306
YNR036C	518	336	618	490	918	860	864	695	638	437	613	382	354	1083	425	387	766	704	922	918	413	468	303	543
YNL304W	65	77	70	86	90	67	90	74	84	91	107	58	51	152	96	88	109	89	75	99	32	50	45	68
YNL119W	606	294	519	364	757	682	706	545	548	524	670	327	371	949	308	309	756	599	672	810	241	326	235	443
YNL034W	12	13	19	24	15	11	12	9	10	24	41	20	11	33	12	13	7	8	17	17	16	12	8	17
YNL187W	121	91	120	109	203	172	181	135	148	102	152	97	111	306	127	117	216	224	301	321	84	112	98	111
YNL310C	377	348	367	426	721	563	676	511	444	452	474	383	294	701	377	348	642	488	514	680	202	296	251	421
YNL277W	119	436	125	508	208	172	194	157	123	402	173	343	90	192	382	470	230	270	178	424	46	85	196	321
YNL126W	314	490	322	599	473	470	457	394	325	456	439	303	188	466	455	529	361	344	477	624	117	197	215	335
tL(UAA)N	1	2	0	0	0	0	1	1	0	0	1	0	0	2	0	1	0	1	0	0	0	1	0	0
YNL210W	0	1	1	0	1	0	1	0	1	1	2	1	0	4	2	1	1	0	0	3	0	0	1	3
YNR041C	146	152	188	186	324	340	253	315	215	195	213	122	99	305	140	193	238	287	391	568	95	138	85	161
YNL193W	476	456	460	567	963	703	884	675	518	527	612	362	214	714	338	348	667	500	628	833	177	266	242	371
YNL301C	1891	816	1890	947	3121	2092	2885	1846	1981	1404	2124	1041	1078	3144	586	613	2561	1819	1819	1810	865	1294	731	1210
YNL263C	1010	816	1118	998	1837	1416	1721	1380	1456	1137	1578	945	608	1647	711	799	1481	1297	1429	1921	688	879	632	929
YNL059C	875	653	862	929	1418	1060	1239	855	911	859	1110	603	632	1604	654	732	1205	1199	1032	1265	333	537	345	589
YNL028W	0	1	1	1	8	8	5	4	4	3	4	0	0	3	0	0	4	2	0	2	2	1	0	0
YNL044W	941	1413	970	1658	1225	1026	1226	967	1119	1942	1208	1467	492	1308	1208	1407	937	733	796	996	470	678	1076	1566
YNL026W	461	521	394	644	619	555	562	429	479	659	504	488	250	706	466	506	474	424	419	603	151	239	288	491
YNL067W	1139	800	1225	937	1674	1291	1544	1068	1191	1319	1339	940	850	2683	883	838	1584	1145	1412	1289	616	754	859	1307
YNL205C	18	14	16	12	25	21	20	21	20	17	24	9	13	24	15	16	16	21	26	38	11	10	8	13
YNL104C	3105	3383	3285	4384	6729	7343	5489	6248	3994	6626	4171	5938	2623	6555	3396	3552	6011	5655	8073	9624	2372	2907	3688	6533
YNL169C	157	167	168	209	275	254	266	207	193	212	199	146	139	365	195	176	223	288	303	513	93	110	93	203
YNL268W	2560	1569	2504	1994	4379	4036	3879	3633	2732	2368	3034	1943	1791	4276	1398	1409	4023	3806	4050	5970	1351	1820	1140	1793
YNL162W	2332	1231	2371	1347	3152	2223	2695	2134	2524	1729	2891	1340	1929	4701	964	1008	2983	2827	2450	2755	1547	1937	1090	1602
YNL257C	712	648	705	911	1262	1076	1103	915	732	869	961	634	560	1257	717	689	1177	1020	1143	1518	336	477	343	674
YNL229C	733	592	677	749	1149	857	1051	789	667	903	916	614	412	1087	414	486	952	801	716	986	307	419	368	604
YNL042W-B	6	117	5	167	5	3	1	1	7	234	8	198	6	20	158	180	1	1	1	2	2	7	145	225
YNL248C	1745	654	1848	802	2505	1975	2265	1558	1651	1242	1831	861	1419	3545	624	636	2536	2362	2055	2630	833	1149	667	1154
YNR045W	246	145	266	141	485	389	476	361	347	122	414	82	184	442	119	158	510	421	434	596	155	199	71	123
YNR051C	1328	877	1512	1136	2156	1468	1999	1380	1457	1312	1787	925	998	2455	808	892	1892	1845	1585	2155	595	940	551	922
YNL190W	9545	6076	9792	6814	14674	10943	13912	10804	13591	9165	14111	7563	6186	15374	4726	5501	12166	10819	11222	14094	6204	7924	4251	6369
YNL194C	72	33	150	59	415	159	396	197	173	78	150	68	25	88	30	28	156	102	82	177	34	44	31	35
YNL080C	582	439	642	504	1030	786	988	776	806	666	861	554	351	887	336	377	805	684	830	1034	268	432	277	563
YNR005C	1	1	0	0	2	0	0	0	2	2	0	0	0	1	0	0	0	0	0	1	1	1	0	1
YNR064C	20	158	18	237	27	33	30	26	27	504	28	391	10	30	104	142	22	18	29	20	9	6	193	352
YNL145W	4945	4089	4517	4841	1704	964	1497	1006	4776	4944	5135	4535	4858	7474	5292	5632	1944	1671	1008	972	4208	5153	4964	6011
YNR068C	90	55	108	98	260	290	227	240	125	122	137	91	81	197	57	82	287	252	264	385	48	70	50	85
YNL323W	573	414	579	504	846	648	794	626	580	470	602	376	418	1200	464	496	970	977	893	1268	308	448	329	541
YNL003C	210	322	223	415	410	344	365	284	243	445	278	347	120	355	304	349	301	286	342	448	110	182	227	353
YNL199C	314	216	355	274	515	461	451	343	338	307	395	200	290	704	247	237	586	593	547	707	158	222	139	275
YNL048W	629	422	658	511	1055	812	948	725	737	599	741	431	445	1100	379	448	1010	928	1024	1414	310	463	271	451
YNL072W	68	65	47	111	116	100	99	75	58	117	66	84	40	97	58	85	115	105	107	147	33	55	67	115
YNL224C	379	303	418	457	656	484	581	409	340	413	484	316	284	776	331	367	690	558	501	672	152	252	200	345
YNL067W-A	0	0	1	0	2	0	0	1	0	0	2	0	0	2	2	0	1	0	0	0	0	0	1	0
YNR032W	513	1115	502	1432	491	422	442	382	514	832	599	682	374	826	1210	1285	415	341	409	434	267	363	462	707
YNL206C	300	203	286	248	481	341	425	296	264	306	365	207	273	647	218	210	473	428	398	483	126	189	127	249
YNR062C	8	31	7	57	5	6	7	5	3	9	7	7	6	11	38	37	2	2	5	5	1	1	3	6
YNL203C	42	32	50	40	53	54	38	53	54	45	46	38	33	93	49	52	69	81	91	110	24	32	18	46
YNL273W	238	179	182	244	481	462	396	369	274	204	244	156	162	420	186	195	444	485	483	753	115	156	114	158
tI(AAU)N1	0	0	0	1	0	0	0	1	0	0	0	0	0	0	0	0	0	0	0	0	0	0	0	0
YNL213C	25	38	26	46	59	59	63	48	45	57	36	41	22	85	32	32	53	41	52	75	12	16	17	41
YNL055C	7376	8541	7502	10164	10963	10578	9753	9508	9095	10314	9175	9608	5201	10919	8212	9377	7970	6068	9603	8257	6007	6343	7735	10301
YNL170W	24	28	26	28	68	66	51	59	31	46	26	36	28	62	25	34	64	61	67	108	20	22	12	32
YNR013C	3138	2304	3225	2808	6047	4834	5738	4338	4019	3301	4130	2692	2082	5544	2203	2258	5065	5517	5474	8084	1689	2432	1422	2541
YNL269W	99	324	72	502	9	13	10	6	89	118	88	80	91	182	467	496	12	9	19	24	38	70	55	103
YNR020C	57	30	59	62	74	61	72	62	57	56	57	36	45	125	71	46	91	104	114	115	33	48	26	56
YNL041C	1259	880	1144	1145	2052	1560	1873	1465	1330	1234	1748	875	758	1778	642	655	1710	1252	1321	1676	469	729	456	677
YNL234W	206	191	289	201	641	516	589	452	310	338	282	249	76	279	135	161	314	220	437	562	114	103	190	277
YNL165W	220	280	227	378	416	369	366	313	238	436	280	273	136	394	262	276	359	298	365	489	104	136	203	335
YNL116W	523	615	484	663	850	774	756	689	612	698	761	578	279	853	456	507	671	589	698	874	279	369	266	387
YNL008C	739	587	725	791	1338	1126	1239	1003	877	844	953	678	471	1136	530	548	1000	993	1057	1583	342	474	354	594
YNL309W	323	391	310	519	647	664	627	621	332	546	434	370	207	622	330	410	697	624	717	857	196	282	252	350
YNR015W	483	375	496	504	960	816	828	660	579	652	526	536	320	955	399	431	771	845	872	1183	275	359	249	574
YNR075W	429	276	490	390	608	429	520	369	525	436	526	319	300	859	267	262	618	622	344	561	265	418	170	292
YNL025C	628	508	621	559	1054	850	1064	760	752	693	864	460	290	767	302	348	844	646	720	1066	249	401	263	412
YNL058C	266	1947	221	2347	168	264	177	236	212	1918	216	1389	112	324	1897	1956	154	99	236	280	75	99	924	1346
YNL313C	868	531	957	639	1530	1334	1330	1071	972	847	1016	554	504	1512	415	434	1268	1221	1298	1822	441	484	363	672
YNL122C	112	55	114	76	178	161	172	153	110	62	140	54	104	298	67	55	238	211	240	263	109	86	47	83
YNL094W	1067	1521	1150	1890	1862	1800	1709	1511	1302	2220	1413	1685	724	1742	1468	1530	1650	1420	1780	2383	574	785	1059	1668
YNL001W	211	111	196	136	300	211	256	153	201	168	233	112	198	466	113	108	318	290	207	236	83	112	89	128
YNL317W	262	285	275	350	477	437	436	334	302	269	299	224	193	592	236	299	509	446	395	567	140	205	141	252
YNL035C	366	291	409	394	604	464	488	384	372	380	432	287	274	883	386	372	625	608	641	784	179	270	251	425
YNL007C	1989	2032	2222	2252	3630	2641	3293	2547	2551	2369	2653	1974	1176	2982	1427	1604	2849	2478	2044	2480	902	1486	1007	1568
YNL162W-A	84	24	64	36	96	99	111	115	71	80	102	49	36	97	37	31	119	82	109	100	26	37	44	81
YNR039C	896	725	922	822	1520	1287	1482	1234	1101	991	1293	765	545	1358	566	626	1408	1190	1232	1677	478	612	470	756
YNL103W-A	1	1	0	0	2	0	1	1	2	1	1	0	0	1	0	0	0	1	1	0	0	0	0	0
tL(CAA)N	7	5	9	13	13	6	10	6	4	28	4	19	3	12	3	4	6	5	2	7	1	4	14	27
YNL052W	343	362	460	463	757	811	679	654	451	407	452	357	198	621	301	310	524	404	648	750	225	239	223	357
YNL120C	0	2	0	2	3	4	3	0	0	1	0	1	1	3	1	0	3	1	0	0	1	1	0	0
YNL002C	514	242	518	292	725	498	681	441	472	340	481	217	366	924	155	180	594	570	495	634	182	256	160	275
YNL311C	705	662	632	819	1311	1314	1220	1055	775	1197	976	809	411	1024	438	537	1083	796	991	1201	280	382	390	627
YNR007C	131	138	139	191	291	238	238	188	166	196	169	152	88	246	166	151	187	163	195	234	53	75	85	146
YNL291C	653	482	584	597	1145	967	989	832	721	728	806	492	512	1221	489	570	1132	1073	1228	1828	360	477	367	603
YNL195C	35	33	67	72	157	128	175	128	78	84	73	79	38	86	74	76	127	75	104	129	21	40	42	94
YNL087W	1106	666	1197	768	1412	516	1309	434	1065	719	1055	471	720	1726	655	631	1108	1012	605	901	323	530	271	592
tF(GAA)N	0	2	3	0	2	2	0	2	0	4	4	0	0	4	1	2	2	3	2	1	1	0	2	1
YNL217W	675	224	766	275	1059	511	983	459	796	397	705	288	641	1633	194	211	1029	1059	532	684	456	524	177	344
YNL029C	174	57	170	85	324	293	323	229	164	110	185	81	133	405	64	73	383	463	380	670	85	133	51	79
YNR028W	511	345	578	445	855	777	844	733	557	565	609	377	281	720	291	311	608	591	741	1158	217	247	238	412
YNL009W	42	55	46	51	83	98	69	74	44	60	47	51	28	94	49	51	85	56	82	89	14	26	38	63
YNL024C-A	103	63	122	97	156	126	166	98	125	119	130	83	88	240	94	101	189	173	167	184	83	94	79	127
YNL334C	20	26	31	39	50	49	40	54	34	54	36	31	29	78	27	46	62	44	75	71	23	29	24	43
YNL319W	66	55	43	54	85	63	86	57	80	56	72	39	24	90	29	46	62	45	54	71	22	39	36	50
YNL295W	281	328	293	370	520	445	466	391	305	344	338	258	183	460	320	283	451	457	546	792	149	198	167	299
tN(GUU)N2	0	0	0	1	0	0	0	0	0	1	0	0	0	0	1	0	0	0	0	0	1	0	0	0
YNL192W	2948	6985	3158	8849	3469	3010	3424	2775	3568	9869	3052	7658	1763	4881	7308	8264	2204	1624	2503	3105	1259	1696	5275	8244
YNL149C	135	78	180	132	212	134	148	106	127	99	111	77	114	351	86	104	202	211	158	174	57	80	62	126
YNL071W	4238	3842	4255	4716	7255	6476	6341	5845	5166	5195	5417	4272	2566	6562	3041	3402	5468	4920	5570	6680	2243	2956	2240	3842
YNL089C	2	1	0	0	0	1	0	1	0	1	2	0	0	0	0	0	1	0	0	0	0	1	0	0
YNL308C	755	275	847	384	1098	850	977	653	642	497	750	336	632	1746	396	394	1275	1304	1053	1353	344	430	243	462
YNL239W	2518	2281	2472	2831	4840	4643	4365	4199	3016	3856	3465	3110	1411	3668	1661	1984	3526	3110	3800	4538	1300	1663	1592	2778
YNL275W	167	126	199	175	304	260	303	230	232	261	261	188	134	395	149	160	315	297	346	440	138	162	112	207
YNR071C	19	9	18	11	23	13	27	16	14	8	20	13	22	65	4	10	25	25	20	30	11	17	8	8
YNL226W	0	0	0	1	1	2	1	4	0	0	1	1	0	1	1	1	0	0	1	0	0	1	1	0
YNL040W	721	627	717	670	1012	917	877	806	763	678	850	493	514	1144	419	488	933	708	792	945	370	441	331	507
YNL117W	28	17	25	33	138	192	122	182	75	57	26	60	9	23	21	16	32	33	51	37	11	23	22	50
YNL050C	219	134	241	194	329	313	286	248	244	210	276	160	188	484	162	166	349	313	295	390	106	150	118	179
YNL086W	223	149	237	191	380	274	331	220	289	217	284	188	148	390	123	137	371	247	234	267	114	176	126	224
YNL017C	1	3	2	2	1	2	0	4	2	1	1	0	0	2	0	1	0	2	1	4	1	0	1	2
YNR070W	36	47	41	60	37	30	31	22	36	64	44	47	20	63	44	41	44	26	42	41	11	34	28	54
YNR067C	514	247	447	365	969	437	944	374	834	549	744	264	356	686	267	270	1052	848	454	724	274	417	158	287
YNL305C	230	357	266	463	551	424	452	402	376	494	354	364	110	423	382	336	340	326	394	461	142	186	192	366
YNL015W	280	592	294	748	511	664	518	596	343	956	385	864	166	458	795	759	398	254	516	453	128	196	784	1030
YNL146C-A	28	35	18	43	4	6	6	2	24	46	37	33	30	61	53	54	7	10	4	7	17	20	29	35
YNL063W	108	96	106	103	227	172	161	140	123	111	112	89	56	199	80	93	178	134	166	237	40	79	60	110
YNL294C	461	780	464	1132	779	781	614	664	440	742	504	534	432	965	1150	1152	848	719	996	1338	249	354	464	716
YNR046W	1173	638	1213	845	1788	1392	1601	1166	1308	1058	1208	808	728	2149	623	693	1552	1389	1409	1702	732	980	714	1281
YNL167C	1548	1353	1468	1636	2279	1672	2126	1616	1732	1662	1996	1344	941	2268	1116	1240	1906	1608	1486	2174	704	1048	807	1352
YNL280C	541	570	528	709	921	877	785	765	666	1684	651	1459	348	977	605	632	785	814	887	1295	242	381	961	1600
YNR002C	23	81	27	131	58	131	68	112	39	312	41	310	15	38	123	81	65	94	97	149	13	20	134	254
YNL036W	276	661	306	817	685	1282	652	1091	377	1436	404	920	199	572	469	525	783	450	932	856	158	231	630	899
YNL075W	306	157	328	162	464	365	396	326	276	263	327	161	180	506	99	96	377	349	300	369	93	151	112	184
YNR058W	13	67	24	102	42	43	42	39	31	39	25	36	25	38	49	42	39	39	36	65	11	18	13	30
YNL054W	1624	1199	1521	1432	2947	2413	2623	2123	1773	1451	2269	1059	1030	2433	984	1056	2683	2346	2381	3489	760	1029	633	938
YNR006W	1102	1199	1090	1596	1902	1498	1578	1306	1122	1684	1452	1256	683	1774	1121	1132	1612	1350	1300	1788	496	728	754	1180
YNR042W	0	3	1	6	14	16	10	13	9	2	8	4	2	9	10	4	7	13	20	30	2	10	8	7
YNL261W	607	627	588	894	988	1006	922	941	643	793	814	582	472	1142	590	631	1003	911	1032	1334	310	452	399	638
YNL188W	107	43	91	65	137	108	136	77	104	65	128	58	71	188	56	60	186	159	137	163	39	62	27	52
YNL146W	55	52	45	58	133	126	189	124	73	64	124	35	24	77	24	31	88	65	83	119	18	40	27	24
YNL228W	5	5	10	9	17	11	10	11	15	14	15	9	2	19	5	5	17	9	12	14	10	9	4	7
YNL211C	56	46	47	44	37	26	29	25	51	37	43	42	32	93	32	36	41	30	24	9	24	29	16	37
YNR021W	2837	1384	2781	1733	4217	3188	4047	2809	3265	2060	3389	1592	2111	4550	1279	1386	3759	3473	3174	4496	1511	2222	1026	1842
YNL201C	1004	1097	981	1367	1106	833	951	738	878	1016	1090	792	742	1740	1136	1183	981	926	942	1263	429	635	478	846
YNR033W	664	413	746	581	1260	1114	1115	1066	819	622	842	457	355	1001	329	326	854	779	1001	1404	301	389	241	407
YNR034W	330	154	462	161	790	364	757	349	484	193	532	158	189	479	66	87	475	354	302	397	144	208	74	99
YNL272C	344	423	381	534	577	419	517	362	390	729	458	551	322	847	507	509	581	477	506	617	169	278	383	669
YNL245C	26	25	30	41	59	54	49	48	41	32	44	29	21	61	27	34	38	49	57	64	20	21	18	29
YNR074C	156	115	169	160	276	307	231	221	163	182	185	108	118	331	123	122	282	270	341	445	62	110	59	124
YNL123W	2625	2667	2706	3437	3521	2997	3010	2683	2790	3069	2909	2107	1635	4399	2329	2643	2530	2290	2935	3623	1229	1596	1340	2284
YNR016C	17896	10047	16766	12908	30375	20400	25741	18732	20160	13761	20710	10395	15722	32093	8570	9291	30852	28200	20142	24427	9968	14367	5556	9732
YNL223W	42	79	60	110	96	73	84	62	71	85	72	79	46	132	125	113	120	121	86	136	29	52	48	96
YNR032C-A	28	18	52	24	77	57	55	42	45	21	31	19	68	200	32	29	123	140	87	93	34	46	26	58
YNL133C	53	54	57	80	116	93	72	59	75	78	78	82	45	1830	88	577	119	99	92	89	35	42	42	71
YNL178W	5528	2545	5536	2865	7869	5259	6970	4816	5789	3398	5407	2498	4714	10488	1903	1790	7557	6697	4762	5071	3141	3959	1737	2888
YNL065W	1869	505	1704	514	3606	3427	3163	3107	1847	1209	2335	1071	1311	2578	336	475	3932	3425	3508	3860	1091	1400	708	1259
YNR043W	2973	2720	3038	3200	4815	4421	4358	4033	3716	4160	3669	3239	1808	4718	2078	2376	3450	2855	3730	4390	1470	1884	1934	3110
YNL021W	713	466	710	603	1091	740	955	614	736	549	915	388	468	1147	373	370	888	802	659	953	299	434	184	347
YNL124W	1069	981	1130	1013	2126	2267	1929	1930	1363	1511	1461	1165	599	1854	671	794	1852	1639	2340	2934	676	792	743	1271
YNL312W	162	257	230	348	478	410	394	389	222	301	224	241	136	400	262	288	372	324	333	468	117	145	157	258
YNL143C	17	20	12	18	42	19	32	29	19	22	21	22	10	23	22	28	37	26	36	37	10	13	59	30
YNL251C	1731	2189	1845	2845	4035	3854	3493	3575	2118	3489	2314	2873	1043	2690	2160	2426	2825	2961	4130	6020	943	1392	1547	2481
snR40	194	126	162	128	304	226	324	230	252	166	211	178	143	322	79	117	192	247	187	205	70	113	76	96
YNL299W	201	100	153	123	265	257	214	193	167	177	215	121	98	333	113	107	267	292	270	394	84	110	71	150
snR19	4397	4232	4562	4284	6928	4715	5188	4539	4948	4631	4395	4217	4028	6748	3229	3699	4815	6068	4491	5510	3701	4146	3313	4814
YNR049C	170	170	167	194	282	271	262	216	175	231	245	171	110	379	175	182	261	174	310	380	94	127	136	221
YNL163C	857	488	851	665	1450	1179	1333	1028	940	782	954	541	673	1714	498	554	1408	1345	1302	1603	422	570	338	598
YNR073C	50	40	74	57	139	176	118	160	93	85	86	78	36	119	58	50	118	93	214	178	40	29	48	51
YNL127W	979	914	1059	1109	1752	1444	1546	1274	1244	1084	1321	847	556	1543	654	760	1313	1133	1168	1668	348	604	420	669
YNL118C	1667	1444	1650	1799	2443	1814	2329	1826	1834	1832	2130	1288	1029	2573	1238	1371	2171	1992	1906	2564	746	993	762	1136
tT(AGU)N2	0	0	0	0	0	0	0	0	0	0	0	0	0	0	0	0	0	0	0	0	0	0	0	0
YNL189W	2269	1711	2303	2099	3954	3060	3527	2791	2659	2452	2913	1931	1492	3751	1315	1378	3238	2991	2770	3482	1100	1624	1011	1831
YNL290W	364	240	332	345	573	416	542	396	339	338	436	271	265	824	281	277	589	608	507	745	182	296	159	311
YNR025C	48	28	51	41	72	69	73	57	49	48	40	30	34	115	32	27	70	63	44	86	26	34	30	34
YNL250W	372	288	468	402	797	637	637	560	419	402	500	259	331	852	288	295	698	702	723	957	191	277	182	320
YNL314W	124	123	115	139	192	162	178	131	123	160	141	109	80	253	146	110	202	196	205	260	73	92	92	169
YNL227C	219	161	223	227	302	325	279	258	201	230	225	158	150	431	180	207	328	354	344	453	95	138	112	182
YNL218W	109	187	108	266	164	196	136	161	114	175	126	120	95	235	252	269	172	205	237	363	55	84	105	169
YNL004W	233	157	254	210	384	236	306	218	182	170	216	139	266	693	201	173	504	532	391	434	135	226	102	177
YNR023W	405	300	401	396	626	473	557	426	415	426	476	270	222	736	297	278	574	513	492	667	192	235	152	286
YNL092W	91	292	103	379	182	182	166	163	103	364	131	261	54	147	259	246	138	128	157	198	37	58	150	237
YNL324W	1	1	2	0	2	2	3	2	1	6	2	5	0	1	2	2	3	2	4	2	0	0	0	1
YNL233W	983	689	1048	800	1784	1386	1544	1298	1081	849	1243	580	656	1579	556	624	1592	1316	1479	2084	384	600	324	569
YNL155W	358	356	437	429	742	605	641	509	483	286	543	186	304	752	318	363	698	545	609	559	183	251	138	202
YNL020C	487	538	523	683	791	624	738	547	521	1022	667	690	274	821	518	508	649	549	545	866	185	324	447	718
YNL076W	929	637	838	794	1350	1081	1247	1000	908	897	1156	652	577	1410	639	592	1391	1121	1068	1463	440	613	464	639
YNL200C	1116	983	1067	1208	1774	1534	1816	1422	1388	1372	1592	1182	452	1281	723	779	1217	890	938	1185	480	720	670	1028
YNL177C	114	62	136	117	212	192	184	192	157	126	183	92	91	238	86	81	185	179	188	254	56	78	45	89
YNL077W	272	212	345	304	616	403	585	376	440	349	402	249	123	451	144	189	374	276	284	383	120	187	104	181
YNL293W	204	394	217	584	425	378	379	321	200	393	266	310	194	468	590	550	490	404	472	639	121	182	234	350
YNL098C	422	328	464	508	846	622	679	558	466	506	530	427	368	951	424	399	813	760	661	771	216	319	293	507
YNR004W	14	7	23	12	18	12	18	9	18	23	22	10	15	45	17	14	28	23	35	36	6	19	19	22
YNL049C	1572	1239	1639	1560	2681	2017	2199	1799	1725	1860	2037	1301	1048	2677	1009	1072	2351	1881	2036	2361	760	996	679	1297
YNR019W	1185	1432	1218	1816	2695	2509	2469	2396	1630	2194	1647	1795	880	2326	1440	1598	2523	1878	2961	3947	542	851	963	1628
YNL031C	737	709	836	796	1313	1111	1076	993	890	844	838	725	450	1180	475	497	916	699	813	764	327	426	401	608
YNL019C	7	4	6	3	13	11	6	8	8	84	4	81	2	15	9	4	7	8	15	16	3	2	56	116
YNL214W	158	68	160	115	314	228	300	244	187	150	254	128	107	275	65	78	270	204	212	295	72	131	82	111
YNL006W	490	494	564	616	799	688	724	590	578	599	564	548	411	1060	558	545	797	708	704	838	248	384	351	521
YNR030W	1856	1163	1984	1543	3207	2612	2938	2313	2326	1733	2366	1392	1185	3070	1054	1187	2844	2623	2671	3996	1017	1408	865	1486
YNL038W	224	121	205	190	312	194	282	164	214	174	226	144	189	474	161	151	356	313	280	317	92	150	103	169
YNL090W	101	100	85	158	147	114	123	88	94	141	102	106	77	214	140	130	154	148	131	173	52	71	81	115
YNL151C	456	213	454	222	546	435	495	372	408	276	475	195	293	704	178	192	549	465	442	600	193	250	133	250
YNL254C	145	130	133	181	208	196	191	167	130	217	158	154	104	267	158	158	234	193	245	311	48	88	104	239
YNR008W	439	420	528	607	1032	772	891	729	570	690	614	487	370	1016	579	628	994	940	1039	1722	274	360	286	534
YNR038W	1222	720	1213	862	1945	1624	1727	1406	1323	1321	1446	879	739	2008	594	606	1840	1487	1639	2056	565	776	580	980
YNR003W-A	0	6	0	2	1	0	2	0	1	3	0	4	0	0	2	4	0	1	0	0	0	0	3	4
YNL307C	1869	971	1873	1111	2849	1913	2646	1947	2368	1570	2471	1200	1025	2451	680	721	2002	1791	1722	2109	940	1290	649	1157
YNL131W	1168	775	1230	968	1792	1602	1731	1370	1370	1045	1416	809	747	1800	668	734	1305	1125	1305	1482	678	790	553	956
YNL265C	310	521	337	646	380	295	348	251	313	338	385	288	271	678	497	477	353	292	246	340	130	174	189	293
YNL175C	544	195	637	265	856	576	633	456	490	306	488	203	444	1373	264	246	897	842	714	922	230	324	175	363
YNL042W	796	2705	743	3224	1136	785	1093	800	854	4286	960	3450	488	1297	2764	2788	903	860	892	1204	394	522	2335	3476
YNL022C	418	267	408	286	614	506	539	456	396	312	460	214	251	707	206	247	558	522	568	702	198	240	168	285
YNL056W	236	350	248	464	352	311	362	255	248	439	294	311	151	429	260	284	275	272	260	321	74	126	141	274
YNL011C	199	172	226	225	346	253	316	234	207	222	261	176	134	339	184	198	292	256	240	323	73	127	111	206
YNL329C	1012	858	1047	1129	1730	1407	1479	1189	1152	1109	1348	868	655	1573	834	779	1425	1306	1324	1864	484	675	476	802
YNL074C	2359	1363	2402	1572	4252	3389	4134	3089	3133	2650	3406	1984	1311	3264	1030	1008	3142	2480	2686	2962	1196	1587	1014	1539
YNL093W	30	32	15	40	25	14	25	10	13	41	17	50	6	34	41	33	20	22	12	18	6	15	20	90
YNR047W	987	977	968	1294	1662	1282	1545	1131	1123	1417	1232	1106	639	1628	979	1018	1415	1281	1332	1856	437	612	575	976
YNL183C	1125	836	1020	1176	2046	1633	1813	1422	1305	1363	1500	1051	693	1724	739	785	1582	1479	1591	1999	567	673	541	965
YNL057W	8	5	11	6	12	11	9	8	7	8	7	4	4	8	4	10	12	13	13	17	4	8	7	6
YNL238W	1283	1610	1234	2093	1488	1252	1367	1053	1293	1671	1418	1294	1000	2362	1753	1859	1459	1328	1364	2003	641	929	785	1424
YNL154C	2413	1313	2241	1724	3270	2102	2903	1825	2289	1799	2767	1430	1442	3577	1148	1299	2725	2478	2072	2708	961	1375	850	1329
YNL267W	1365	1033	1324	1454	1806	1426	1597	1220	1387	1349	1640	1064	1042	2521	1095	1137	1706	1648	1475	1822	633	952	615	995
tP(UGG)N2	3	3	5	9	8	1	6	5	10	4	9	4	5	12	7	13	5	11	4	4	7	5	5	7
YNL014W	53	58	49	83	109	126	111	109	79	87	72	52	46	125	66	77	100	114	109	163	30	36	36	70
NME1	2657	2226	2749	2620	3987	3107	3364	2973	2833	2612	2341	2366	2140	3854	1492	2139	2809	3351	2576	2649	1547	1711	1649	2187
YNL078W	294	3236	292	3895	257	479	234	379	305	1653	321	1093	191	552	3055	3325	251	214	476	529	128	191	762	1077
YNL209W	17597	8656	18254	9764	26340	17373	22277	16073	20044	11911	20355	9197	13998	34016	6339	6828	23386	23273	17888	20834	10838	14252	6044	9607
YNL253W	212	145	196	202	275	226	257	179	201	199	238	173	133	341	100	138	274	212	177	189	83	101	79	125
YNL173C	59	40	53	82	126	121	109	83	85	91	78	72	24	100	65	70	136	125	152	157	21	43	35	78
YNL066W	1594	583	1580	683	1989	984	2047	875	2292	1295	2169	929	871	2326	534	599	1706	1377	991	1361	857	1137	545	985
YNL321W	1144	940	1161	1177	2199	2014	2178	1846	1622	1460	1738	1212	710	1865	940	953	1913	1813	2008	3307	600	938	634	1056
YNR054C	363	167	336	208	580	410	520	373	389	280	436	186	255	802	181	174	595	586	509	713	155	217	124	226
YNR072W	0	0	1	3	5	5	7	2	4	3	2	3	3	1	3	2	1	9	7	8	1	2	0	5
YNR076W	75	88	86	81	170	105	126	95	115	122	128	89	63	216	74	96	152	184	122	154	42	88	77	95
YNR031C	1059	1843	1010	2208	1638	1414	1504	1258	1110	1319	1271	1004	767	1774	1689	1816	1492	1508	1474	2145	465	690	607	941
YNL110C	328	117	375	164	456	304	384	290	329	232	330	160	278	807	157	147	492	463	403	462	136	189	95	225
YNL232W	157	106	176	151	266	211	193	158	121	149	133	94	124	359	123	105	303	317	296	357	84	104	79	173
YNL262W	1144	956	1152	1227	2463	2208	2204	1883	1232	1228	1459	817	865	2108	886	958	2325	2465	2329	3355	568	738	483	814
YNL142W	256	161	222	235	549	425	485	434	322	346	374	310	158	445	162	161	632	481	482	590	161	225	143	260
YNL129W	262	220	299	321	360	262	266	202	220	211	298	142	212	560	226	231	356	264	228	200	81	157	72	142
YNR014W	438	256	502	282	1197	626	1192	744	727	366	768	377	195	653	159	232	710	440	438	680	220	338	127	203
YNL005C	217	136	246	191	415	359	359	292	266	182	294	120	212	580	196	169	385	371	450	602	139	144	103	178
YNL174W	1	4	0	0	1	2	5	3	2	1	1	2	0	1	2	5	2	1	2	3	0	1	0	1
YNL335W	19	27	21	43	43	46	38	32	31	38	36	41	8	39	35	49	34	45	45	52	8	4	25	35
YNL240C	173	88	136	135	372	366	353	308	255	232	255	168	127	344	91	96	316	306	338	395	115	125	59	130
YNL318C	1	1	1	2	1	1	0	0	1	1	2	2	0	1	0	1	1	0	1	1	0	0	0	0
YNL256W	606	281	750	307	1125	937	950	735	640	542	721	381	438	1134	204	211	1028	927	965	1379	278	436	214	423
YNL012W	99	87	109	95	133	133	139	104	116	154	120	91	72	128	54	70	106	94	124	142	47	78	79	97
YNR029C	190	112	218	152	337	248	296	194	211	188	264	132	153	497	148	120	317	393	300	394	94	121	94	176
YNL130C-A	1	1	0	0	2	2	1	1	1	4	1	0	0	2	0	2	2	1	0	2	2	1	1	1
YNL107W	152	96	160	134	257	169	233	160	160	125	165	88	124	339	108	118	267	221	206	186	63	93	47	72
YNR065C	470	1410	535	1876	1208	1682	1093	1390	590	2062	558	1370	427	940	1483	1704	1097	1176	1698	2465	256	388	951	1542
YNL332W	61	83	76	102	238	259	193	230	106	154	110	97	54	142	85	93	150	160	269	283	36	43	82	112
YNL023C	481	267	514	351	844	695	679	632	487	425	570	311	396	1053	289	301	884	882	929	1184	202	334	207	392
YNR056C	14	72	13	122	34	22	21	16	24	23	17	31	11	36	88	80	15	30	27	39	6	19	9	25
YNL186W	1476	1111	1419	1428	2337	1977	2064	1649	1445	1347	1709	969	1069	2765	1320	1385	2434	2517	2533	3224	751	1008	753	1218
YNL153C	343	215	388	298	527	340	466	323	355	339	399	210	362	876	277	280	616	540	440	520	173	238	197	328
YNL130C	1285	1063	1347	1323	2559	2145	2320	1993	1710	1656	1839	1324	865	2073	1082	1242	2102	2037	2312	3199	774	1126	967	1538
YNL088W	957	897	1071	1265	1799	1640	1614	1419	1035	1135	1134	744	657	1845	922	1019	1580	1366	1778	2224	423	600	432	893
YNL216W	839	634	761	770	1286	971	1218	874	841	885	1120	595	417	1144	523	576	1030	899	898	1191	342	481	331	599
YNL276C	25	12	24	17	32	35	32	35	35	31	30	12	19	59	10	18	34	35	40	45	17	18	15	24
YNL108C	394	266	424	300	746	466	637	404	451	329	462	240	266	742	181	258	602	477	410	541	182	301	129	250
YNL252C	192	150	209	195	288	247	249	200	195	150	234	131	148	341	145	142	220	246	220	341	106	102	64	147
YNL181W	253	206	254	269	438	368	419	291	289	263	306	197	210	548	189	214	368	397	316	439	124	152	107	191
YNL197C	1801	1241	1635	1563	2705	1971	2373	1847	2109	1869	2499	1443	974	2438	1019	1095	2099	1906	1867	2629	864	1202	773	1363
YNL064C	2038	1450	2240	1735	3761	2926	3360	2343	2404	2106	2518	1521	1451	3406	1194	1223	2869	2732	2534	3186	946	1377	865	1521
YNL202W	9	12	12	10	53	58	45	46	9	24	28	20	9	24	13	21	30	23	56	41	6	3	10	19
YNL283C	1748	6043	1503	7181	923	1285	863	1249	2119	8580	2195	7227	850	2176	5759	5874	657	571	1039	1620	686	1100	4210	6295
YNL147W	303	155	311	180	400	328	417	312	281	184	336	145	214	507	143	132	394	334	272	259	117	155	80	116
YNL286W	84	50	74	68	126	85	106	66	72	58	78	42	73	192	53	55	168	139	127	168	56	67	24	48
YNL337W	0	1	1	0	1	2	1	2	0	0	1	1	0	0	0	2	1	3	5	6	1	0	1	1
YNL322C	2276	2388	2304	2679	4377	3814	4108	3958	3521	3605	3333	3287	1276	3512	2119	2147	3505	3400	3756	5790	1237	1710	1597	2409
YNL158W	193	170	199	201	278	244	295	226	214	213	250	169	120	342	158	156	261	283	270	384	94	120	104	175
YNL168C	764	845	701	1035	1176	1027	1045	888	824	1126	926	864	512	1250	687	857	1014	804	856	1096	433	576	532	874
YNL259C	131	69	154	89	197	156	203	150	151	117	143	105	124	270	113	95	208	203	208	186	82	93	84	151
YNR022C	406	261	492	338	618	575	607	538	503	303	564	269	270	741	323	309	585	457	593	666	268	250	202	271
YNR077C	1	2	4	3	6	5	8	4	1	0	0	7	1	8	3	5	3	7	19	15	2	2	4	8
YNL068C	1601	799	1661	822	2630	1767	2523	1736	1835	1025	2355	718	805	2570	624	670	2197	1792	2119	2773	793	1054	459	834
tI(AAU)N2	0	0	0	0	0	0	0	0	0	0	0	0	0	1	0	0	0	0	0	0	0	0	0	0
YNL037C	679	665	902	870	1804	2171	1616	1889	938	1616	886	1205	486	1080	576	588	1337	1116	1465	1416	513	530	595	1191
YNL085W	3879	2584	3730	3287	6262	4896	5593	4427	4207	3703	4543	2572	2753	6153	2115	2276	5434	4562	4754	5805	1955	2750	1477	2446
YNL051W	640	498	631	572	853	630	825	574	674	635	890	472	389	911	398	411	811	551	520	627	274	366	295	393
YNL148C	72	45	66	50	99	63	86	42	57	44	72	41	64	184	44	33	114	98	78	120	34	55	19	53
YNR075C-A	0	0	0	0	0	0	0	0	0	0	0	0	0	0	0	1	0	0	0	1	0	0	0	0
YNL255C	1525	907	1565	952	2019	1450	1795	1224	1487	1032	1500	807	1443	3168	956	919	2271	2129	1621	1849	1004	1267	792	1189
YNL070W	506	290	558	380	813	702	874	668	677	428	657	335	377	864	336	351	683	650	681	651	352	397	219	410
tD(GUC)N	78	79	93	127	175	105	105	103	114	111	113	107	57	187	77	97	194	130	196	161	91	107	54	91
tT(AGU)N1	2	0	1	1	2	0	1	0	1	0	2	1	0	3	0	1	1	1	2	1	0	1	1	0
YNL271C	3461	2404	3583	2880	7026	5479	5768	4668	3791	2868	3939	2326	2352	5810	2368	2592	6019	6178	6140	9047	1556	2302	1473	2248
YNL198C	34	24	34	26	48	44	40	33	32	26	35	23	21	48	22	15	37	47	37	52	14	16	9	24
YNR018W	668	354	646	432	1326	848	1185	742	793	641	791	483	443	1311	305	330	1028	1078	779	975	365	473	278	536
YNL327W	481	280	465	315	1048	713	917	613	765	438	760	341	400	819	291	329	857	1239	767	1580	264	368	211	328
YNL236W	1339	972	1340	1235	2324	1800	2105	1562	1409	1447	1846	939	768	2050	725	847	2080	1780	1672	2279	609	811	562	982
YNR001W-A	2	0	0	0	1	0	2	0	0	2	0	1	0	2	1	3	1	1	0	0	0	1	1	4
YNL053W	583	1174	506	1455	891	881	767	709	544	3272	719	2408	369	921	1040	1121	859	732	893	1146	283	429	1683	2585
YNL281W	1570	1327	1622	1432	2702	1961	2420	1779	1864	1523	1817	1252	1165	2707	1268	1434	2531	2239	1940	2257	897	1210	966	1476
YNL279W	427	5493	252	7296	58	51	49	50	321	10774	404	9188	327	604	6878	6684	44	16	35	40	170	325	5891	9791
YNL156C	394	483	447	642	951	925	826	793	523	682	561	535	301	769	482	550	746	643	928	1372	192	285	310	559
YNL260C	204	264	208	313	255	207	284	188	192	216	255	141	120	298	183	164	239	180	163	227	80	91	84	124
YNL222W	150	86	153	98	277	219	252	164	164	169	210	127	128	329	79	75	260	213	220	274	77	102	109	140
YNL235C	0	1	0	0	4	4	5	4	0	0	0	1	0	1	0	1	0	1	1	1	0	0	2	1
YNR059W	245	529	205	662	275	224	264	203	240	597	268	513	153	458	576	608	259	214	198	241	106	130	333	525
YNR044W	33022	59320	26519	69482	5551	5198	4468	5162	18582	77583	20402	69078	27624	44533	60146	61742	2410	2552	3989	6626	10846	14443	50508	68630
YNL225C	116	128	104	169	155	103	112	107	96	121	100	81	78	210	136	133	151	132	126	140	45	64	68	131
YNL215W	93	80	118	114	171	112	141	99	97	98	115	66	109	352	118	118	233	249	188	233	56	83	43	95
YNL326C	268	403	275	549	460	358	419	308	327	326	345	218	193	476	483	477	382	328	362	448	123	194	138	235
YNL100W	251	248	304	311	429	470	440	368	348	286	316	267	152	470	243	217	260	262	328	372	155	136	120	260
YNR009W	34	85	30	96	72	61	64	51	46	84	56	46	13	54	62	83	58	51	85	130	15	35	42	75
YNR066C	174	605	186	766	470	634	408	557	238	866	245	567	141	361	533	617	426	406	595	897	83	126	352	596
YNL339W-A	0	0	0	0	0	0	0	1	0	0	0	0	0	0	0	0	0	0	0	1	0	0	0	0
snR66	90	69	98	66	173	119	190	114	102	77	110	70	32	85	27	25	81	89	75	106	18	30	33	42
YNL266W	7	1	7	8	14	13	2	6	14	8	7	5	5	24	8	8	14	12	4	4	4	8	2	8
YNL292W	568	241	630	336	898	641	812	555	588	428	692	273	419	1080	270	268	838	735	672	978	296	378	204	394
YNL242W	674	1084	696	1502	1533	1659	1468	1559	923	1540	973	1110	389	924	825	922	984	903	1365	1904	303	387	506	815
YNR057C	17	192	23	241	49	74	42	55	26	70	36	54	16	48	188	222	34	29	40	36	10	8	17	44
tG(UCC)N	0	1	1	1	0	2	0	0	1	0	0	0	1	1	2	1	1	0	1	0	0	0	0	0
YNL067W-B	0	0	0	0	0	2	0	1	0	1	0	0	0	1	0	0	1	2	1	1	0	1	2	0
YNL166C	218	142	235	216	389	249	256	200	176	129	216	101	157	453	185	171	399	360	315	352	107	126	70	129
YNL111C	903	537	937	576	1790	2106	1693	1804	1141	1064	1206	737	644	1436	521	529	1843	990	2002	2363	345	552	620	868
YNL069C	5624	3377	5805	3704	8058	6010	7044	5404	6252	4461	5954	3448	5287	10568	2924	2976	7677	7305	5996	6331	4605	5764	3098	4618
YNL277W-A	1	1	3	1	3	5	11	4	4	6	3	5	2	3	2	4	4	5	10	8	1	1	4	8
YNL128W	28	22	26	31	56	42	38	48	39	28	29	34	20	44	26	27	46	35	41	55	16	14	9	24
YNL300W	341	159	351	191	1153	1979	892	2028	412	276	458	254	210	593	150	236	687	518	1294	1632	309	241	172	176
YNL179C	156	106	148	166	290	269	278	244	184	176	228	126	110	275	119	117	271	243	216	268	66	102	86	117
YNR050C	1962	999	2148	1250	4791	5091	4062	4316	2083	1366	2315	1131	1786	4046	898	971	5093	3592	5613	5197	1518	1671	659	1192
snR49	361	180	388	257	620	420	595	400	450	330	406	253	400	843	243	351	519	608	412	406	203	268	191	285
YNL138W	1554	2165	1589	2770	3114	3017	2866	2764	1902	2809	1853	2283	1098	2628	1929	2146	2416	2433	2647	3343	759	1088	1214	1805
YNR048W	226	256	237	287	348	334	365	294	252	338	332	246	147	377	189	217	334	279	373	463	120	175	168	254
YNL302C	3990	1999	4046	2087	5909	4021	5568	3844	4461	2732	4501	2054	3686	7568	1568	1525	5681	4779	3941	4231	2743	3411	1656	2499
YNL045W	2337	2227	2555	2971	4132	3431	3670	3004	2897	2999	3036	2468	1549	3882	1974	2057	3020	2696	2856	3593	1309	1811	1311	2288
YNL125C	782	559	861	746	1700	1496	1579	1364	1106	913	1235	770	438	1179	465	560	1346	1194	1540	2194	412	596	404	615
YNL207W	474	253	473	354	750	610	628	504	482	426	525	250	286	875	222	252	679	616	607	876	223	260	172	278
YNR011C	534	382	534	551	937	787	784	602	509	561	620	414	369	928	357	403	883	889	826	1146	242	342	246	427
YNL241C	1760	3250	2029	4007	4254	4715	3832	4538	2683	5145	2726	4462	1059	2553	2506	2892	2863	2937	3924	5487	1137	1211	2104	3095
YNL112W	2560	720	2623	840	3238	2136	2811	1662	2320	1266	2095	1042	1613	4653	605	636	2986	3111	2481	3431	1240	1477	807	1544
YNL249C	148	111	145	196	194	190	166	137	149	175	173	140	97	279	128	148	184	152	162	178	81	94	83	124
YNL270C	176	348	159	533	83	102	103	127	172	223	161	157	126	207	410	445	70	52	101	134	63	104	92	129
YNL115C	782	1112	796	1427	1540	1646	1457	1522	987	1504	1089	1212	444	1151	1085	1128	1215	1121	1554	2239	406	506	699	1126
YNL073W	252	199	288	281	460	438	397	399	254	287	302	225	182	546	265	212	393	372	629	665	152	161	174	262
YNL082W	168	282	162	387	239	199	226	221	171	279	230	174	115	263	255	295	219	212	216	344	63	107	103	179
YNL097C-B	80	74	80	88	163	134	146	115	93	83	90	54	29	128	48	69	127	71	102	141	28	39	25	43
YNR034W-A	262	97	328	97	376	175	383	177	350	83	290	64	166	495	63	60	290	270	95	71	91	146	34	33
YNL296W	0	0	1	0	0	0	0	0	0	0	0	2	0	0	0	0	0	0	0	0	0	1	0	0
YNL138W-A	175	157	182	244	284	235	268	204	191	243	220	191	109	290	188	188	253	160	179	185	73	103	116	211
YNL196C	4	5	9	6	10	6	13	7	4	5	12	6	6	19	5	6	12	10	8	4	5	5	2	6
YNL109W	7	9	12	16	22	23	19	18	15	14	14	16	5	19	10	7	9	10	25	26	6	4	16	14
YNL101W	1012	680	949	949	1739	1363	1580	1228	1250	1104	1346	847	712	1683	703	750	1673	1471	1563	2220	555	739	510	901
YNR012W	862	552	874	700	1222	965	1132	751	833	797	940	539	510	1372	496	525	981	944	986	1221	322	454	366	620
YNL114C	5	9	1	19	13	10	9	13	4	13	5	12	2	10	9	9	12	9	12	11	3	5	11	19
YNL237W	30	44	30	54	84	89	71	128	48	91	52	78	22	48	42	59	60	53	115	180	25	23	33	66
YNL084C	812	688	796	818	1131	880	1143	794	858	924	971	702	641	1523	678	694	1210	954	779	916	392	547	452	715
YNL289W	18	7	14	13	60	96	31	86	16	9	18	11	22	62	20	22	51	65	96	108	26	26	6	7
YNL171C	15	11	22	20	28	33	34	32	18	24	20	16	4	10	8	12	11	11	29	40	0	7	10	13
YNL208W	351	1456	454	2069	736	869	632	704	393	3036	410	2555	301	926	2442	2274	681	644	965	987	312	325	2348	4119
YNL010W	1080	652	1228	788	1758	1138	1523	1014	1176	733	1216	622	858	2272	559	555	1686	1310	976	1163	499	802	446	707
YNL134C	572	492	616	749	1239	2249	1102	1848	717	1141	819	1012	285	1200	460	468	789	671	1626	1757	460	400	524	846
YNR053C	694	368	661	404	932	924	794	743	620	731	681	434	489	1340	304	339	1072	1056	1025	1107	374	460	352	621
tP(AGG)N	2	3	2	0	1	2	0	0	3	0	0	2	2	5	0	3	0	0	2	1	1	1	1	2
YNL231C	398	105	432	115	874	669	807	623	486	205	551	168	299	847	95	98	981	725	734	760	194	249	89	159
YNL230C	334	279	318	377	584	462	547	421	417	408	427	297	203	535	243	275	493	480	480	733	158	225	182	300
YNL339W-B	1	1	1	1	2	2	1	1	1	2	1	1	0	1	0	1	1	1	2	5	0	1	1	1
YNL258C	610	607	592	929	703	515	612	433	596	612	715	447	589	1400	828	885	656	644	559	675	318	444	288	549
YNL328C	59	54	56	70	106	78	128	80	56	50	69	63	47	102	48	62	102	113	104	131	28	43	39	62
YNL081C	439	228	498	342	588	519	608	455	434	324	480	250	262	656	257	253	504	352	480	469	207	229	184	344
YNR037C	68	63	85	116	147	163	150	140	90	125	78	80	57	173	117	141	148	137	208	204	63	80	68	165
YNR063W	235	117	198	159	399	303	356	262	262	205	356	111	141	332	89	95	374	309	288	421	103	133	65	119
YNL339C	140	308	158	407	423	434	327	387	208	408	188	344	163	559	456	677	450	638	809	1001	107	145	366	460
YNR060W	67	11	43	14	59	38	52	36	70	37	56	12	25	68	13	9	60	32	48	70	9	25	6	28
YNL287W	4264	3314	4060	4128	6625	4942	5886	4583	4478	4380	5073	3313	2815	6398	2662	2760	5514	4735	4274	5557	1847	2777	1687	2889
YNL095C	233	364	269	472	641	567	536	458	271	533	254	336	171	493	386	456	582	559	622	901	117	148	265	465
YNL096C	3666	1538	3454	1784	5197	3509	5134	3301	4034	2495	4484	1749	2099	5137	794	824	3954	3046	2419	2894	1536	2150	1034	1620
YNL282W	120	96	101	110	185	155	170	114	112	125	130	88	75	204	72	102	164	126	174	175	63	94	59	111
YNL047C	384	284	357	382	559	459	452	406	456	491	480	397	207	581	215	272	468	437	506	689	178	215	214	350
YNL139C	1924	1707	1895	2195	3253	2640	3000	2372	2069	2081	2427	1414	1438	3309	1479	1628	2957	2694	2671	3654	820	1200	800	1332
tP(UGG)N1	4	80	5	98	2	2	1	1	6	146	6	116	4	14	87	113	1	1	1	2	2	5	94	137
YNL298W	1731	2901	1641	3209	2696	2314	2442	2167	1880	2002	2489	1417	982	2631	2095	2530	2130	2059	2065	3110	779	1117	742	1054
YNL113W	592	269	656	393	834	644	789	585	581	416	634	339	475	1325	327	302	972	787	712	855	256	355	243	459
YNR003C	444	219	432	254	680	503	642	424	439	339	524	239	380	1126	264	249	822	715	598	765	176	327	171	354
YNL316C	476	388	457	427	655	617	682	512	465	562	605	397	277	680	257	273	624	482	523	627	202	306	259	437
YNL016W	4608	3068	4511	3674	7065	5027	6492	4600	4796	4006	5612	2928	3276	7621	2465	2749	6482	5922	5066	6550	2446	3630	1917	3146
YNL330C	287	220	283	290	440	331	436	284	267	274	328	213	195	575	244	213	449	477	411	515	142	189	150	221
YNR010W	345	457	371	521	550	455	568	412	420	618	460	443	176	520	325	394	360	272	304	348	130	235	310	448
YNL172W	751	687	726	858	1743	1778	1459	1663	963	1011	1106	813	519	1320	559	646	1516	1237	1750	2389	419	543	428	700
YNL132W	3076	1104	3127	1269	5047	3365	4389	2854	3399	2015	3338	1324	1995	5079	812	913	4114	4048	3576	4996	1338	1897	788	1461
YNR027W	192	106	177	166	336	254	293	192	202	150	193	101	125	363	82	80	254	346	208	289	91	113	55	125
YNL083W	113	56	116	143	206	173	194	174	113	120	127	83	76	210	99	95	203	205	276	325	61	80	70	135
YNL013C	0	1	0	0	0	0	0	0	0	0	1	0	0	0	0	0	0	2	0	1	0	0	0	0
YNL164C	131	105	131	118	206	179	161	136	130	138	163	106	108	296	68	104	216	186	170	210	66	76	58	91
YNL274C	365	350	456	547	990	1255	877	961	484	485	416	479	163	521	322	306	507	434	841	883	171	188	213	355
YNL176C	1660	1747	1575	2166	2901	2544	2728	2296	2056	2335	2377	1759	790	2115	1287	1434	2257	1798	2146	2916	757	1081	1045	1601
YNR061C	577	304	566	364	841	596	806	537	645	468	742	361	466	1154	344	361	866	792	726	996	390	558	290	486
YNL303W	23	28	30	33	32	22	34	28	36	32	41	26	16	38	26	26	33	22	24	32	11	16	13	21
YNR035C	1260	1352	1246	1696	2061	1640	1922	1498	1520	1876	1638	1356	862	2326	1355	1349	1743	1454	1368	1647	591	914	897	1432
YNL160W	15927	2677	15715	2433	21641	12513	19100	12574	20291	2765	23173	2802	12467	23839	863	1335	17849	13332	11235	11167	14651	16518	917	1368
YNR024W	71	33	70	41	101	80	75	66	65	54	82	35	89	252	53	47	149	147	138	148	41	59	28	58
YNL024C	41	17	42	18	73	45	60	31	44	15	36	15	37	127	16	17	87	77	66	54	42	38	11	14
YNL018C	13	8	10	16	13	8	10	10	6	10	16	5	5	14	5	7	6	4	9	20	9	7	5	8
YNL033W	6	3	7	3	20	16	10	8	11	121	6	118	5	16	12	3	10	8	16	27	6	4	86	179
YNL141W	1111	519	1146	634	1248	871	1235	668	1049	766	1040	554	652	1700	410	464	1005	1006	975	1350	467	555	392	754
YNL320W	556	406	526	505	726	593	701	545	614	611	716	467	323	767	329	372	649	499	594	660	282	414	353	498
YNL204C	36	29	39	31	53	37	54	49	48	36	48	18	22	65	27	29	41	38	47	70	21	20	20	26
YNL106C	1026	1585	992	2053	1361	1171	1226	1053	1111	4180	1304	3111	663	1699	1514	1567	1046	1109	1142	1570	440	645	1928	3015
YNL338W	19	34	26	27	57	55	44	45	32	29	41	41	13	42	29	42	44	47	39	97	13	15	17	35
YNL161W	884	1016	909	1323	1656	1464	1474	1295	929	1351	1222	988	644	1667	1086	1046	1577	1571	1500	2100	466	650	575	985
YNL247W	2540	1160	2552	1508	4394	3281	3841	2795	2655	1883	2877	1284	1846	4707	1015	1104	4185	3991	3564	4642	1195	1691	784	1346
YNL285W	0	2	1	4	1	1	0	2	1	2	0	2	0	3	0	0	0	2	3	2	1	2	0	0
YNL062C	507	288	543	346	825	772	768	622	561	564	640	392	345	935	206	238	675	647	698	816	226	315	192	340
YNL325C	536	520	511	706	694	609	672	562	543	574	708	365	338	840	430	475	624	516	567	671	242	310	240	351
YNL046W	54	50	50	60	68	54	66	57	77	77	92	56	24	64	34	33	48	38	56	35	27	42	38	46
YNL032W	313	195	317	243	473	309	453	293	328	287	422	192	249	597	180	203	481	348	360	402	161	209	144	210
YNL135C	2487	2070	2439	2239	3678	2949	3434	2870	2803	2780	2882	2242	1884	4070	1937	2140	3494	3093	2902	3277	1929	2369	2123	2969
YNL212W	376	372	432	499	671	487	561	377	409	588	446	457	303	800	424	465	655	539	531	632	201	260	279	481
YNL243W	1949	2601	2015	3314	3812	3326	3224	2909	2304	3150	2566	2534	1422	3778	2588	2844	3254	3009	3384	4230	1078	1541	1456	2493
YNL103W	1536	1287	1477	1598	2710	2512	2346	2175	1601	1829	2034	1339	994	2398	1110	1218	2571	2345	2595	3396	821	1164	850	1248
YNL144W-A	5	2	5	1	2	0	0	0	3	2	8	5	4	4	2	0	1	0	3	0	1	4	2	7
YNL333W	17	16	28	30	58	85	38	53	27	29	12	35	25	73	38	37	70	62	126	95	22	18	24	48
YNL027W	1302	783	1401	912	1977	1315	1829	1230	1532	1128	1676	827	715	2009	601	615	1428	1167	1082	1394	507	762	436	750
YNL278W	342	397	294	468	559	706	490	618	352	626	437	556	183	538	415	418	561	535	746	1004	183	244	354	557
YNL144C	422	227	473	259	844	511	903	476	536	243	651	230	193	617	160	162	622	479	383	526	162	255	100	132
YNL159C	197	169	194	229	335	231	285	208	216	241	235	176	140	401	207	221	329	291	281	364	124	162	145	255
YNL220W	1411	752	1344	1132	2843	2956	1970	2446	1379	1013	1605	943	1886	3221	735	810	3433	2858	2800	2574	1318	1574	555	943
YNL184C	69	42	86	45	130	114	112	96	86	45	92	48	36	102	43	40	90	78	104	150	60	64	26	62
YNL336W	824	1153	920	1607	2083	1643	1882	1505	1344	2578	1471	1752	609	2213	1239	1929	1603	1611	1856	2273	438	649	1215	1766
YNL264C	704	290	605	271	1247	721	1101	596	679	392	873	310	438	1243	177	200	1070	962	668	855	288	497	205	324
YNL136W	103	56	111	68	138	110	126	94	74	65	108	45	97	246	95	78	190	191	166	170	40	58	35	59
YNL185C	115	63	150	81	231	194	172	151	129	81	136	80	56	169	58	56	136	132	164	220	100	84	42	92
YNL219C	1280	1074	1275	1379	2282	1666	1987	1470	1610	1322	1638	979	841	2216	1054	1169	1823	1777	1798	2608	694	973	670	1191
YNL079C	1333	1161	1445	1602	2037	1558	1726	1385	1347	1558	1580	1184	1361	3400	1778	1532	2401	2148	1906	2121	803	1088	837	1524
YNL244C	1195	790	1203	808	1715	1299	1677	1200	1303	1081	1298	816	844	2073	588	607	1656	1271	1031	1232	602	838	586	896
YNL054W-B	29996	34901	20843	54152	24296	24302	18623	21362	23432	29921	27893	24779	23011	47558	44379	50911	30510	20250	40430	34405	12397	15288	24065	29441
YNL284C-B	63260	81763	66560	101205	49298	48494	41873	45755	71506	80990	109467	77679	54854	176691	93789	138358	63992	55687	86358	86536	28150	48329	62763	85942
YNL284C-A	4238	6188	4534	8020	6113	6243	5072	5244	5700	7486	7251	6437	3709	11898	7416	10295	6213	4168	8178	6386	2374	3749	5221	7160
YNL054W-A	5423	9190	6032	11210	4216	4253	3290	3681	7301	8966	9525	7484	4564	16335	9717	15049	4826	4144	7218	6601	3081	5213	5905	9011
YJL160C	17	3	14	1	31	48	33	20	24	10	24	9	17	37	4	2	49	31	31	15	6	14	5	7
YJL204C	553	392	496	485	813	588	672	546	575	546	780	406	331	798	311	355	627	572	538	697	198	306	181	316
YJR105W	3895	2892	4166	3493	6104	5350	5527	4890	4723	3954	4706	3154	2462	5791	2344	2589	4509	3969	4468	4999	2416	2994	2004	3264
YJR129C	71	39	83	47	114	105	94	79	93	70	81	42	56	193	44	62	122	123	147	185	52	42	30	49
YJL139C	255	246	288	338	392	319	373	278	265	348	245	239	198	460	235	236	334	318	316	439	118	160	160	293
YJL062W-A	374	557	442	772	648	669	596	661	476	357	508	288	232	544	666	672	444	407	595	611	318	292	241	363
YJL110C	445	304	405	371	723	574	654	546	487	514	555	344	346	814	314	322	765	706	657	840	238	364	240	355
YJR088C	282	226	311	261	536	400	472	363	315	336	329	220	214	580	172	220	486	417	371	424	115	178	123	210
YJL213W	39	26	29	39	74	50	42	37	33	64	35	43	25	94	25	32	49	85	66	82	21	20	26	67
YJR046W	443	413	538	582	1029	845	921	792	744	677	690	529	366	912	472	478	805	812	887	1117	262	357	267	416
YJL020C	5975	7088	5983	8155	12184	11450	11335	10863	7898	8921	8685	7169	4131	9347	6459	6988	10669	10145	10937	14352	3488	4705	4459	6604
YJL187C	168	166	178	264	206	210	152	186	204	270	196	138	142	300	235	253	214	219	239	435	80	129	136	193
YJR131W	198	181	260	211	463	382	382	310	262	254	270	194	171	446	170	187	451	476	505	868	106	185	89	222
YJL133W	1112	604	950	754	1360	1118	1318	948	1075	924	1266	696	575	1444	503	462	1206	933	1100	1337	549	738	505	827
YJL086C	14	8	14	20	25	14	17	16	12	10	16	10	5	23	6	9	20	12	17	19	4	9	4	8
YJR053W	152	101	106	131	210	211	199	158	152	146	160	109	79	193	108	94	199	157	154	230	39	84	57	107
YJR044C	883	786	884	967	1405	1214	1337	1139	1002	1110	1120	996	636	1446	914	1010	1275	1175	1247	1446	640	822	834	1231
YJR100C	277	240	313	360	457	422	410	356	290	328	340	231	173	459	209	240	383	287	319	432	121	151	157	259
YJR012C	264	777	228	966	294	250	314	237	207	270	300	196	156	458	959	1012	307	229	243	310	109	149	184	245
YJR067C	117	56	128	62	200	106	152	126	100	80	117	56	84	248	52	52	177	134	111	140	50	80	35	69
YJR146W	9	13	9	8	15	9	9	6	8	12	8	8	6	26	10	4	20	24	30	26	7	9	5	12
YJR140W-A	0	0	0	0	1	0	0	0	1	0	0	1	0	0	0	0	1	3	0	1	0	0	0	0
YJR130C	384	324	404	435	906	873	716	701	430	522	431	479	298	799	315	356	873	790	936	1006	209	280	270	429
YJR069C	347	343	341	389	453	346	394	278	399	339	417	259	218	606	238	258	308	268	278	268	133	178	142	275
tV(AAC)J	0	1	0	0	0	1	2	0	0	1	0	0	1	1	2	1	0	0	1	0	0	0	0	0
YJR120W	273	274	336	291	540	462	486	438	414	343	400	336	173	361	171	188	327	276	376	420	199	191	176	252
YJL186W	913	742	1005	983	1183	1000	1113	803	1052	855	1041	600	617	1723	753	823	937	883	1020	1350	366	536	337	612
YJL008C	2236	1445	2236	1773	3367	2431	2953	2159	2246	1941	2425	1562	1492	3783	1143	1252	2811	2616	2316	2901	987	1334	957	1534
YJL061W	888	692	928	919	1179	850	1069	780	914	845	1114	537	773	1830	812	699	1191	1140	905	1298	457	678	355	602
YJR085C	144	146	178	168	285	257	230	226	153	168	135	174	144	476	191	229	308	306	309	330	136	122	146	274
YJR040W	262	265	344	394	573	416	490	422	365	389	435	282	243	619	289	293	489	570	468	800	130	233	168	279
YJL189W	1230	770	1382	881	1679	1253	1389	1188	1292	822	1190	727	1118	2459	630	700	1679	1782	1294	1164	658	825	440	790
YJR039W	268	242	281	350	565	478	524	410	334	472	422	368	205	499	222	228	475	416	441	623	138	192	193	277
YJL202C	1	2	0	1	2	4	1	1	2	3	1	0	0	2	0	2	0	1	2	2	2	0	0	2
YJL009W	2	5	2	2	2	0	3	1	4	4	3	2	2	2	0	1	3	1	2	4	1	2	0	4
YJR005W	1163	1480	1125	2011	1720	1173	1607	1016	1261	1325	1613	949	733	2029	1661	1746	1572	1438	1250	1535	505	720	605	929
YJL006C	255	187	249	281	370	334	388	280	245	278	314	199	164	358	191	175	332	241	260	312	110	142	152	211
YJR150C	3	13	4	11	2	3	4	2	3	0	1	4	3	6	10	15	2	1	1	2	2	0	0	1
YJR098C	48	61	66	78	100	94	98	104	63	82	75	66	40	119	56	53	127	90	138	152	38	46	43	74
YJL103C	436	657	452	804	621	691	646	680	518	874	634	657	273	640	498	534	515	399	614	863	173	281	360	438
YJL156C	448	219	441	280	727	627	694	591	454	318	591	214	316	706	171	183	684	589	649	882	213	291	125	202
YJL185C	96	171	99	261	228	272	192	281	132	249	167	206	42	87	92	118	116	96	193	194	28	40	93	118
YJL135W	7	4	6	4	5	10	7	2	6	8	8	4	6	14	4	7	6	14	10	11	4	2	2	5
YJR138W	947	749	868	965	1595	1606	1381	1423	956	1018	1258	814	584	1463	664	703	1354	1291	1428	1958	391	584	444	700
YJL108C	245	858	216	966	376	554	422	538	408	2420	394	1814	101	290	618	746	282	219	429	579	102	129	1162	1700
YJR037W	0	1	0	0	3	2	2	3	1	1	1	0	0	1	0	0	2	0	0	2	1	0	0	2
YJR079W	45	100	50	148	97	174	81	157	57	164	78	157	30	72	98	119	106	51	188	156	28	33	101	129
YJR049C	200	181	187	267	406	291	359	216	259	299	274	198	165	469	164	201	392	377	286	384	92	156	112	218
YJR008W	298	380	307	567	481	346	444	308	414	410	404	349	190	445	303	350	271	286	250	325	116	187	190	285
YJR023C	34	7	32	14	44	28	40	18	36	12	36	19	14	40	13	6	55	24	16	32	8	20	14	18
YJR002W	823	335	894	453	1348	953	1141	826	862	632	889	451	595	1573	318	367	1223	1145	1167	1383	380	505	293	520
YJR145C	10059	4942	10555	5640	15856	10363	13154	9367	11576	7472	12360	5731	6873	18164	3280	3607	12633	10930	9090	10611	5494	7346	4037	5718
YJR048W	1072	1082	1472	1234	2590	3325	2549	3018	1517	1562	1476	1514	521	1370	845	956	1465	872	3029	3137	979	518	1174	1593
YJR009C	29830	19623	29186	21052	50066	33135	45090	33382	35585	24715	37587	21716	21506	48858	13606	18099	37759	36537	26750	26785	18163	24914	14054	20441
YJL222W-A	0	0	0	0	0	0	0	0	0	0	0	0	0	0	0	0	0	0	1	0	0	0	0	0
YJL173C	112	142	123	189	193	185	206	158	124	173	129	125	84	218	170	163	153	139	169	144	54	73	100	175
YJR014W	422	310	466	381	742	584	614	453	441	387	537	323	354	867	287	247	636	586	510	623	179	274	204	362
YJR135W-A	414	258	444	302	567	484	574	483	485	312	519	248	264	590	263	283	454	313	465	426	271	297	180	263
YJR045C	8146	5582	10043	7122	16057	14877	14873	14105	12189	7987	12009	7040	5254	11734	5309	5496	10622	9997	14443	16848	6192	6052	3767	6731
YJL176C	538	480	544	646	870	610	750	536	567	676	598	526	399	998	540	559	802	756	729	972	292	395	364	560
YJL193W	320	195	319	209	414	323	420	290	367	262	402	218	197	468	186	191	429	350	400	515	180	279	191	288
YJR128W	1	2	4	2	13	12	10	8	3	2	4	2	2	4	1	1	5	5	6	5	1	3	2	7
YJL159W	31828	12933	36367	15004	58288	37731	54895	37888	52261	23165	50982	20220	18532	46913	9691	11432	37293	37742	34019	40767	19594	24384	10328	15012
YJL030W	46	55	61	93	105	65	70	61	53	69	52	56	48	152	103	84	93	104	86	90	25	33	39	82
YJL047C	385	329	388	465	673	503	643	478	410	490	506	303	302	813	325	361	676	562	526	704	179	265	183	279
YJL194W	51	20	42	17	77	56	58	50	59	18	63	20	58	145	26	13	66	97	64	72	49	57	8	32
YJL195C	2	0	0	0	0	1	2	2	2	2	0	0	0	1	1	1	2	0	2	0	2	0	3	3
YJR108W	63	24	57	29	54	36	71	38	46	28	57	24	16	56	12	20	55	52	42	48	20	36	20	36
YJL199C	16	39	16	57	37	38	26	42	19	50	14	38	13	33	44	52	24	18	42	40	7	9	24	31
YJL216C	4	2	0	2	8	8	4	7	2	5	6	2	4	3	5	8	5	6	11	14	1	3	0	3
YJL011C	78	42	88	34	100	99	95	78	75	79	90	50	60	165	40	42	115	87	83	88	35	48	43	72
YJR060W	292	192	252	235	518	354	419	308	280	236	292	166	248	726	192	195	548	486	447	593	162	206	100	176
YJR119C	132	86	104	138	223	254	231	194	135	176	191	155	94	226	104	107	227	209	257	322	42	101	66	130
YJR092W	216	247	220	306	474	432	377	354	272	267	263	189	165	348	221	272	394	365	425	528	117	122	131	178
YJL051W	138	124	145	160	264	228	264	197	178	188	179	149	73	248	97	112	233	150	194	177	77	95	100	101
YJR071W	0	0	0	0	0	0	0	0	0	0	0	0	0	0	1	0	0	0	0	0	0	0	0	0
YJR115W	174	144	226	184	557	376	556	351	285	253	266	184	112	323	178	200	393	309	461	557	110	174	163	238
YJL010C	1002	516	984	538	1430	1093	1313	953	1019	910	1178	617	648	1723	350	431	1322	1136	1064	1466	401	587	344	615
YJL084C	2231	2044	2164	2387	4145	3902	3914	3598	2677	2989	3217	2216	1248	3250	1648	1710	3355	2803	3438	4390	1114	1483	1215	1904
YJR030C	163	201	170	300	372	312	343	221	241	245	205	115	87	255	243	234	269	293	311	597	82	103	109	178
YJL119C	12	6	9	2	20	12	16	17	11	15	14	15	15	40	3	10	16	26	24	26	10	8	5	23
YJL221C	4	1	2	5	8	4	4	2	4	8	3	3	2	10	1	4	6	8	7	12	1	3	1	4
YJR140C	915	606	828	858	1555	1317	1330	1190	927	915	1138	629	641	1565	642	604	1371	1215	1309	1857	404	553	389	644
YJR161C	574	581	618	735	1073	787	924	739	744	886	746	679	365	1163	519	699	919	722	803	1106	291	427	559	824
YJL136C	2679	1642	2783	1724	3703	2810	3374	2662	2831	2101	2743	1583	2375	4836	1362	1317	3665	3347	2671	2663	1787	2198	1322	1898
tR(ACG)J	0	1	0	2	2	1	1	0	3	2	0	1	0	4	0	2	1	0	4	2	0	0	0	1
YJL146W	326	296	282	386	472	378	435	385	304	394	384	309	169	500	260	277	403	391	394	497	162	211	164	296
YJL060W	694	1275	764	1556	1386	1359	1333	1219	912	1742	1019	1258	422	1071	993	1118	1052	830	1019	1294	395	452	675	1037
tW(CCA)J	10	8	10	6	9	6	9	1	11	8	9	14	4	15	4	3	4	4	3	4	6	6	3	5
YJL117W	1765	781	1680	964	2591	1664	2302	1621	1687	1090	1648	916	1081	2631	560	607	2016	2058	1747	2367	738	923	547	917
YJL149W	694	706	638	983	1396	1225	1290	1114	800	1272	961	922	351	964	568	559	1005	787	883	1282	272	399	424	670
YJR063W	1238	542	1248	653	1656	1270	1740	1138	1172	963	1346	679	713	1814	517	525	1468	1175	1128	1396	636	779	539	973
YJL067W	6	3	7	4	8	4	7	5	7	4	4	0	1	3	1	1	4	3	3	4	2	2	3	4
YJL164C	266	436	347	682	534	424	458	370	350	524	424	457	214	486	470	538	393	358	408	504	112	195	241	409
YJL223C	2	2	2	2	6	3	1	3	2	2	3	3	1	12	2	4	3	7	2	10	2	3	1	3
YJL079C	3954	844	3546	985	8251	8156	7187	7913	6576	1465	7858	1474	2928	6434	778	1303	6762	5144	8361	7700	3782	3965	624	853
snR3	278	198	242	253	405	315	331	293	264	265	226	268	269	514	218	264	266	417	288	285	136	149	137	214
YJL156W-A	7	4	6	6	20	15	16	11	3	4	8	6	5	8	4	5	25	22	27	35	5	6	4	8
YJL106W	105	100	107	121	188	223	199	206	111	162	129	100	73	180	99	98	182	157	214	279	46	74	74	91
YJL171C	1003	1092	1134	1501	2074	1712	1918	1569	1264	1792	1269	1394	637	1597	1129	1213	1496	1444	1386	1849	509	718	876	1393
YJL058C	163	157	165	177	271	285	282	231	190	233	233	156	108	298	111	138	268	218	236	280	87	108	90	159
tL(UAG)J	0	0	0	0	0	0	0	0	0	0	0	0	0	0	0	1	0	0	0	0	0	1	1	0
YJL132W	172	329	187	496	312	398	318	375	194	451	243	400	101	262	304	347	234	196	375	602	60	104	206	317
YJL172W	3769	6510	4139	7884	7016	7257	6344	6966	4800	8395	5345	7662	1987	5174	5505	6252	4954	4742	6428	8095	2166	2560	4170	6412
YJR114W	2	1	3	3	9	10	4	7	3	1	0	4	0	2	2	5	4	5	3	6	2	0	1	4
YJL093C	558	694	583	850	973	991	991	890	786	1030	785	744	366	859	568	605	761	686	878	1232	302	343	402	678
YJL163C	108	178	130	272	222	220	228	185	122	281	141	183	58	165	176	187	196	153	189	375	51	81	118	199
YJR153W	3	5	4	6	1	4	5	3	1	18	6	7	6	6	2	5	5	0	3	0	0	2	3	3
YJL179W	274	136	306	183	378	238	358	218	290	195	362	146	183	475	176	176	431	356	252	308	111	164	92	152
YJR080C	448	388	526	472	866	802	863	760	583	505	651	441	251	639	307	271	642	541	653	941	210	257	183	332
YJL037W	8	12	20	19	23	38	21	22	10	17	11	22	13	51	22	24	24	12	41	32	19	14	24	34
YJL104W	216	142	252	186	337	320	307	282	206	160	252	118	201	577	223	176	373	339	425	508	143	186	122	227
YJL050W	1416	474	1504	651	2176	1591	1841	1280	1332	857	1417	576	1154	3085	452	500	2138	2182	1994	2537	591	916	416	818
YJL002C	3255	2212	3052	2718	5077	3909	4725	3745	3898	3094	4202	2382	2028	4786	1809	1950	4362	3946	3883	5192	1748	2469	1400	2178
YJR084W	144	97	133	132	217	149	202	117	125	138	156	106	120	304	123	91	203	183	160	215	50	93	58	119
YJL220W	0	1	1	0	0	0	0	0	0	0	0	0	0	0	0	0	0	1	0	0	0	0	0	0
YJR034W	24	17	42	36	45	44	46	36	43	44	38	34	36	92	49	40	49	41	52	47	14	18	35	46
YJR019C	434	534	451	736	714	672	669	562	572	831	631	650	253	798	488	536	558	439	522	605	324	409	413	702
YJR093C	537	398	472	470	799	621	713	526	529	545	600	397	346	850	305	355	715	635	538	808	216	288	241	390
YJL201W	627	580	645	746	1026	885	1016	787	703	776	932	637	345	1007	493	510	905	747	768	1076	313	400	344	549
YJL161W	74	41	82	76	192	240	179	173	111	149	123	93	40	111	50	56	121	94	176	181	39	47	86	122
YJR021C	104	88	94	115	187	111	150	122	96	97	121	91	79	261	129	115	194	196	171	236	74	88	79	129
YJL070C	323	553	322	756	691	693	642	615	433	783	473	554	236	586	530	514	630	545	687	878	177	255	328	520
snR128	346	289	387	342	510	376	448	370	387	334	317	354	215	442	172	210	312	367	278	264	134	152	136	169
YJL029C	1064	864	916	1040	1806	1457	1632	1260	1203	1377	1388	958	601	1524	594	691	1372	1225	1190	1639	411	613	447	771
YJR010W	602	1893	538	2452	1182	1236	985	1077	438	2972	763	2574	273	610	2108	2077	637	675	1254	2158	215	303	1616	2621
YJR151W-A	0	0	0	0	0	1	0	0	0	0	0	0	0	0	0	0	0	0	0	0	0	0	0	0
tD(GUC)J3	1	0	1	0	1	0	0	1	0	1	0	1	0	1	0	0	2	1	0	1	0	0	0	1
YJR144W	237	218	245	331	323	279	260	213	194	283	203	183	210	589	318	300	359	335	354	390	129	139	162	273
YJL073W	770	1141	753	1329	1087	1081	1006	1081	851	1470	1118	1106	502	1331	978	1011	1136	775	1115	1529	318	518	719	1049
YJL022W	6	9	13	12	18	9	16	16	10	10	14	9	2	11	7	4	7	3	11	9	2	8	3	13
YJR038C	1	0	3	2	6	2	5	2	3	5	2	2	1	3	1	2	4	2	4	5	2	3	0	0
snR37	4488	4129	4745	4702	6338	5326	5339	4860	4887	4539	4351	4208	5035	7620	3595	4719	5972	7196	5586	5513	3755	4234	3805	5096
YJR094W-A	2494	946	2652	1053	3705	2438	3418	2191	2584	1365	2639	1010	2662	5516	1091	1083	4495	4156	3121	3310	2230	2739	1170	1648
YJL052W	6716	4174	6934	5072	11652	6531	10762	6315	8845	4955	8639	5592	3654	10155	3849	4336	8259	6222	5278	4877	3871	5009	4450	5427
YJR139C	3614	2779	4189	3573	6010	4685	5391	4141	4500	3976	4573	3425	2819	6545	2834	3145	5033	4253	4303	4648	2647	3446	2740	4208
YJR158W	0	1	1	0	0	1	2	2	2	1	1	1	0	2	0	0	0	1	4	2	0	0	0	1
YJL089W	138	153	112	173	264	307	233	311	213	264	191	168	91	182	98	118	182	137	225	293	61	97	78	140
YJL077W-B	42	53	38	76	73	86	65	71	75	52	64	46	49	86	53	80	49	85	92	120	26	48	28	41
YJL016W	1324	1416	1360	2012	2261	1559	1982	1387	1547	1672	1696	1380	914	2301	1592	1660	1676	1683	1582	2092	742	1012	887	1537
YJL127W-A	1	0	0	1	0	1	1	1	0	0	0	0	1	0	0	0	0	0	0	0	0	0	0	0
YJR007W	2663	1593	2726	1789	4167	3212	3936	2759	3120	2307	3178	1777	1792	4247	1104	1203	3559	3024	2924	3694	1378	1951	1226	1976
tA(AGC)J	0	0	0	0	0	0	0	0	0	0	0	0	0	0	0	0	0	0	0	0	0	0	0	0
YJR096W	544	314	624	384	1090	702	1064	619	712	403	646	313	276	933	272	294	656	454	446	469	210	264	168	284
YJL032W	2	1	0	0	5	7	2	0	6	2	2	0	0	2	0	3	4	2	4	4	0	3	0	0
YJR065C	2474	2927	2486	3694	3989	3400	3613	2990	2932	3854	3096	2930	1469	3553	2359	2582	2841	2556	2528	3423	1187	1633	1512	2594
YJL019W	310	248	358	324	533	512	531	485	346	365	425	275	207	551	234	292	591	471	627	891	162	231	173	304
YJR082C	339	262	371	315	555	409	481	353	380	384	475	251	292	800	284	301	636	472	479	627	208	282	235	398
YJL181W	194	118	164	154	252	204	238	156	187	155	266	110	180	375	129	138	284	253	263	349	118	168	80	124
YJR095W	21	28	29	50	66	153	54	155	43	47	28	50	9	31	20	20	61	24	71	53	14	14	23	32
YJR086W	252	359	251	459	231	124	247	172	279	347	411	259	185	466	357	399	194	161	115	111	117	150	170	231
YJL077C	1	2	2	8	5	2	0	2	2	8	2	9	0	2	5	5	1	2	5	5	0	0	4	1
tR(UCU)J2	0	0	1	0	1	0	0	1	0	0	0	1	0	1	0	0	1	1	0	1	0	0	0	1
YJR006W	368	331	340	453	624	543	544	442	354	467	421	349	259	665	362	349	554	552	558	785	156	209	178	309
YJR072C	691	398	688	499	1104	836	940	731	713	560	756	411	553	1535	432	426	1090	1064	996	1216	346	425	282	491
YJL118W	39	273	50	339	72	88	48	69	60	285	80	222	20	68	280	314	46	34	97	132	28	32	113	238
YJL184W	115	58	100	95	250	159	217	139	145	109	145	94	94	285	86	87	190	198	163	183	74	95	63	137
YJR133W	264	203	300	269	509	523	475	449	344	317	346	249	174	423	188	191	331	329	448	562	157	153	151	257
YJR025C	660	655	670	862	819	937	714	841	660	748	745	712	574	1427	691	782	911	691	993	858	426	576	456	848
YJR018W	1	0	0	2	5	9	3	2	1	1	2	2	0	5	2	1	0	3	4	3	1	2	0	2
YJL095W	1021	847	914	1026	1668	1453	1541	1317	1093	1105	1365	821	680	1800	805	841	1665	1465	1749	2293	532	678	516	840
YJR147W	944	394	901	405	2189	1206	2109	1304	1498	664	1417	487	613	1642	335	448	2069	1784	1295	1677	614	818	339	396
YJL043W	5	19	5	4	7	11	4	8	10	7	8	7	6	19	7	15	8	8	17	25	4	4	6	16
YJL107C	50	175	60	243	100	132	78	79	68	630	60	430	42	109	198	170	68	59	98	167	16	34	250	432
YJL012C	3088	1386	2821	1799	4568	2723	4189	2543	3078	1696	3129	1341	2592	5445	1284	1353	4116	3721	2439	3407	1559	2069	764	1339
YJR121W	9161	7096	10242	8822	16820	14919	14868	13580	12309	10228	12369	8887	6037	12993	6141	6307	10759	9845	12949	13980	6842	6604	5217	7852
YJL145W	678	458	727	588	1052	841	977	684	690	647	780	485	532	1351	382	381	976	748	720	953	282	399	340	575
YJL153C	71	120	67	186	207	150	132	132	108	272	93	205	39	89	197	183	106	158	176	274	34	56	138	292
YJL088W	399	1192	495	1513	1218	1867	1126	1606	595	1547	790	1366	345	909	1049	1206	1100	431	1305	1086	350	263	581	1069
YJR064W	1532	985	1570	1203	2605	1823	2208	1541	1639	1405	1766	1065	1169	2970	889	939	2236	2102	1853	2290	738	1143	613	1123
YJL137C	104	301	112	317	243	323	231	280	114	375	156	229	56	150	191	232	152	75	263	214	42	66	142	208
YJL074C	171	228	185	318	315	287	247	233	153	211	172	164	146	390	262	315	400	369	364	512	96	123	142	263
YJL111W	1598	1040	1636	1195	2540	1838	2301	1596	1621	1346	1728	995	1047	2759	766	810	2089	1964	1796	2225	723	1012	630	1092
YJL158C	3032	6567	3093	7452	4422	6834	3793	6611	3526	5294	3865	4421	1556	4092	6016	6351	2476	1160	5012	4014	1747	1850	2487	3952
YJR016C	6134	3381	5706	3755	10535	8702	8482	7795	6495	4538	7152	3870	4560	10474	2190	2441	9283	8700	8494	9820	3319	4776	2040	3576
YJR099W	293	303	289	288	476	386	435	368	318	350	376	286	181	498	201	215	416	299	312	356	121	177	164	254
YJL208C	161	89	186	97	318	286	269	234	184	173	192	110	116	347	90	87	246	264	281	332	94	93	74	120
YJL048C	509	471	576	526	1105	1201	958	1047	758	1032	811	841	303	866	370	400	830	512	926	1133	200	376	488	729
YJL197W	748	369	758	563	1221	838	1011	704	718	553	850	433	560	1355	364	370	1105	1082	899	1233	339	458	235	402
YJR074W	168	145	161	231	332	338	281	247	155	232	169	207	133	376	199	223	348	253	360	413	131	161	181	293
YJL127C-B	337	286	320	417	466	342	375	318	326	264	388	208	182	546	303	331	372	328	325	387	133	169	149	228
tD(GUC)J4	0	0	1	0	0	0	0	0	0	0	0	0	0	0	0	0	0	0	0	0	0	0	0	0
YJL020W-A	0	1	0	0	0	0	1	0	0	0	1	1	0	3	1	0	0	1	0	0	0	0	0	0
YJL078C	1190	1209	907	1654	5171	1179	5106	983	2632	1034	1996	584	740	1926	1578	1464	7014	4470	1540	2936	469	959	285	537
YJL165C	1938	1336	2159	1566	3139	1831	2962	1848	2391	1784	2302	1414	1224	3378	1210	1300	2526	2149	1810	2297	943	1323	988	1507
YJR117W	3719	3571	3854	4237	6371	4970	6041	4724	4961	4878	5235	3835	2038	5050	3070	3197	4857	4144	4566	6598	1843	2708	2496	3560
YJR057W	184	119	194	193	300	212	246	210	178	155	202	113	150	362	139	156	309	234	256	303	104	107	86	165
YJR160C	39	36	40	46	119	96	79	75	53	34	52	34	20	68	34	47	98	152	152	250	13	30	28	50
YJL134W	297	168	274	217	400	319	406	325	322	256	373	201	166	490	149	184	399	355	403	519	125	204	130	209
YJL219W	2	2	4	5	5	9	7	4	4	7	4	6	1	9	2	2	2	2	4	6	1	3	3	4
YJL081C	696	479	646	634	963	658	848	556	596	571	844	426	496	1391	474	454	954	877	732	943	302	429	251	439
YJL054W	711	436	780	584	1232	996	1068	835	780	611	859	459	557	1412	442	383	1097	1031	1146	1658	363	442	290	530
YJR137C	2557	4835	2264	6122	4917	5335	3805	4456	2009	6166	3222	5120	1191	2564	3625	3903	2566	2847	5345	8217	972	1272	2677	4237
tK(CUU)J	1	0	0	0	0	0	1	0	1	0	0	1	1	2	0	0	0	0	0	1	0	0	0	0
YJL038C	0	2	0	5	2	1	2	2	0	2	0	0	0	2	5	6	1	2	2	0	0	0	2	0
YJR056C	228	138	232	163	316	269	300	237	239	187	276	143	176	481	140	128	357	276	306	317	95	182	116	203
YJL072C	140	105	128	120	214	192	191	164	151	162	159	129	102	266	95	106	223	153	166	203	67	99	90	141
YJR152W	61	58	65	70	141	94	99	101	78	87	77	54	69	163	83	61	126	137	130	155	42	50	41	74
YJL142C	54	46	68	69	110	83	108	60	87	70	69	50	50	123	51	50	106	90	76	99	32	46	26	50
YJL192C	982	757	1076	880	1440	1235	1354	1118	1100	1112	1282	884	562	1484	668	767	1194	969	1274	1461	448	614	502	861
YJR001W	1003	864	1064	1132	1799	1401	1656	1254	1282	1236	1362	1007	720	1982	1046	1019	1636	1757	1755	2702	574	890	591	1159
YJR110W	159	180	166	251	277	222	258	195	156	255	202	191	115	278	199	203	242	235	223	289	55	100	101	160
YJL190C	1757	662	1879	712	2566	1595	2205	1546	1958	934	1837	721	1936	4378	711	802	2890	2862	2219	2313	1576	1846	723	1236
YJL182C	0	0	0	0	0	1	1	0	0	0	0	0	0	1	0	0	2	0	1	0	0	0	1	0
YJL099W	590	799	599	1021	1167	1041	1023	941	646	1053	747	782	327	927	778	824	887	842	985	1477	212	374	490	770
YJL090C	778	523	681	674	1133	1067	1066	939	789	761	977	565	469	1067	480	498	995	885	982	1343	274	425	301	430
YJL055W	162	165	176	180	249	158	185	157	175	158	205	149	144	377	164	172	205	233	190	194	81	128	68	187
YJL085W	646	729	651	955	910	660	891	641	693	757	921	561	462	1081	651	708	870	682	630	755	242	405	294	507
YJR109C	6876	6400	7124	7192	15445	15126	12467	13568	7883	8335	9232	6795	5806	13369	4098	4783	14196	9515	13827	13428	4270	5387	3144	5399
YJL167W	4459	4976	4471	6152	7498	6603	6597	5899	4964	6209	5407	5048	4184	9314	6009	6007	7635	6627	7137	8037	2449	3474	3888	6084
tM(CAU)J3	0	0	0	0	0	0	0	0	0	0	0	0	0	1	0	0	0	0	0	0	0	0	0	0
YJL127C	456	242	507	300	969	687	809	550	533	398	651	323	311	862	225	244	752	700	684	977	214	326	184	318
YJR004C	5061	21572	4146	26010	1396	1302	1240	1230	2942	2250	3158	1596	3004	5892	21348	22582	1020	1011	1144	1655	1119	1809	889	1160
YJL036W	368	302	364	375	610	416	574	411	411	395	447	300	235	535	224	255	433	377	353	441	134	199	186	252
YJL150W	41	56	44	54	85	88	72	73	55	86	46	63	12	43	30	32	45	40	50	69	15	16	34	50
YJL168C	582	377	515	406	865	653	806	584	598	597	820	407	338	868	272	299	717	646	573	913	231	335	252	324
YJR036C	78	36	84	87	128	86	113	56	86	83	103	71	72	164	74	63	114	115	111	156	31	45	48	71
YJL162C	280	243	271	312	371	337	337	294	258	459	383	297	207	594	291	278	462	335	394	431	136	201	274	407
YJR106W	871	1018	858	1249	1461	1249	1421	1183	1204	1520	1271	1248	505	1152	841	881	1084	910	1153	1627	433	579	660	1024
YJR043C	371	339	343	390	483	360	450	363	310	329	452	199	238	734	344	318	546	437	431	592	185	220	184	284
YJR066W	2278	1953	2278	2576	4524	3607	3878	3008	2586	2902	2945	2067	1685	3940	1809	1943	3923	4004	3846	5643	1149	1706	1218	2044
YJL001W	1491	1336	1536	1772	2515	2042	2262	1748	1542	1752	1645	1369	1017	2518	1243	1323	2001	1592	1583	1789	850	1046	1029	1564
YJR061W	241	175	223	242	574	459	449	424	261	273	299	183	120	344	222	196	346	386	510	760	80	130	92	158
YJL212C	1998	432	2034	462	3642	2164	3516	2036	2860	814	3174	555	1132	3074	200	269	3240	3093	1826	3126	1155	1466	244	346
YJL024C	431	280	396	364	643	541	578	447	447	415	480	348	267	706	208	217	520	394	411	478	179	254	192	326
YJR125C	648	838	688	1084	1313	1215	1141	998	771	1203	926	967	491	1210	729	819	985	963	1043	1228	300	447	577	878
YJR051W	376	341	425	544	481	384	434	304	384	487	426	399	356	841	388	389	468	460	391	505	158	266	203	325
YJR112W-A	65	54	66	106	133	120	126	97	87	115	82	81	90	208	123	94	144	118	99	109	66	92	67	116
YJR050W	59	37	63	61	81	65	77	53	58	56	70	39	52	147	49	44	101	101	72	87	38	36	30	50
YJR011C	125	55	129	84	160	99	146	77	109	90	147	92	83	226	51	69	150	116	105	96	36	80	46	76
YJR136C	157	124	142	180	214	174	175	137	146	155	144	117	164	397	163	137	295	260	239	305	112	140	97	157
YJL200C	3252	1376	3591	1328	6954	6598	6053	5947	3731	2197	4267	1760	2436	6026	724	937	6635	4876	6658	7608	1954	2530	789	1456
YJL188C	2	2	2	1	2	1	0	3	1	0	2	0	3	10	0	2	3	1	0	1	0	1	0	0
YJL170C	532	2493	429	3445	59	63	30	53	299	4977	418	4391	544	1050	3422	3579	18	8	22	16	228	289	3918	5831
YJL129C	1890	1708	1753	2193	2877	2630	2612	2186	1783	1969	2078	1502	1430	3302	1891	1977	2988	2817	3115	4411	931	1325	1025	1618
YJR112W	12	9	9	16	22	11	12	14	15	15	17	5	13	48	31	24	22	44	39	33	8	11	12	15
YJR103W	800	642	790	840	1345	1047	1200	920	1019	924	943	764	417	1053	563	576	897	816	919	1234	370	486	444	652
YJL044C	724	600	621	649	1088	871	973	804	772	775	995	583	465	1295	497	542	984	843	935	1068	321	476	389	590
YJL157C	4737	6155	3771	7833	445	307	262	350	3460	7429	4704	5745	4596	8969	7315	7544	352	281	181	183	2220	3165	4154	6352
YJR142W	391	481	403	613	574	458	536	414	412	593	511	480	258	670	418	401	510	426	373	398	143	225	254	456
YJL034W	3986	4457	4221	5470	7253	5740	6284	5323	4694	5371	4663	4415	3327	6979	4570	4648	5671	5538	6184	8824	2164	3057	2792	4817
YJL183W	555	327	573	410	907	767	736	612	566	484	590	356	397	1114	356	351	827	823	882	1206	286	396	253	469
YJR031C	834	601	799	796	1493	1120	1275	927	836	875	1059	574	611	1566	526	589	1295	1160	1202	1658	322	499	334	578
YJL066C	363	462	422	648	806	791	707	661	501	697	525	543	236	733	528	487	566	464	730	796	258	281	392	646
YJR077C	1890	1448	2545	1978	3831	3832	3674	3424	2903	2299	2464	2096	1128	3040	1672	1671	2263	2222	3622	4104	1859	1473	1207	2133
YJL064W	1	4	2	3	4	2	2	3	3	1	8	1	4	5	1	4	3	3	2	2	1	7	3	3
YJL136W-A	0	2	4	3	3	0	1	2	2	0	0	1	0	0	0	0	2	2	1	3	2	1	0	0
YJR010C-A	230	159	243	200	378	305	382	284	240	251	282	214	187	526	208	226	406	265	271	275	152	211	194	303
YJR033C	1502	2082	1449	2692	2245	1894	2055	1698	1766	2506	1961	1911	924	2070	1602	1812	1779	1637	1582	2475	673	917	1108	1654
YJL068C	661	1033	779	1474	1461	1642	1343	1314	904	1590	992	1233	374	1062	944	1041	907	785	1131	1283	392	480	632	1096
YJL112W	418	328	398	488	825	833	784	755	535	607	576	410	290	796	413	369	700	649	985	1429	213	252	263	423
YJL039C	3911	2348	3688	3020	6606	5084	5848	4472	4463	3874	5018	2670	2789	6320	2029	2218	5669	5328	4981	7075	1964	2828	1633	2773
YJL180C	107	68	114	144	167	180	168	176	116	114	130	80	73	185	92	79	160	127	190	219	56	55	54	110
YJL147C	174	216	184	268	297	260	293	227	236	291	315	236	118	286	164	178	284	181	220	255	88	122	149	186
YJR116W	719	304	684	357	1188	897	1205	823	969	535	1118	417	426	1113	250	294	1146	817	789	1222	411	603	211	349
YJL025W	355	243	358	284	563	623	549	469	435	438	487	276	255	698	251	237	549	522	593	841	178	239	184	314
YJR062C	547	426	503	577	739	586	677	450	482	523	595	390	374	863	378	468	712	590	517	733	251	330	263	391
YJR090C	1637	1709	1552	2204	2238	1891	2163	1661	1606	1888	1948	1398	1010	2472	1534	1707	1892	1914	1839	2784	672	1021	910	1351
YJR035W	330	329	355	468	612	476	578	441	383	409	439	344	289	663	348	356	586	558	521	740	143	209	192	254
YJL174W	1785	1928	1765	2306	2780	2834	2686	2440	2059	2576	2252	2186	1189	2979	2089	2206	2807	2407	3086	3814	1194	1616	1910	2670
YJL203W	107	96	114	109	133	108	116	88	120	128	136	68	106	280	118	114	155	177	119	132	50	66	54	78
YJL014W	1968	1282	2001	1601	2984	2208	2726	1985	1938	1714	2140	1298	1319	3338	1004	1058	2350	2281	1999	2585	840	1221	771	1307
YJL027C	0	1	1	3	2	0	5	2	5	3	4	4	2	9	4	2	2	3	5	6	3	4	0	1
YJR157W	0	0	2	0	2	7	4	0	1	0	3	2	2	3	2	0	4	1	2	1	1	1	0	0
YJR149W	230	102	227	187	765	571	614	499	281	205	337	180	112	334	114	108	433	592	490	809	126	124	83	156
YJR154W	127	298	108	335	231	491	193	327	144	565	157	411	119	234	177	164	461	293	317	215	84	111	173	285
YJR075W	1965	1277	1998	1491	3123	2573	2923	2369	2278	1750	2474	1436	1301	2976	1082	1097	2615	2275	2285	3297	892	1291	776	1270
YJR052W	134	136	134	229	279	225	259	182	154	203	190	157	116	324	170	157	286	242	232	263	64	106	92	153
IRT1	84	15	95	34	104	93	121	66	112	47	81	22	50	152	18	7	71	60	70	69	34	62	20	42
YJL026C-A	1	2	1	1	1	0	0	1	0	1	0	0	1	1	0	0	1	1	1	1	0	0	1	0
tE(UUC)J	0	0	2	0	0	0	0	0	1	1	1	0	0	0	0	0	1	1	0	1	0	1	2	0
YJR126C	504	435	590	530	902	621	722	579	562	470	505	385	427	1077	502	530	894	960	846	1364	253	364	234	437
tL(UAA)J	2	1	1	1	1	1	1	2	0	0	0	5	1	4	0	1	0	0	0	2	1	3	0	3
tG(GCC)J1	0	0	0	0	0	0	0	0	0	0	0	0	0	0	0	0	0	0	0	0	0	0	0	0
YJL005W	3859	2827	3826	3555	7718	6527	7088	6271	4537	3826	5563	2960	2636	5660	2834	2848	6283	6242	7025	10607	1674	2834	1663	2822
YJL206C	216	152	206	210	322	324	321	275	259	266	286	218	109	369	117	135	306	274	301	385	102	117	107	177
YJL100W	139	132	196	178	387	467	325	381	267	253	295	210	127	376	145	149	419	357	530	789	93	154	141	194
tT(AGU)J	0	0	0	0	0	0	0	0	0	0	0	0	0	0	0	0	0	0	0	0	0	0	0	0
YJL047C-A	46	19	37	20	93	45	66	39	46	26	34	23	30	88	16	13	67	71	48	50	24	26	12	22
tD(GUC)J2	1	1	0	0	1	0	1	2	1	2	0	1	0	1	0	1	1	2	0	0	1	0	1	1
YJL222W-B	0	0	0	0	0	0	0	0	0	0	0	0	0	0	0	0	0	0	1	0	0	0	0	0
YJR076C	377	399	361	429	594	518	541	454	437	477	492	357	269	755	341	377	591	522	510	677	149	243	230	385
YJL217W	1	0	0	0	0	0	0	0	0	0	0	1	0	0	0	0	1	0	0	0	0	1	0	0
YJR059W	1577	1124	1593	1420	3026	2196	2907	2138	1933	1715	2040	1216	968	2379	924	973	2463	2274	2250	3188	700	1057	630	971
YJR124C	246	124	234	111	388	277	332	238	269	164	260	117	135	446	113	92	335	357	367	561	122	150	65	152
YJL143W	1171	797	1269	903	2005	1617	1839	1522	1506	1077	1565	893	849	2032	795	896	1828	1349	1766	1994	1070	1184	827	1240
YJL059W	158	131	198	177	354	317	376	278	229	201	263	162	93	276	121	154	295	300	333	474	92	148	107	200
YJR078W	152	348	156	489	377	713	318	594	199	613	253	566	111	233	327	394	350	202	702	524	114	114	371	518
tM(CAU)J2	2	0	1	1	1	0	2	2	2	4	1	0	1	5	1	0	0	0	2	5	0	1	1	1
YJL207C	2173	1851	2111	2502	3620	2779	3371	2522	2373	2344	2796	1632	1441	3589	1714	1827	2989	2832	2733	3872	908	1334	934	1566
YJL144W	173	230	276	299	413	282	414	274	299	272	223	269	106	420	194	181	297	274	202	241	83	126	144	208
YJL125C	268	181	252	222	372	323	325	290	254	299	335	197	151	500	148	121	344	288	266	413	114	136	109	195
YJL198W	572	478	599	581	984	947	938	758	607	908	591	667	348	1129	552	634	830	844	1263	1417	236	331	558	921
tD(GUC)J1	5	7	4	5	2	3	5	3	3	6	3	4	1	5	2	7	2	7	5	6	2	2	1	2
YJL122W	230	138	254	162	402	314	310	275	230	154	270	117	193	632	127	122	440	427	409	511	135	155	111	225
YJL007C	1	0	0	0	0	0	0	0	0	0	0	0	0	0	0	0	0	1	0	0	0	0	0	0
YJL225C	135	192	153	244	306	277	228	212	183	245	166	215	136	474	258	341	270	456	465	701	94	124	192	273
YJL211C	32	15	32	22	80	56	62	70	58	40	66	33	13	46	13	14	26	41	52	90	12	16	14	16
YJR073C	280	323	286	475	570	763	508	639	410	686	364	579	162	589	430	436	409	385	864	1073	220	222	325	709
YJR143C	3946	3105	3854	3761	5188	4188	4931	3845	4403	3228	4834	2398	2575	5935	2716	2962	4256	3822	4121	5907	2024	2888	1460	2611
YJL131C	57	40	68	46	98	61	82	54	52	38	68	35	48	139	61	56	123	115	128	165	35	46	19	42
YJL177W	4476	2194	4511	2472	6319	4857	6192	4301	4807	3365	5072	2542	4335	8648	2138	2020	6934	5701	5022	5368	3237	4350	2354	3437
YJR032W	240	143	219	210	334	245	302	203	237	212	270	150	165	416	148	120	274	281	205	209	86	106	91	114
YJR151C	1333	1608	1273	1901	2232	2012	2076	1905	2019	2268	2404	1902	731	2186	1262	1483	1914	1617	1966	2794	731	1064	1063	1403
YJR024C	256	86	280	160	382	230	348	176	273	176	268	110	197	526	111	110	378	361	204	300	140	212	78	198
YJL140W	97	59	98	94	166	131	127	90	114	93	100	60	105	326	102	94	201	216	164	184	41	67	37	96
YJR068W	702	456	705	592	1088	810	1083	751	761	655	887	435	501	1242	386	426	1045	877	761	947	298	473	280	486
YJR017C	560	506	534	713	1262	1090	1087	898	680	887	722	659	364	998	448	440	972	954	894	1329	296	446	292	601
YJR058C	97	81	116	151	144	122	154	94	108	118	102	77	129	330	148	162	158	160	145	131	74	114	88	135
YJR101W	260	139	330	168	441	372	376	319	339	175	310	151	150	400	104	104	304	254	303	400	155	150	84	163
YJL026W	3420	2320	3402	2784	6635	4554	6047	4168	4537	4246	4334	2849	2367	5997	1809	2105	5577	5625	3680	4658	1660	2719	1567	2940
YJL096W	206	118	239	135	367	347	376	321	271	167	263	121	121	309	86	78	219	202	296	290	102	89	64	107
tM(CAU)J1	0	1	1	0	0	1	0	0	0	0	0	0	0	2	0	2	0	0	0	1	0	0	0	0
tR(CCU)J	0	0	0	1	0	0	0	0	0	0	1	1	0	1	0	0	2	0	0	1	0	0	0	0
YJR156C	76	78	82	87	181	180	146	149	108	118	114	91	50	140	83	98	146	110	215	216	40	52	85	128
YJL063C	109	128	154	170	236	198	184	151	141	92	139	77	140	426	286	201	223	241	338	399	135	145	85	163
YJR159W	18	17	22	22	34	29	24	23	19	21	18	20	14	40	32	35	30	43	48	68	12	13	12	25
YJR094C	474	216	495	204	775	552	841	565	582	393	794	265	195	557	88	129	556	296	375	513	152	239	120	189
tG(GCC)J2	0	0	0	0	0	0	0	0	0	0	0	0	0	1	0	0	0	0	0	0	0	0	0	0
YJL028W	3	2	0	1	7	5	12	3	3	3	5	2	1	2	2	0	3	4	3	9	0	0	3	2
YJL101C	663	738	648	903	1282	1142	1194	1065	906	1248	839	954	434	1128	520	683	1124	867	1005	1353	303	465	511	806
YJL056C	813	871	738	1023	1107	939	936	840	766	865	879	729	585	1327	731	847	1158	960	984	1277	415	552	436	602
tY(GUA)J1	1	1	2	0	0	0	0	0	1	0	0	1	1	2	2	0	1	0	2	0	0	1	0	0
YJR041C	2333	1037	2222	1380	3620	2744	3280	2516	2483	2004	2757	1250	1366	3511	832	928	2864	2520	2523	3410	986	1316	773	1254
YJL080C	6617	4936	6673	5874	10734	7926	10023	7524	7708	6616	8163	4984	4156	9756	3422	3779	8480	8069	6863	8955	2910	4321	2404	4250
YJR091C	5122	4834	5094	5939	8658	6895	8245	6498	6131	6059	6816	4906	3086	7309	4726	4813	7113	5905	6861	8692	2428	3498	2989	4496
YJR013W	318	231	315	291	434	368	420	306	317	288	413	233	279	708	331	312	539	450	481	694	176	295	155	305
YJL222W	8	37	12	50	33	37	28	34	13	46	11	35	9	33	39	51	32	23	53	52	4	6	26	40
YJL121C	1377	1136	1458	1308	2365	1778	2193	1782	2065	1833	2096	1422	697	2034	838	916	1551	1378	1400	1709	803	1083	712	1190
YJL138C	32054	14764	31914	15453	45999	28291	39258	25549	33261	17952	41172	14240	16889	70486	11229	14729	42233	33213	34152	35720	13160	18312	14930	19455
YJR047C	72	16	40	18	66	24	56	19	48	18	61	14	32	99	14	27	101	97	40	55	7	78	8	22
YJL151C	1657	1576	1554	2093	2567	2156	2325	1965	1753	2164	1790	1918	941	2305	1535	1660	1946	1678	1788	1972	948	1365	1518	2151
YJL057C	346	702	411	959	508	416	495	365	404	703	475	542	252	563	635	624	443	342	380	491	160	219	315	471
YJL218W	0	0	0	0	1	0	0	0	1	0	0	0	0	0	0	1	0	0	2	0	0	0	0	0
YJR087W	104	133	83	182	71	59	80	56	95	114	115	88	52	142	89	100	57	47	49	78	35	69	54	76
YJL130C	18477	9996	18628	12486	31906	22838	28564	20597	22412	14925	22441	10423	12581	27520	7774	8654	25811	24865	20454	26414	9277	12796	5910	9764
snR190	1016	879	1034	979	1475	1217	1335	1153	1206	1177	1068	1026	1002	1504	851	948	1069	1346	1088	1047	706	699	656	927
YJL069C	1087	586	984	656	1454	1274	1337	1155	944	1024	1243	682	575	1488	359	425	1257	1118	1134	1552	385	496	392	610
YJL045W	14	38	22	51	42	78	39	51	22	30	26	30	18	38	52	53	56	28	76	58	17	8	30	57
YJL091C	517	486	524	648	836	668	756	585	595	652	632	460	345	843	439	489	747	616	641	849	272	370	311	541
YJL033W	1181	455	1227	593	1801	1501	1686	1257	1106	867	1140	599	674	1940	379	418	1561	1411	1566	2078	485	568	373	693
YJR122W	184	141	171	203	279	359	279	341	180	220	242	164	106	267	142	134	246	185	340	539	112	79	65	143
YJL041W	3198	2377	3088	2935	5702	4845	4996	4369	3863	3649	4066	2615	2049	4814	1958	2195	4631	4617	4499	5863	1560	2130	1418	2253
tR(UCU)J1	1	0	1	0	1	0	1	1	0	1	0	1	0	2	0	0	1	1	1	1	1	0	1	1
YJL065C	265	216	271	329	439	302	402	236	268	274	298	211	167	505	259	261	330	289	294	334	132	191	125	244
YJR148W	1335	677	1441	760	2967	2612	2473	2439	1643	1214	1681	919	860	2159	405	424	2228	2059	1899	2077	857	976	358	644
YJL123C	1069	959	1080	1178	1435	1020	1251	958	1048	844	1328	599	786	1890	984	1099	1568	1218	1214	1467	475	700	471	744
YJL046W	187	102	223	160	350	276	315	230	206	150	259	117	151	329	117	114	310	279	286	370	103	115	81	128
YJR123W	7082	4311	7316	4349	10019	7309	8850	6732	7750	5289	7498	3961	5975	11792	2656	2752	9094	8307	6466	6877	4918	6057	2947	4531
YJR118C	58	41	87	57	110	80	76	66	64	42	65	39	49	140	35	44	113	103	94	90	36	70	39	55
YJL071W	342	280	366	384	733	711	604	626	396	561	511	380	288	630	255	239	645	506	667	979	163	222	188	398
YJR015W	3427	1919	3403	2089	5510	4365	5104	4073	4347	2746	4411	2117	1799	4365	1328	1480	4070	3279	3837	5310	1608	2220	1290	1869
YJR102C	209	171	189	240	319	305	322	270	207	267	231	233	111	319	164	200	324	243	262	337	85	113	146	250
YJL004C	352	270	354	326	542	425	515	336	396	358	449	301	257	686	305	337	544	462	460	588	204	262	228	317
YJL155C	368	611	444	804	706	581	699	563	442	784	497	580	253	643	620	620	548	489	503	690	152	218	344	529
YJL154C	2033	1747	1938	2278	3398	2647	3121	2454	2317	2849	2664	1947	1258	3137	1315	1433	2691	2468	2164	2838	915	1323	1107	1814
YJR107W	284	354	266	427	424	395	363	357	314	439	342	355	188	399	359	357	386	351	507	599	170	189	269	408
YJL035C	68	50	74	84	143	122	132	95	80	82	98	66	52	154	77	70	110	111	95	153	34	63	50	66
YJR089W	282	229	273	347	521	454	449	378	306	345	394	206	242	579	233	216	461	458	510	616	135	189	130	226
YJL042W	1735	2054	1737	2764	2499	1932	2283	1682	2164	1951	2132	1881	1097	2860	2317	2246	2215	1754	1974	2434	803	1195	976	1718
YJL169W	30	39	42	58	3	1	5	1	18	80	30	76	20	52	40	60	1	0	1	2	7	15	37	62
YJL115W	178	193	154	272	348	342	332	335	207	239	233	214	100	215	126	154	288	252	283	376	64	90	83	150
YJR003C	387	468	298	664	363	326	390	302	313	772	410	529	200	551	470	509	416	284	364	351	137	197	304	498
YJL116C	1393	183	1722	146	3437	2666	3258	2699	2038	317	2667	255	628	1794	73	120	2043	1526	2219	2314	784	966	94	190
YJL053W	638	624	562	858	955	756	906	694	636	926	886	645	372	942	541	507	880	639	641	837	242	380	406	572
YJL124C	558	371	625	464	887	674	820	578	617	474	715	367	458	1294	392	391	888	822	709	901	300	422	326	549
YJR104C	711	684	825	854	1404	1710	1242	1405	852	862	746	726	455	1355	605	562	1022	1057	1584	1531	556	571	412	878
YJL105W	11	13	15	11	18	16	15	26	16	24	25	15	12	22	12	15	15	16	28	33	3	4	11	14
YJL215C	3	0	2	5	14	4	6	2	2	2	2	1	2	4	6	3	10	8	13	24	0	0	2	2
YJR070C	1597	554	1616	675	2463	1494	2134	1250	1608	1073	1594	792	1184	3030	557	550	2450	2357	1910	2488	958	1309	698	1212
YJR097W	37	17	30	23	43	48	43	51	28	25	15	15	26	72	16	22	43	40	52	54	12	14	19	37
YJL126W	119	80	121	98	216	159	158	136	139	91	136	89	92	311	90	82	196	211	183	251	55	94	55	92
YJL214W	2	5	4	7	12	10	5	5	6	7	4	7	4	13	4	9	8	8	7	14	1	0	3	4
YJL166W	1204	1048	1334	1384	1937	1882	1779	1674	1381	1597	1380	1388	1062	2387	1565	1673	1769	1389	1980	1909	1006	1004	1422	2037
YJL023C	89	65	100	98	138	126	125	110	77	99	100	96	57	181	85	93	156	133	132	180	29	54	57	93
YJL094C	859	1138	809	1474	1145	1039	1188	1009	1025	1943	1006	1436	532	1341	1201	1253	954	807	1090	1482	371	598	897	1555
YJR054W	286	682	312	859	257	268	209	221	288	758	353	551	265	663	812	841	264	240	329	457	143	244	413	672
YJR141W	133	94	133	136	169	169	165	136	155	133	134	104	108	318	128	113	188	200	179	216	70	94	90	132
YJL191W	1268	417	1187	495	1935	1240	1766	1052	1337	947	1407	728	676	1921	290	274	1404	1007	985	1086	550	797	534	756
YJR135C	68	37	57	58	109	72	84	62	64	69	74	53	45	135	52	46	84	80	100	98	31	35	32	62
YJL049W	72	54	62	84	102	81	95	64	57	57	99	43	54	153	50	56	115	92	76	69	39	33	29	43
YJR155W	124	256	136	385	284	481	229	349	181	500	149	341	180	377	230	244	677	443	495	322	115	173	213	357
YJL109C	5705	2506	5416	3009	8688	6601	7774	5545	6001	4078	6285	2690	3786	9084	2058	2212	7354	7364	6992	9946	2550	3546	1880	3348
YJL013C	177	197	185	290	324	239	288	196	220	237	219	183	113	323	180	206	272	214	256	274	82	74	94	163
YJL141C	2464	1804	2510	2289	4223	2893	4223	2952	3288	2414	3363	1898	1315	3392	1280	1441	3081	2466	2328	3491	1033	1554	924	1446
YJL133C-A	277	256	309	409	743	912	723	857	400	920	457	885	136	480	188	178	630	419	463	599	213	241	302	544
YJL178C	342	247	330	356	547	387	453	311	321	371	341	245	307	864	365	379	574	555	544	567	195	272	209	416
YJR022W	68	38	82	66	113	77	107	80	92	75	107	47	52	128	54	52	114	85	64	51	29	42	25	34
YJL062W	938	685	928	934	1628	1343	1576	1322	1218	1044	1438	910	592	1498	709	711	1392	1295	1471	2102	521	740	454	908
YJL197C-A	1	0	0	0	1	0	0	0	0	0	0	0	0	0	0	1	0	0	0	1	0	0	0	0
YJL082W	1693	2058	1950	2431	3670	2828	3542	2620	2429	2896	2272	2494	1044	2787	1630	1845	2728	2202	2480	3068	914	1276	1356	2031
YJL120W	2	4	0	0	3	2	3	2	1	2	0	1	0	2	1	0	3	2	0	2	0	0	1	1
YJL098W	759	417	746	454	1115	1120	1130	970	698	688	800	404	492	1201	357	393	1291	1167	1315	1578	361	406	268	469
YJL152W	1	0	0	1	4	7	2	2	2	3	1	1	1	4	2	1	4	2	3	3	0	0	2	2
YJR162C	1	4	5	4	2	5	4	7	5	6	3	1	4	3	5	4	6	6	13	12	2	0	3	6
YJL196C	699	177	719	172	1037	790	831	630	816	179	930	120	772	2057	77	108	1328	1385	946	1157	683	1016	72	159
YJL003W	56	41	66	73	116	108	116	83	70	83	92	50	58	132	62	71	83	90	96	115	30	39	43	81
YJL015C	2	2	4	0	5	2	2	5	3	2	3	3	1	1	1	2	3	2	0	1	5	2	1	3
YJL075C	0	0	0	0	0	1	0	0	0	0	0	0	0	0	0	0	0	1	0	0	0	0	0	0
YJR020W	3	12	7	8	19	17	15	19	18	17	11	16	5	13	2	9	14	7	19	27	4	6	3	14
YJL205C	118	76	128	99	213	199	217	187	135	124	165	78	76	228	79	83	166	134	190	170	91	79	63	86
YJR113C	288	218	354	270	678	638	594	569	425	314	393	275	179	504	189	210	436	409	590	732	196	223	123	275
YJR111C	488	340	486	399	849	767	805	635	531	537	634	399	288	846	228	270	872	614	614	710	245	354	240	380
YJR055W	43	16	34	29	41	45	38	38	26	33	34	18	30	49	12	28	53	41	45	44	20	25	25	29
tY(GUA)J2	0	0	0	1	2	0	0	0	1	0	0	1	0	3	2	2	0	0	1	0	0	0	2	0
YJL148W	917	404	927	521	1162	903	1153	791	966	689	1070	455	817	1922	462	421	1279	1035	972	1074	391	574	371	633
tS(AGA)J	0	0	1	2	0	1	1	0	1	0	1	0	0	4	2	2	1	1	3	0	2	0	0	2
YJL097W	861	471	825	631	1341	1079	1238	993	949	701	1144	580	647	1615	433	530	1258	1207	1092	1431	555	804	422	713
YJL031C	193	226	226	284	286	229	250	194	222	232	208	166	183	488	274	252	321	286	277	277	94	138	116	236
YJR132W	1943	1071	1906	1498	2809	1986	2577	1726	1970	1822	2136	1336	1259	3167	1013	1000	2334	2492	2085	3200	854	1248	733	1447
YJL092W	197	413	173	520	217	257	183	197	228	444	231	315	134	329	393	473	166	147	282	285	97	124	187	362
YJL083W	410	350	390	442	700	655	629	586	520	508	544	429	268	668	309	380	627	596	663	968	223	295	254	393
YJL175W	1	1	2	0	2	2	2	3	4	0	1	0	1	2	0	2	0	1	1	0	0	0	1	0
YJL225W-A	2	2	3	2	10	5	7	4	5	4	4	3	3	4	2	3	6	6	9	14	2	3	1	1
snR60	48	21	38	17	73	44	60	36	50	26	34	24	28	68	6	11	46	60	44	40	28	20	12	16
YJL102W	266	291	313	472	654	731	592	598	349	440	424	373	188	505	283	331	464	448	689	1057	142	169	193	314
YJL077W-A	35	49	50	64	58	54	53	64	35	57	40	44	29	68	50	80	55	50	111	104	21	25	36	63
YJL052C-A	0	0	0	0	0	0	1	0	0	0	0	0	0	1	1	0	0	0	1	0	0	0	0	0
YJR083C	286	209	248	262	382	260	359	252	319	281	400	175	162	518	216	203	418	338	310	359	100	163	143	228
YJL128C	1509	1683	1602	2034	2408	1926	2295	1889	1667	1769	1945	1319	1082	2654	1386	1537	2154	1698	1971	2413	782	1031	832	1220
YJR005C-A	0	0	1	1	4	4	0	1	0	0	0	0	1	0	2	4	2	0	5	6	0	1	1	0
YJR042W	428	289	459	390	741	534	665	440	439	464	484	287	362	961	272	277	684	735	561	780	198	301	176	327
YJL209W	231	117	193	156	339	271	309	236	197	169	283	118	190	485	164	164	374	449	415	550	114	172	90	171
YJL087C	405	245	394	262	558	373	463	366	336	251	438	183	287	807	242	216	535	538	486	627	163	247	113	229
YJR127C	777	468	868	575	1977	1639	1813	1445	1373	678	1337	629	580	1447	547	565	1710	1661	1869	2646	468	660	358	518
YJL210W	122	131	170	188	250	250	228	222	201	242	225	206	107	323	160	175	258	237	288	332	110	130	103	155
YJR134C	464	323	511	424	828	631	699	583	491	438	628	289	400	880	301	365	821	763	715	905	228	310	185	326
YJL076W	4047	2655	4021	3270	7900	6458	7090	5872	4934	4194	5131	3002	2838	6786	2265	2542	7175	6755	6555	8750	2021	2787	1671	2702
YJR027W	37431	53234	47619	54450	21244	21283	19021	22099	44342	47221	78878	49900	27565	118911	42879	82414	29178	27010	38494	43705	15665	32408	29955	50703
YJL113W	353	472	359	683	436	383	392	326	366	1347	472	1069	242	601	431	593	383	331	414	488	150	194	670	945
YJR026W	4518	6865	6514	6856	2223	2133	1879	2118	5828	5844	11591	7775	3920	21270	6274	13375	3095	3481	4189	4941	2191	5022	3906	8156
YJR028W	9288	13085	11881	13537	5058	4844	3978	4421	11640	11745	18366	12267	8204	39015	13370	25764	7111	7142	10019	10195	4801	9972	9178	16125
YJL114W	39	49	33	59	50	31	48	30	36	113	45	97	31	66	45	56	33	32	37	51	16	23	81	127
YJR029W	61980	85377	75356	91862	36241	35838	29822	34974	74714	78993	120500	76980	51331	207123	83309	143000	50449	49294	70735	74248	27902	52447	56181	85537
YKL103C	603	608	498	1116	788	735	654	666	592	827	766	926	436	1032	954	1044	713	537	802	783	289	392	473	833
tL(UAA)K	0	0	2	0	0	0	0	0	0	1	3	1	0	5	0	1	0	0	1	0	1	0	0	1
YKL131W	5	2	3	2	7	8	3	4	6	6	5	7	3	8	1	1	1	5	5	7	1	4	1	1
tV(AAC)K1	0	0	0	0	0	0	0	2	1	0	0	0	0	0	0	0	3	0	1	1	0	0	0	2
tT(CGU)K	1	4	1	0	0	1	0	0	0	1	0	0	0	3	2	3	0	1	1	0	0	0	0	0
snR69	91	94	97	121	154	137	146	129	105	103	115	106	50	136	64	104	96	85	108	138	35	51	46	87
YKR004C	121	96	92	128	121	88	118	80	117	220	149	112	83	160	85	80	128	78	78	87	56	75	78	123
YKR092C	1272	453	1274	583	2526	1625	2154	1421	1610	958	1384	724	487	1602	266	313	1564	1655	1260	1596	444	536	248	446
YKL002W	158	136	185	177	280	188	226	192	177	194	193	136	183	499	182	173	304	272	208	196	90	120	113	199
tA(AGC)K1	0	0	0	0	0	0	0	0	0	0	0	0	0	0	0	1	0	0	1	0	0	0	0	0
YKL173W	767	625	855	771	1256	972	1142	872	803	884	927	629	456	1275	524	578	1050	1028	960	1385	298	457	325	572
YKL061W	35	44	37	62	54	36	58	32	43	62	31	36	39	75	46	39	61	54	60	50	19	18	36	40
YKL139W	166	91	160	136	266	226	244	170	164	148	138	97	123	363	90	130	266	273	290	293	69	105	65	108
YKL180W	5955	3344	6026	3504	8387	6259	7647	5478	6428	4535	6466	3504	4893	9715	2493	2554	7410	6924	5710	6388	4109	5168	2792	4288
YKL004W	1682	806	1718	1036	2697	2036	2774	1896	2285	1588	2318	1253	983	2597	668	794	2081	1911	2182	2835	840	1186	647	1132
YKL143W	273	103	306	150	450	350	370	250	254	229	305	124	250	786	130	160	434	510	417	554	127	148	83	156
YKL062W	1428	620	1480	840	3327	2410	2925	2137	1807	1129	2135	1057	824	2299	568	585	2666	1916	2517	2934	748	997	623	843
YKL172W	485	193	506	298	659	462	583	380	407	293	505	182	416	1227	238	258	730	819	585	787	202	280	134	287
YKR014C	363	316	344	496	659	524	526	408	328	382	396	287	306	692	364	438	610	544	566	519	174	292	236	365
YKL149C	115	84	102	108	146	106	140	98	112	97	118	83	76	193	67	81	129	116	130	120	53	74	41	60
YKR099W	896	529	956	646	1707	1392	1526	1289	910	867	1342	638	538	1579	456	552	1798	1570	1615	2174	470	630	387	682
YKL110C	822	584	865	738	1416	1010	1380	940	958	872	1063	606	528	1648	574	576	1274	1049	928	1158	314	487	368	596
YKL094W	612	611	678	788	1025	859	919	718	642	804	765	662	480	1178	594	694	1062	807	964	1074	357	474	400	663
YKR094C	4434	1876	4410	1988	6259	4001	5904	3891	4666	2572	4958	1907	3355	7513	1266	1285	6229	4805	3599	4092	2854	3631	1568	2182
YKR058W	224	154	231	229	422	382	371	321	253	174	300	123	172	342	181	178	491	374	494	497	102	162	114	131
YKL183C-A	1	0	1	1	0	0	0	0	2	1	0	0	0	0	0	0	2	0	2	1	0	0	0	0
YKR052C	188	113	203	178	296	293	254	247	206	224	217	159	111	259	107	126	245	210	219	300	75	138	82	117
YKL157W	3898	4176	3853	5205	6627	6172	6092	5616	4415	5837	5240	4552	2582	5798	3523	3683	5394	4821	5210	7046	1969	2491	2364	3838
YKL068W-A	48	56	66	91	99	63	100	45	78	85	56	50	66	135	68	69	91	90	55	56	39	67	55	63
YKR062W	274	205	336	281	453	374	411	307	294	276	315	247	251	584	212	238	514	385	375	430	131	207	142	250
YKL091C	243	240	262	292	450	293	464	260	290	294	334	238	134	363	180	177	316	240	213	249	103	160	144	227
YKR073C	9	8	6	6	8	8	12	6	6	4	6	6	4	13	4	2	8	11	9	18	2	4	3	5
YKR087C	273	252	292	343	519	462	440	391	342	389	333	292	212	543	217	256	438	385	432	480	140	198	181	294
YKL070W	12	14	21	9	28	33	27	24	30	24	27	10	2	14	4	4	19	7	10	9	5	9	1	3
YKR038C	291	204	299	310	496	366	361	288	301	324	272	235	295	699	281	308	521	493	462	546	154	195	167	237
YKR048C	1879	1488	1857	2108	3340	2742	2827	2242	2073	2152	2055	1645	1606	4174	1919	1900	3489	3835	3268	4440	1164	1668	1228	1984
YKL096W-A	6899	5216	7019	6135	10508	9670	9514	9032	8321	7765	8167	7189	6353	11526	5688	6235	9040	8067	9125	8577	6233	7138	6495	8683
YKL014C	3318	1359	3205	1731	5479	4004	4794	3485	3590	2472	3672	1589	2136	5373	1056	1208	4637	4479	4295	5947	1330	2049	958	1669
YKR082W	1623	1230	1551	1448	2423	1975	2211	1667	1648	1566	1899	1099	1096	2776	978	1020	2176	1982	1913	2569	715	1005	645	1080
YKR045C	118	96	130	97	265	221	221	180	157	150	185	86	88	259	91	85	222	250	266	334	65	89	40	104
YKL018C-A	66	55	58	51	100	71	103	59	68	80	74	52	70	162	59	42	93	93	88	108	31	42	38	71
YKL126W	1512	2209	1493	2982	2236	1827	1989	1648	1596	2673	1869	2051	1062	2709	2321	2421	1956	1675	1661	2131	668	1012	1320	2097
YKR072C	1437	978	1378	1140	2447	2288	2389	2004	1664	1731	1875	1200	1000	2561	886	927	2549	2156	2553	2921	752	943	871	1230
YKR075W-A	2	3	6	3	12	4	3	4	5	3	5	1	1	7	2	1	3	3	7	5	2	5	2	5
YKL074C	219	128	238	214	345	252	329	239	227	236	263	158	192	454	139	157	350	314	280	366	110	142	117	185
YKL087C	554	446	640	585	984	1064	1009	993	727	592	742	498	332	912	486	506	811	689	1043	1190	375	353	359	648
YKL018W	342	209	357	295	632	450	519	342	386	372	448	278	276	766	266	257	558	482	446	559	188	252	206	332
YKL135C	1410	1574	1429	2118	1846	1478	1686	1344	1453	1726	1849	1217	965	2330	1366	1444	1473	1352	1284	1715	595	856	699	1102
YKL112W	543	439	465	575	790	810	760	713	533	835	715	514	237	570	363	361	634	509	745	998	190	242	279	412
YKR085C	237	101	266	140	459	408	382	355	305	200	321	140	200	539	153	178	333	280	454	491	187	164	108	193
YKR102W	510	436	520	620	1231	1055	1013	949	749	655	738	634	335	834	507	599	860	995	1225	1742	259	405	412	582
YKL217W	88	134	116	245	186	225	170	205	158	352	146	348	78	182	206	192	126	118	248	282	56	79	219	364
YKR044W	471	343	506	380	824	727	849	605	552	514	622	422	314	794	240	250	820	630	669	788	272	351	210	393
YKR080W	257	260	276	372	508	897	411	600	290	422	290	301	309	538	314	302	832	575	945	776	126	178	221	296
YKL065W-A	1	2	0	1	0	0	0	0	0	1	1	2	1	1	0	0	1	0	0	0	1	0	0	0
YKL156C-A	0	0	1	1	0	0	1	0	0	0	0	0	0	1	0	0	1	0	0	1	0	0	0	0
YKR068C	260	242	281	310	460	364	395	258	286	320	331	231	222	520	282	278	453	364	314	371	149	216	183	295
YKR027W	1111	484	1161	677	1755	1148	1620	1129	1328	678	1552	466	684	1882	411	432	1642	1274	1049	1364	613	855	295	388
YKL081W	7437	3069	8041	3523	14106	8497	12553	8117	10120	5268	9866	3839	5268	12363	1966	2153	11088	10755	7899	10602	4467	6354	1970	3743
YKR022C	209	130	172	199	254	198	211	196	189	160	191	126	142	404	172	168	283	230	272	280	84	147	101	171
YKL083W	2	3	2	3	2	2	7	3	3	4	4	2	2	3	0	1	6	0	5	2	1	2	0	0
YKL198C	624	358	606	434	1557	1012	1309	951	842	628	838	496	414	1129	389	425	1275	1349	1303	1764	352	470	289	498
YKR007W	305	177	316	237	510	328	450	282	355	263	409	208	255	643	226	233	495	422	371	396	146	239	148	236
YKR078W	451	232	382	284	593	420	609	372	482	356	620	258	265	678	224	204	507	448	372	458	161	235	124	176
YKR001C	2559	2362	2532	2834	4385	3604	3697	3112	2725	3091	3164	2304	1752	4037	1864	1951	3815	2899	3151	3738	1250	1682	1362	2148
YKR025W	164	93	162	106	338	216	278	190	147	166	171	78	129	426	102	98	286	320	268	372	58	80	62	122
YKL124W	195	230	214	302	367	378	335	340	228	307	276	234	159	323	243	271	361	315	391	630	94	144	140	224
YKR095W	2540	1493	2609	2086	4243	2948	3674	2722	2612	1990	3182	1460	1989	4686	1635	1703	4236	4040	3305	4663	1192	1734	910	1586
YKL129C	1906	2449	1953	3041	3996	3564	3432	3288	2367	3174	2903	2266	1322	3302	2119	2387	3358	2978	3384	4406	940	1364	1291	2074
YKL100C	1272	822	1388	1042	2193	1497	2058	1382	1674	1207	1812	1030	762	1794	652	698	1600	1477	1432	2176	601	923	527	851
YKL041W	78	55	72	80	127	91	126	88	76	72	100	57	66	224	79	74	164	152	143	133	32	60	31	75
YKL221W	3	2	3	5	6	8	5	4	4	2	3	2	6	10	4	4	2	6	12	8	1	1	2	3
YKL031W	7	4	1	2	4	0	4	0	4	1	6	1	4	6	0	2	1	3	1	7	3	0	0	2
YKR074W	377	232	377	282	513	347	492	334	452	321	476	242	360	760	260	271	512	448	317	371	172	270	155	259
YKL138C	152	96	185	120	285	238	293	255	223	145	239	104	65	225	76	67	175	150	217	245	85	100	50	118
YKL063C	289	181	310	226	449	298	446	270	333	236	412	181	203	546	196	178	496	366	356	348	116	206	118	162
tK(UUU)K	10	12	17	16	10	14	11	6	25	6	16	10	8	17	9	12	7	11	12	22	3	7	6	10
YKL024C	717	370	696	451	1039	630	1003	586	664	482	771	362	497	1287	260	301	987	882	654	791	337	466	246	398
YKL086W	2	15	10	12	14	65	14	57	4	6	1	14	4	2	9	19	9	12	74	86	1	0	8	8
YKL073W	874	733	874	1011	1245	889	1090	841	866	842	942	691	640	1669	757	792	1142	1033	1068	1406	370	570	386	747
YKR006C	543	363	596	478	721	713	726	625	639	450	633	273	261	864	354	309	474	466	594	658	262	277	155	335
YKL034W	595	522	641	717	1077	910	981	893	724	709	807	578	382	973	462	498	865	824	952	1380	278	426	322	536
YKL118W	5	7	2	6	6	5	5	10	6	4	5	3	0	5	5	2	3	1	4	4	3	2	2	1
YKL104C	2862	6790	3034	8515	5300	5721	4741	5162	3448	9659	3572	7378	1706	4492	6158	6960	3720	3072	4651	4981	1487	1863	4915	7529
YKL191W	1120	438	1086	590	1994	1465	1755	1221	1309	858	1334	694	742	2142	431	463	1531	1538	1482	2006	611	832	368	753
YKR042W	10008	6417	10262	6908	17630	15447	16768	15867	14229	14577	13198	13398	7241	16129	5870	6451	15316	16282	16210	20538	6929	9063	7942	11538
YKR013W	8895	5552	8552	6194	6113	8410	5167	7730	10764	15875	12117	13968	5947	13179	5091	5312	3747	2323	6084	6255	6585	7205	10622	14363
YKR101W	69	69	72	79	128	113	103	91	64	96	86	66	57	137	97	78	156	151	154	212	28	49	57	90
YKL039W	1209	973	1322	1316	2321	2062	2054	1878	1459	1386	1653	1114	878	2163	962	989	1881	1819	2145	3088	725	903	648	1078
YKL214C	152	95	184	133	295	176	284	181	168	150	226	113	160	469	109	110	300	243	222	226	88	142	73	144
YKL155C	233	221	276	245	459	510	468	455	262	296	345	246	127	435	208	210	364	350	502	805	132	160	150	220
YKL116C	495	794	496	1032	785	618	688	570	559	859	620	638	358	839	717	760	714	589	615	857	241	343	423	643
YKR089C	1130	1325	1172	1814	1577	1355	1505	1195	1327	1639	1387	1241	837	2121	1442	1484	1294	1372	1391	1958	558	750	680	1135
YKR018C	1213	1001	1253	1344	2200	1770	1858	1438	1303	1251	1497	1033	875	2255	958	1006	1783	1776	1757	2271	587	846	627	980
YKR079C	891	468	936	541	1556	1388	1441	1240	946	730	1111	515	692	1561	452	433	1493	1347	1654	2298	449	578	319	596
YKL153W	0	0	0	1	3	0	0	1	0	2	1	1	1	4	0	2	0	0	0	0	0	0	0	0
YKL027W	156	97	176	127	251	212	242	175	132	122	174	97	152	508	114	108	290	355	263	435	84	104	64	127
YKL100W-A	2	0	2	1	8	0	0	4	1	0	0	0	0	2	0	0	1	0	3	2	0	1	0	1
YKL035W	2947	4849	2958	5875	4013	3336	3718	3155	3410	3172	3577	2870	1581	3854	4494	4781	2829	2333	2741	2937	1274	1829	1563	2283
YKL084W	293	252	313	324	448	392	489	419	362	387	429	288	150	455	179	206	366	232	353	382	168	221	242	342
YKL207W	570	319	598	418	931	714	853	637	610	477	626	379	417	1133	326	329	841	965	770	1112	377	470	232	513
YKR066C	1202	582	1210	703	2624	2372	2545	2244	1596	974	1805	826	844	2103	491	569	2120	2367	2140	3356	760	991	434	733
YKL117W	1239	1138	1298	1527	2078	1798	1892	1640	1416	1649	1524	1214	842	1866	970	1060	1664	1522	1458	1655	580	747	757	1289
YKL140W	809	594	793	684	1391	999	1270	928	1006	757	1080	580	549	1367	550	556	1176	1066	1041	1522	375	567	348	562
YKL007W	676	777	703	944	1193	970	1043	875	766	1101	896	833	463	1113	611	655	958	796	729	859	337	455	454	749
YKL051W	1714	1176	1889	1299	3323	2690	3227	2471	2488	1828	2660	1462	811	2440	752	876	2405	2038	2355	2929	920	1471	776	1175
YKL022C	190	201	185	260	407	328	313	293	221	262	308	183	159	439	213	202	387	365	387	491	97	131	76	188
YKL021C	554	271	514	365	801	635	726	516	534	503	572	333	384	1000	252	257	678	612	581	805	196	275	215	369
YKL148C	614	765	748	1133	1602	1925	1444	1674	949	1232	1000	1200	273	864	711	681	817	705	1426	1565	390	342	542	908
YKL038W	714	558	676	727	1625	1503	1438	1312	1062	866	1012	649	471	1231	566	661	1433	1637	1619	2454	377	536	389	547
YKL125W	390	242	388	284	671	628	584	493	347	473	417	320	300	840	271	316	696	867	851	1156	194	290	254	452
YKL048C	195	162	174	228	270	290	238	188	172	274	252	172	137	360	141	154	270	265	266	377	97	118	98	182
YKL053W	21	33	16	40	19	11	6	9	21	21	22	14	3	15	14	19	12	9	6	14	3	5	9	12
YKR093W	4952	1990	4974	2399	8978	6530	8434	5985	6068	3251	6779	2882	4004	8318	1424	1574	9168	7932	6327	8868	2944	4306	1390	2184
YKL201C	437	622	470	815	859	641	767	596	526	669	565	571	243	622	442	446	630	514	600	734	192	232	273	380
YKL123W	72	79	72	108	124	134	124	131	81	111	100	84	47	95	87	79	128	106	130	202	28	55	48	66
YKL224C	0	0	1	0	1	2	0	1	1	0	0	2	0	0	1	0	1	2	2	6	0	0	0	0
YKL077W	1812	948	1960	1209	2709	1932	2501	1707	1960	1308	2158	999	1560	3744	1020	1085	2836	2700	2255	3113	1114	1450	721	1205
YKR103W	148	112	163	157	352	281	313	197	212	191	186	129	120	275	135	118	216	291	271	476	69	104	78	138
YKR104W	63	30	52	46	125	119	97	74	58	73	69	48	42	96	47	42	78	86	128	173	31	40	26	42
YKR024C	584	750	539	1051	865	832	822	669	537	596	608	376	329	939	918	1060	776	797	940	1059	246	326	254	423
YKR056W	859	562	790	676	1199	1091	1090	924	796	896	868	555	452	1297	467	466	984	886	934	1135	307	403	336	572
YKL203C	2200	1622	2051	2121	4362	3857	3791	3500	2326	2302	2735	1662	1479	3489	1389	1457	3872	3820	3982	5637	1026	1477	1065	1653
YKR054C	1892	1734	1845	2530	3853	3273	3320	2793	2256	2620	2401	1841	1449	3469	1977	2048	3334	3440	3537	5021	960	1313	1200	2008
YKR057W	409	256	479	231	710	524	565	393	423	206	341	183	295	770	69	80	520	605	272	294	173	222	63	123
YKL133C	84	119	83	181	156	147	108	132	99	185	78	126	48	128	133	144	113	102	140	169	32	44	80	101
tH(GUG)K	0	0	0	0	0	0	0	0	0	0	0	0	0	1	0	0	0	0	0	0	0	0	0	0
YKL122C	682	442	614	495	889	641	828	582	725	564	850	407	483	1115	440	423	870	634	554	482	284	356	298	348
YKR100C	284	239	300	310	488	457	470	377	337	326	376	247	224	561	279	295	547	509	526	780	126	223	173	275
YKR083C	32	24	30	31	43	29	45	29	28	20	38	11	35	91	24	26	45	49	41	32	16	24	27	19
YKL225W	0	0	0	0	0	0	0	0	0	0	0	1	0	0	0	1	0	0	0	1	0	0	0	0
YKL189W	523	1965	444	2463	526	396	488	311	441	2923	571	2339	306	785	1672	1749	416	316	324	409	189	252	1444	2168
YKL113C	44	64	41	72	83	81	77	64	41	52	56	40	44	179	89	81	120	111	106	120	42	43	37	60
tV(AAC)K2	1	1	1	2	2	5	0	3	1	1	2	0	1	4	1	0	0	2	0	1	0	0	0	0
YKL213C	715	692	725	992	1287	959	1112	776	736	974	868	759	516	1381	741	778	1062	990	909	1179	362	528	465	799
YKL154W	363	204	350	268	517	358	516	340	378	334	432	250	256	696	254	269	510	487	432	524	182	258	208	321
YKR063C	166	86	149	119	247	192	201	164	142	141	195	66	107	328	85	72	248	230	184	300	78	98	49	102
YKL163W	2532	1207	3551	1298	7061	6097	6962	6008	4582	1685	4493	1432	891	2931	576	728	3428	2260	3797	3735	1805	1465	655	798
YKL174C	864	697	881	919	1312	1027	1199	966	993	1040	1062	812	514	1316	600	662	964	887	996	1329	435	572	469	761
YKL134C	133	129	140	186	296	265	256	254	141	200	182	151	103	252	157	168	261	291	299	507	81	91	99	141
YKR011C	211	907	281	1184	396	447	372	412	285	918	334	672	164	402	886	871	303	180	259	318	95	98	365	600
YKL005C	334	236	307	310	474	388	450	345	331	360	420	274	252	620	276	267	490	374	454	548	142	207	143	268
YKL069W	164	180	127	196	251	214	247	196	179	195	184	143	115	305	194	174	260	202	178	212	87	108	101	174
YKL006W	2377	1160	2678	1356	3974	2491	3393	2148	2759	1561	2507	1136	2675	7299	991	1038	4063	4319	2989	3067	1919	2502	943	1828
YKL187C	272	244	274	288	461	392	436	379	442	350	457	269	167	402	168	170	402	315	388	504	150	216	138	181
YKL111C	2	1	0	2	3	2	1	1	1	2	0	1	1	1	0	1	2	0	2	1	0	0	0	0
YKR035W-A	51	52	48	63	67	47	42	46	45	46	49	32	62	199	83	73	102	116	69	76	26	29	30	67
YKL182W	34368	18888	32049	22120	55037	39430	47650	36309	39522	25661	40693	20399	29363	56606	14465	16156	51566	49454	35246	42488	19129	27785	10324	17844
YKL099C	234	95	253	136	316	250	308	167	225	150	270	96	192	538	127	126	402	310	274	373	98	130	67	144
YKL179C	972	918	1024	1183	1425	1088	1442	969	1072	1058	1356	838	730	1655	846	940	1289	1103	1023	1411	376	618	473	801
YKL047W	217	132	233	197	438	314	383	258	235	301	304	198	168	462	164	141	350	354	309	429	104	161	129	181
YKL049C	50	46	64	75	76	47	71	53	58	100	58	52	44	137	67	73	80	82	69	69	26	37	33	55
YKL220C	64	40	67	58	106	95	104	118	94	98	63	70	44	138	40	47	96	119	132	224	31	55	34	75
YKL183W	203	219	182	274	277	300	296	263	212	396	281	315	110	338	174	216	276	258	292	388	98	115	166	305
YKL181W	1695	873	1744	1165	2475	1780	2165	1557	1743	1450	1775	958	1408	3383	765	773	2329	2244	1947	2487	886	1244	622	1204
YKL088W	271	226	261	289	475	319	410	284	279	244	308	180	233	683	247	300	520	529	434	548	148	208	127	229
YKL209C	6409	5710	6168	7367	3165	2096	2520	2007	6329	5621	7071	4633	5708	12071	6936	7086	2533	2327	2026	2607	3218	4585	2800	4843
tL(CAA)K	9	5	10	8	15	7	12	7	5	5	2	13	1	16	2	3	9	7	2	9	1	6	3	3
YKR019C	266	205	231	248	369	257	341	242	239	285	314	176	167	473	187	201	369	326	323	425	126	163	123	203
YKR012C	2	3	5	4	11	6	17	8	1	1	5	0	2	10	3	3	10	23	15	18	3	2	1	0
YKL166C	147	114	131	138	203	152	198	150	126	138	154	86	122	416	174	127	230	261	198	230	75	92	58	126
YKL016C	1709	1516	1922	1727	2976	3013	2809	2571	1998	1998	2136	1659	1003	2679	1346	1370	1984	1432	2272	2340	998	1072	1310	1926
YKR086W	737	472	710	651	1288	973	1112	905	760	639	916	468	514	1229	458	438	1262	1167	1124	1578	305	493	304	468
tR(ACG)K	2	0	0	0	4	5	2	3	0	2	1	0	0	1	0	0	1	0	2	4	1	1	1	2
YKL141W	882	706	1004	882	1590	1514	1462	1366	1083	1079	1301	977	502	1521	708	864	1253	1043	1355	1474	696	712	832	1128
YKL065C	654	1066	651	1256	1138	1084	1000	1055	781	1453	857	1225	563	1447	1351	1506	1129	979	1172	1455	361	495	942	1429
YKL013C	924	939	932	1290	1410	1106	1299	980	950	1185	1026	994	694	1778	1080	1114	1308	1082	993	1198	511	695	792	1274
YKL040C	135	110	148	162	310	194	266	148	188	175	171	145	130	355	102	122	295	292	203	260	66	100	78	144
YKR061W	184	513	220	816	248	344	257	271	221	867	179	645	131	378	721	700	192	173	318	354	88	98	417	666
YKL096W	96	240	117	344	535	943	557	786	171	808	157	538	66	186	282	272	436	280	903	874	69	73	348	560
YKR050W	508	529	542	728	981	932	883	844	761	747	723	599	472	1124	623	682	979	1030	1213	1588	315	457	382	598
YKL170W	120	66	153	89	180	159	172	122	120	103	135	66	65	254	73	70	171	128	150	181	78	78	48	114
YKR046C	1692	3074	1904	4005	4095	4998	3645	4557	2391	5113	2519	4541	1013	2596	3554	3827	2964	2753	4969	5992	1151	1319	2941	4829
YKL210W	4787	4613	4829	5827	8820	7507	7502	6716	5351	6070	5954	4600	3529	8408	4287	4718	7681	7004	7709	9350	2796	3384	2768	4693
YKR002W	400	349	424	483	764	603	672	534	461	457	542	344	378	865	398	433	692	615	642	754	218	287	215	376
YKL015W	672	536	683	709	1157	1008	964	958	793	699	952	539	495	1107	420	498	983	784	1025	1251	263	365	274	457
snR87	44	19	41	33	76	51	82	58	52	65	49	31	44	110	24	32	71	55	77	90	28	41	25	46
YKL009W	732	287	705	390	1026	780	926	666	697	541	732	373	695	1839	340	297	1198	1146	912	1163	402	580	318	619
YKL108W	164	244	160	322	225	221	219	192	161	231	236	178	131	303	215	247	209	165	213	260	75	113	94	151
YKR097W	214	89	164	161	780	786	700	763	534	202	296	182	65	229	111	118	313	245	341	214	90	183	81	183
YKL071W	66	21	80	26	87	51	83	53	88	58	77	29	37	123	25	15	67	61	48	54	31	52	19	34
YKL075C	160	90	162	128	234	178	209	151	134	137	176	124	129	324	101	98	264	180	160	209	58	100	79	120
YKL206C	338	293	312	410	594	461	523	425	368	489	427	371	288	782	301	316	553	474	411	478	184	278	247	438
tD(GUC)K	2	1	1	0	0	0	0	0	2	2	2	1	0	1	0	0	1	1	0	1	1	1	0	2
YKL195W	431	335	513	482	825	778	708	637	495	384	528	326	364	897	437	466	698	734	927	1298	266	259	221	352
YKL130C	176	124	166	171	221	198	227	162	179	186	207	113	109	277	127	142	212	150	150	189	78	88	80	149
YKL064W	1262	1471	1268	1864	1976	1564	1704	1372	1298	1648	1557	1326	947	2235	1476	1522	1796	1700	1821	2378	508	864	838	1286
YKR026C	555	348	583	416	955	670	817	568	576	540	656	364	342	945	284	274	694	611	596	660	221	348	264	407
YKL076C	6	3	12	12	21	15	11	11	10	12	10	6	12	37	11	10	22	24	16	22	8	10	4	16
YKL188C	124	175	179	197	236	187	220	198	150	168	208	152	112	269	156	164	226	176	201	250	62	95	77	116
YKL196C	1312	1021	1304	1250	2056	1508	1796	1397	1382	1419	1462	952	1006	2476	1110	1091	2035	1512	1570	1766	741	938	891	1360
snR42	2417	2028	2421	2276	3671	2951	2959	2788	2665	2478	2245	2278	1798	3003	1203	1658	2302	2503	2158	2194	1245	1482	1352	1822
YKR105C	2	2	1	5	4	4	3	4	1	8	3	3	1	1	2	5	2	0	2	5	1	2	3	2
YKL109W	1296	1206	1426	1527	3188	3925	3273	3819	1921	2203	2045	1420	710	1923	614	841	2567	1755	2685	3437	524	833	555	733
YKR071C	924	903	1087	1027	1694	1478	1478	1250	1127	1271	1220	980	654	1777	854	853	1603	1267	1383	1822	469	598	612	974
YKL168C	596	501	585	608	1056	830	1089	742	699	593	744	455	292	848	441	480	858	749	806	1104	250	404	283	470
YKL102C	0	1	0	0	0	0	0	0	0	1	0	1	0	1	1	0	0	0	0	0	0	0	0	1
YKR090W	559	550	470	660	857	680	810	606	598	775	705	567	305	782	489	471	814	545	662	825	228	357	293	540
YKR036C	555	318	636	365	1042	870	905	710	574	349	736	292	414	1120	295	319	1121	1020	948	1438	243	393	174	269
YKL202W	0	0	1	0	4	0	1	1	1	0	0	0	0	4	1	0	1	1	2	0	0	3	0	2
YKR084C	713	586	742	796	1261	886	1016	770	749	686	812	496	648	1682	562	604	1188	1131	984	1212	367	532	325	561
YKL216W	1111	951	1388	1029	1816	1108	1682	996	1353	1555	1258	989	777	2610	1013	1080	1448	1372	1149	1480	757	782	1088	1655
YKR055W	317	292	313	340	565	532	492	445	336	413	383	297	175	444	215	205	409	294	412	510	120	164	164	246
YKL219W	278	257	292	392	480	343	446	298	344	358	348	287	194	556	297	336	406	388	366	493	143	215	170	314
YKL020C	2065	1752	2035	2180	3331	2443	3118	2294	2318	2221	2755	1648	1368	3468	1469	1603	2965	2612	2509	3599	1007	1411	870	1472
YKL178C	4	71	5	106	6	8	5	4	1	11	13	8	4	7	88	115	8	3	12	2	2	5	7	10
YKL067W	36	48	53	62	79	75	56	79	50	50	32	36	38	80	51	45	55	40	55	46	13	24	25	50
YKL097C	0	0	0	1	0	1	0	0	0	0	2	0	0	3	1	2	0	0	1	1	0	0	0	2
YKL095W	169	112	206	168	267	189	243	206	178	158	192	135	81	245	108	98	228	205	217	263	70	91	62	120
YKR031C	1545	1197	1506	1596	2542	1964	2234	1697	1500	1549	1742	1180	1158	2795	1203	1212	2453	2400	2190	3178	708	1012	818	1212
YKL036C	1	0	0	0	0	0	0	0	0	2	0	0	2	2	1	0	0	1	1	3	0	0	0	1
YKR088C	551	342	640	496	905	639	820	569	657	494	696	391	436	1114	354	393	888	799	713	914	332	439	278	481
YKL151C	93	111	106	153	217	190	180	136	121	156	142	120	81	244	160	186	202	201	249	315	74	88	110	202
YKL105C	1040	706	1072	899	2142	1600	1976	1440	1268	1030	1596	742	687	1665	667	668	1901	1604	1667	2865	424	697	366	607
YKL169C	12	12	10	19	44	40	38	36	20	20	19	18	9	17	15	12	25	28	32	57	4	6	9	13
YKL150W	1694	1683	2028	2377	3644	3787	3424	3332	2199	2594	2448	2191	1121	2908	2040	1918	2742	2186	3429	4076	1074	1101	1481	2352
YKL023C-A	360	208	298	224	526	372	480	333	350	337	405	228	172	474	110	116	340	317	259	310	140	172	109	178
YKL138C-A	26	29	31	32	45	32	20	32	28	25	38	27	36	96	36	47	64	54	78	71	21	25	24	42
YKL082C	285	110	327	116	413	298	386	263	258	168	271	107	224	652	128	138	515	525	418	522	130	190	104	124
YKR070W	338	315	343	330	594	481	519	452	366	343	397	281	290	728	306	302	620	594	542	760	210	261	171	313
YKR021W	871	660	754	853	1468	1422	1259	1275	926	955	1124	672	622	1359	613	594	1368	1213	1422	1736	422	597	408	642
YKR016W	616	488	671	756	1150	948	956	802	656	748	728	511	424	1195	593	509	936	944	940	1273	250	349	283	473
YKR033C	1	0	0	0	0	0	0	0	0	0	0	0	0	0	0	0	0	1	1	2	0	0	0	1
YKR059W	6570	3966	6898	4510	9464	6912	7147	6065	7143	4909	7479	4070	5181	13924	3068	3490	8696	8130	6649	7474	3905	4928	2734	4553
YKR069W	140	408	150	453	253	268	258	212	150	395	183	332	109	222	260	286	250	273	257	390	62	98	139	302
YKR053C	64	94	73	122	188	149	175	104	118	200	125	154	50	128	103	115	147	158	158	245	50	54	91	179
YKL218C	273	500	274	692	635	1006	549	766	378	1103	417	868	235	475	406	419	672	395	836	666	126	204	459	738
YKL167C	78	72	120	80	170	178	160	134	106	90	133	69	63	164	58	72	130	114	117	141	62	66	49	101
tE(UUC)K	1	2	1	3	2	2	0	2	2	0	2	2	0	1	1	0	0	0	0	0	0	0	0	1
YKL142W	416	747	460	1077	706	602	644	568	558	1019	577	794	324	788	846	865	463	344	421	416	158	227	433	738
YKL011C	124	117	130	151	173	146	154	123	147	148	180	92	72	252	114	96	130	106	118	143	53	88	55	78
YKL160W	562	443	654	572	880	705	795	633	636	622	668	460	588	1481	608	574	1062	817	841	933	411	499	418	743
YKL144C	108	71	120	91	192	163	201	143	133	142	142	93	90	278	76	89	201	146	183	205	64	80	68	123
YKL055C	106	113	101	108	188	143	150	117	135	133	142	111	83	198	95	88	146	139	138	192	73	71	58	90
YKR043C	1111	840	1169	989	2049	1458	1850	1262	1332	1278	1402	945	905	2241	698	792	1860	1797	1334	1691	678	927	550	993
YKR039W	278	260	294	315	1125	980	881	848	489	479	434	446	310	752	308	362	1830	1870	1431	2372	239	441	232	411
YKL019W	517	417	524	541	821	635	715	484	579	524	600	397	330	1062	412	424	739	693	589	754	336	400	293	454
YKL184W	1326	1051	1285	1430	2434	2010	2167	1746	1544	1492	1604	1150	855	2058	913	975	1790	1724	1809	2357	614	843	542	941
YKR029C	422	390	450	470	741	501	646	495	446	433	600	310	281	736	394	390	685	643	548	740	188	285	194	294
YKL176C	2197	1690	2076	2161	3151	2745	2782	2427	2413	2335	2866	1796	1451	3433	1530	1676	2677	2419	2790	3663	1127	1525	1094	1797
YKL033W-A	782	558	820	694	1374	1040	1242	926	817	703	896	574	722	1919	596	645	1403	1317	1168	1280	533	726	486	772
YKL090W	123	101	126	142	219	149	160	124	142	135	148	99	82	252	108	106	171	195	208	271	45	75	56	93
YKR041W	8	16	14	30	18	33	17	24	9	32	13	33	7	26	22	44	16	25	29	47	5	7	16	29
YKL010C	1578	1434	1671	1783	3145	2657	2714	2394	1813	2110	2073	1474	1134	2784	1169	1305	2626	2571	2501	3627	791	1086	866	1455
YKL032C	937	1410	864	1668	1622	1548	1502	1431	1060	1609	1177	1316	585	1673	1257	1436	1557	1528	1865	2611	488	586	934	1295
YKR051W	132	86	144	116	173	202	201	162	162	148	180	98	88	301	110	118	224	198	241	306	69	125	81	167
YKR098C	334	574	416	789	737	536	686	499	369	767	465	644	175	483	570	601	490	445	568	1031	153	186	339	548
YKL175W	1575	1078	1641	1425	2614	2176	2417	1948	1834	1651	1980	1330	1042	2778	1109	1280	2398	1984	2436	2919	932	1246	943	1605
YKL120W	372	250	360	337	611	748	504	578	369	480	449	332	342	888	314	306	974	798	1088	1240	256	327	268	434
YKL222C	387	312	411	417	642	588	582	517	500	515	594	348	307	687	280	302	608	460	586	770	199	235	189	290
YKL092C	439	405	432	534	751	512	684	495	484	502	611	351	339	778	400	407	675	634	586	842	199	311	233	376
YKL068W	661	343	628	394	1024	823	964	714	703	565	850	355	457	1263	292	316	1021	1054	983	1292	331	421	242	421
YKR009C	343	349	352	400	562	586	498	496	415	548	454	369	200	554	268	296	423	285	483	422	183	232	312	390
tA(AGC)K2	0	0	0	0	0	0	0	0	1	0	0	0	0	0	0	0	0	0	1	0	0	0	0	0
YKR028W	1076	759	1095	1012	1782	1428	1507	1248	1050	1115	1228	774	870	2138	746	840	1850	1744	1785	2390	557	791	549	967
YKR076W	139	236	112	360	314	380	284	325	178	413	191	319	148	268	281	290	252	261	394	484	84	94	178	315
YKR106W	50	36	28	42	49	50	53	52	42	33	56	28	24	93	43	47	66	54	119	124	27	31	21	30
YKL197C	438	337	417	471	736	650	695	560	447	484	450	342	280	735	285	337	716	642	677	966	159	252	193	303
YKL152C	9192	8150	9356	9611	14570	11305	12108	10193	9907	9978	9731	8689	8439	16223	7428	8330	13096	13991	9892	10284	6072	8203	5882	9492
YKL093W	89	84	95	112	234	239	262	201	118	130	104	111	61	138	92	110	209	127	215	269	52	53	77	102
YKL080W	3628	2786	3624	3382	5356	4027	4939	3653	4206	3619	4893	2876	2392	5509	2078	2325	4230	3874	3267	4122	1673	2526	1527	2435
YKL185W	1476	2530	1334	2954	2679	3058	2260	2784	1819	2876	2013	2417	849	2266	2980	3149	2528	1761	2965	2873	892	1076	1791	2471
YKR081C	380	156	343	181	458	361	385	282	313	239	323	144	365	962	164	144	560	607	482	582	150	231	129	254
YKR035C	19	11	7	4	25	12	16	7	12	10	11	9	10	22	4	6	16	11	19	28	4	5	1	4
YKL101W	1592	2846	1539	3786	2744	3425	2253	2998	1851	3109	1772	2417	1309	2496	3298	3524	2151	1956	3455	4720	959	1064	1717	2373
YKR008W	586	468	599	572	826	595	738	489	554	610	730	402	424	1034	454	490	759	672	594	789	276	382	275	508
tW(CCA)K	4	2	2	5	7	4	4	4	4	4	3	8	2	12	2	2	0	3	1	2	3	2	1	2
YKL056C	7047	3901	7399	4293	9661	6807	8785	6368	7685	5211	7490	4218	5998	11901	3087	3581	8981	8285	6511	7548	5095	6380	3857	5436
YKL156W	2270	906	2114	1058	2997	2206	3079	2102	2330	1688	2571	1345	1730	3808	890	882	3028	2228	2070	2198	1294	1722	1188	1644
YKL162C	167	130	154	177	277	284	214	196	174	208	244	155	98	312	132	134	213	180	221	268	76	90	98	165
YKL192C	3380	2108	3468	2584	4924	4726	4942	4395	4038	3010	4102	2596	1954	4045	1839	1923	3435	2845	3721	3996	2341	2536	1851	2731
YKR064W	511	437	565	526	925	798	871	721	550	620	641	419	378	907	375	380	865	738	772	1062	237	342	220	434
YKL017C	287	264	294	303	420	328	401	274	313	330	387	239	158	496	215	233	397	343	349	441	131	181	167	226
YKL204W	881	1026	1007	1266	1891	1394	1657	1317	1194	1306	1254	1003	681	1788	882	1015	1622	1707	1557	2264	553	674	578	966
YKL190W	140	136	150	206	256	177	182	130	128	162	167	106	104	338	136	130	243	219	149	190	59	91	73	133
YKL211C	1246	839	1282	1090	2567	1930	2145	1622	1526	1430	1643	1091	861	2303	669	770	2077	1758	1693	1884	660	862	579	975
YKL115C	43	75	40	90	73	74	62	46	48	86	45	62	24	74	39	52	53	49	59	90	18	30	26	42
YKL107W	7	33	9	40	18	22	12	19	15	45	6	38	6	13	36	33	13	11	18	18	4	6	15	36
YKL127W	812	1668	837	2027	1465	1394	1357	1213	920	6759	1067	5017	465	1420	1572	1698	1099	931	1242	1569	424	535	3426	5761
YKL165C-A	24	16	18	22	32	22	39	27	23	28	34	12	14	32	16	12	24	18	22	34	5	14	4	13
YKR049C	187	186	217	261	381	392	368	310	239	401	241	282	171	488	332	311	381	277	398	453	153	241	288	494
YKL052C	159	137	201	165	308	265	275	200	156	150	185	135	172	405	155	177	319	352	344	419	129	150	112	174
YKL053C-A	177	77	227	102	426	421	374	356	227	197	210	141	139	330	92	90	369	323	399	393	132	142	142	196
YKL121W	626	982	617	1207	1086	863	1144	866	758	1076	904	831	388	880	765	815	878	738	863	1229	257	372	431	654
tN(GUU)K	1	1	2	1	2	0	0	1	2	0	0	0	0	2	0	0	0	2	0	0	0	0	1	0
YKL050C	84	93	87	123	186	181	157	129	107	120	123	101	53	206	114	120	160	186	195	284	47	66	68	108
YKL194C	256	219	293	295	532	598	499	527	341	313	390	221	153	409	195	192	364	351	560	873	154	176	137	218
YKR037C	118	87	108	160	159	141	144	114	129	180	120	126	62	189	124	120	142	126	139	160	49	76	90	160
YKL059C	361	272	347	308	561	409	472	380	384	321	435	274	181	556	179	207	444	406	398	520	152	202	138	231
YKL205W	2322	1108	2245	1323	3693	2668	3333	2411	2316	1949	2780	1324	1310	3445	844	866	3056	2836	2637	3861	886	1397	744	1271
YKL137W	206	108	244	117	348	292	310	301	272	165	316	126	106	264	80	85	217	168	246	246	102	115	69	126
YKR015C	5	5	2	3	9	13	5	10	5	3	2	4	2	7	1	6	6	6	13	10	1	3	2	4
YKL146W	719	788	775	996	1691	1558	1383	1407	929	1122	986	935	564	1471	837	944	1386	1318	1810	2438	460	615	641	1036
YKR003W	642	990	618	1325	1013	890	945	803	661	1426	928	1023	572	1408	1068	1042	977	947	799	1142	340	477	586	976
YKL028W	355	239	354	337	554	375	445	373	334	335	427	246	303	791	328	362	589	656	559	661	147	215	196	295
YKR010C	152	123	174	186	280	229	223	192	167	195	184	132	142	338	137	152	236	294	239	382	76	115	75	140
YKL193C	571	719	547	1018	934	776	941	684	642	917	796	627	350	903	583	584	764	496	488	572	188	294	334	568
tK(CUU)K	2	0	2	1	6	5	4	1	4	0	5	3	1	5	2	5	4	2	2	2	2	0	2	0
YKL212W	2337	1810	2383	2430	3847	2592	3324	2321	2476	2685	2806	2063	1925	4355	2020	2053	3747	3354	2713	3502	1152	1770	1357	2236
YKL147C	3	2	2	1	7	7	3	5	2	4	1	2	3	4	1	1	3	6	0	4	0	2	0	1
YKL054C	10264	8663	10388	11132	15361	12642	13725	11921	11400	10184	13504	7839	8336	18695	9415	10032	15614	13875	14585	17325	5411	7678	5620	8777
snR38	13	6	6	6	12	8	10	6	8	4	3	6	10	20	4	2	10	16	10	11	6	8	3	3
YKR096W	904	793	933	986	1784	1471	1685	1337	1058	1179	1326	867	720	1708	692	750	1636	1471	1439	2124	448	662	505	803
YKL006C-A	216	117	233	161	323	270	276	210	228	168	235	131	122	396	117	136	314	273	260	269	102	143	85	136
YKL164C	665	1114	762	1263	2415	5462	2158	4930	1436	3035	1325	1961	350	888	598	714	1830	846	3766	2781	408	506	946	1265
YKL145W-A	90	92	102	124	192	137	154	116	92	120	110	84	72	170	78	100	148	138	140	146	44	59	39	82
YKL026C	132	55	129	64	202	140	189	134	140	86	135	60	51	168	29	48	118	92	74	80	27	72	36	49
YKL044W	235	185	232	244	282	140	272	158	348	305	380	236	57	246	107	123	148	98	115	138	76	116	87	124
YKL089W	123	270	137	340	226	198	181	171	131	169	159	126	104	269	289	341	231	216	244	298	69	74	110	142
YKR077W	712	742	645	910	1580	1738	1517	1542	923	781	1104	559	336	926	522	539	1161	854	1150	1408	363	487	329	486
YKR095W-A	48	38	46	57	76	71	65	51	48	43	55	33	62	190	71	60	123	124	94	88	28	45	27	44
YKL079W	394	370	395	447	565	553	599	482	428	488	513	328	268	629	258	296	625	516	510	743	133	204	188	337
YKL161C	210	752	187	953	454	620	474	538	233	977	260	634	177	357	691	782	466	337	726	874	104	142	453	628
YKL159C	154	440	136	593	260	228	226	221	157	674	186	479	98	276	373	400	198	156	199	221	83	113	337	585
YKR030W	494	291	523	374	681	518	710	459	566	402	664	344	314	796	253	265	610	533	526	603	280	430	222	320
YKL037W	18	26	14	34	41	41	46	34	40	23	20	20	10	21	20	20	42	24	43	48	6	11	8	17
YKL042W	136	223	113	279	167	118	164	119	128	384	173	242	88	257	198	199	142	102	130	153	50	83	156	269
YKR020W	191	162	214	246	314	247	302	222	210	293	303	219	156	404	212	218	308	226	214	263	100	138	139	193
YKL012W	614	529	572	677	971	729	868	645	654	702	806	455	363	943	434	515	853	662	663	964	213	335	276	433
YKL106W	684	351	611	341	1043	788	897	658	641	560	744	407	474	1284	270	331	1053	849	863	939	386	476	273	478
YKR075C	245	435	363	715	868	1164	731	839	340	583	450	519	185	632	419	574	855	676	934	903	127	213	361	403
YKR065C	684	569	746	772	1157	1138	1152	994	906	887	910	812	408	1047	517	536	834	715	906	1036	455	508	486	756
YKL043W	1174	1140	1262	1370	1685	1047	1668	1087	1950	1686	1808	1262	478	1490	846	914	1062	864	929	1228	469	699	520	880
YKL045W	65	138	55	139	143	134	108	115	69	99	83	77	45	150	104	113	126	116	131	143	41	43	41	72
YKR060W	146	61	160	81	232	172	209	147	139	84	157	65	107	361	63	53	252	225	218	247	67	85	45	83
YKL085W	1072	524	1156	805	1866	1545	1696	1310	1254	828	1384	675	566	1510	490	451	1258	1088	1176	1177	542	578	346	566
YKL165C	846	623	746	917	1159	1056	1099	936	849	915	1052	679	598	1425	661	710	1140	937	1221	1621	452	589	420	794
YKL003C	213	133	232	192	348	291	349	269	256	194	275	143	140	381	119	137	285	223	291	318	139	137	90	170
YKL072W	293	232	272	311	526	362	438	276	285	252	375	168	233	566	265	255	587	482	419	528	132	194	110	215
YKL177W	3	1	0	1	2	6	4	3	1	3	2	3	2	2	0	0	4	1	6	0	0	0	0	3
YKL186C	628	486	641	583	986	785	858	662	668	648	733	528	392	1110	416	436	832	749	707	825	275	408	378	491
snR64	22	11	14	6	26	10	23	9	9	10	12	13	11	22	7	4	17	31	14	6	4	9	4	2
YKR032W	3	2	2	3	0	3	3	1	1	5	0	6	1	0	0	1	0	1	3	1	0	2	0	1
YKL132C	155	74	160	96	241	136	206	104	179	66	174	59	121	356	68	65	202	159	140	182	69	106	35	73
YKL223W	0	0	0	0	0	0	0	0	0	0	0	0	0	0	0	0	0	0	0	0	0	0	0	0
YKL078W	375	120	369	144	575	524	481	345	330	276	324	176	177	600	116	98	498	516	601	823	148	188	93	195
YKL001C	175	552	198	742	417	258	290	242	132	859	185	719	98	243	548	565	156	163	232	384	84	77	395	719
YKR040C	1	0	0	2	0	2	0	0	0	0	0	0	0	0	2	6	0	2	6	4	0	2	8	6
YKL046C	371	382	401	518	737	581	642	515	409	524	419	378	284	815	453	470	637	643	731	961	191	269	282	433
YKR017C	128	108	157	146	248	145	227	139	175	156	210	120	121	287	87	99	218	208	163	228	78	114	73	114
YKL058W	68	41	79	62	91	54	73	50	55	54	57	48	42	131	41	44	88	66	56	65	20	39	25	55
YKL208W	113	150	113	170	164	125	141	135	120	136	122	82	74	205	119	147	140	139	100	134	48	65	66	93
YKR005C	57	38	62	50	94	101	92	105	72	60	86	49	37	91	43	42	66	58	91	126	21	43	30	44
YKR034W	2	4	3	16	6	10	7	8	4	50	8	43	4	6	6	11	8	6	9	14	2	6	32	56
YKL060C	22478	16070	21421	17662	33495	27110	29215	24813	23912	21155	24335	18588	20241	35100	13783	15381	30644	31162	24356	26028	14302	19083	13612	19039
YKL030W	0	0	1	1	2	2	4	0	1	1	2	0	1	3	0	0	1	2	2	2	1	1	1	2
YKL162C-A	11	8	6	20	20	20	30	23	8	13	8	17	3	8	8	9	18	15	18	15	6	9	10	13
YKR091W	396	1616	393	1892	860	883	932	877	535	2007	470	1632	188	522	1254	1340	682	480	697	962	135	219	969	1523
YKL096C-B	0	1	0	1	0	0	0	0	0	0	0	0	0	0	1	1	0	1	0	0	0	0	0	2
YKL171W	576	480	615	755	1003	830	991	713	794	781	850	646	347	892	488	476	764	680	670	974	230	307	313	456
YKL025C	1849	1389	1734	1554	2896	2041	2734	1965	2030	1792	2469	1368	941	2482	974	1113	2214	1796	1873	2617	743	1189	772	1202
YKL023W	149	121	166	189	332	208	274	209	160	186	221	125	127	356	158	136	368	271	310	342	72	110	72	126
tR(UCU)K	1	4	2	1	3	3	6	0	2	1	2	2	0	6	0	1	2	2	2	1	1	1	0	3
YKL215C	983	840	992	1210	1957	1766	1631	1485	1093	1205	1218	880	766	1966	805	926	1779	1773	1717	2395	482	698	450	868
YKL136W	2	5	4	2	5	3	4	3	2	5	4	3	0	6	2	3	5	10	6	3	0	0	2	2
YKL033W	324	293	334	396	572	486	477	400	349	411	396	312	263	618	304	284	556	509	548	734	164	205	188	313
YKR023W	162	102	175	143	263	178	228	185	162	141	237	127	116	369	126	108	305	287	212	280	70	89	67	112
YKR067W	587	450	735	658	1397	1077	1400	979	903	682	968	626	410	1010	486	484	1087	1122	1046	1655	304	464	310	442
YKL098W	162	183	182	259	339	275	294	236	198	334	237	218	106	309	151	194	261	230	297	347	96	128	138	206
YKL114C	208	154	184	222	304	249	256	226	186	192	202	138	131	368	130	140	250	249	189	315	78	91	84	130
YKL145W	895	860	934	1245	1717	1395	1449	1192	981	1160	1012	838	733	1821	922	902	1507	1299	1341	1469	470	593	482	833
YKL057C	1565	876	1387	1183	2272	1679	2072	1502	1605	1427	1930	1024	994	2426	780	807	1972	1726	1597	2169	684	978	598	1043
YKL106C-A	8	6	5	8	10	3	8	12	4	10	6	6	5	5	2	4	3	6	13	4	2	3	1	6
YKL128C	798	925	766	1414	1192	904	1121	747	801	2770	818	2534	563	1404	1141	1062	1011	828	787	807	341	525	1676	2626
YKL008C	588	346	500	435	773	422	761	394	676	374	772	271	374	1061	298	321	987	793	489	682	256	558	176	314
YKL029C	2174	900	1895	949	4799	5442	3918	4633	2571	1690	2948	1256	2108	4648	839	981	6874	6108	6772	6812	1687	2246	890	1502
YKR047W	37	15	20	6	40	30	56	20	41	22	40	17	14	50	10	9	23	31	25	34	12	18	6	19
YKL066W	16	26	17	28	39	26	28	26	22	28	19	20	18	45	22	24	34	26	26	20	10	10	12	28
YKL119C	200	112	185	162	291	180	301	206	163	166	229	118	106	268	91	93	242	206	146	170	81	102	66	110
YEL041W	21	46	29	78	71	70	64	64	27	43	48	46	31	71	52	57	51	61	65	112	15	17	33	50
YER011W	30	31	36	31	101	60	82	53	53	30	72	31	22	85	36	59	142	51	132	92	17	38	22	47
YER158W-A	25	19	21	25	35	19	24	13	26	23	32	11	6	33	15	18	8	15	11	12	10	21	7	14
snR53	10	0	12	4	22	12	18	8	12	8	10	6	3	11	1	4	11	5	4	3	2	5	7	7
YER056C-A	4028	2133	3959	2289	5496	4134	5668	4133	4591	3345	4957	2452	3577	6928	1858	1741	5419	4488	3973	4318	2754	3597	2058	2962
YEL067C	61	43	48	68	55	76	56	54	66	69	80	49	43	98	52	61	56	52	68	79	34	42	42	49
YEL054C	3820	1843	3875	1963	5253	3574	4790	3234	4085	2557	4104	1835	3377	7189	1394	1355	5155	4395	3779	4039	2715	3482	1641	2674
YEL047C	1717	1572	1594	1938	2324	1503	1996	1408	2016	1873	2114	1566	1084	2612	1377	1383	2136	1837	1409	1639	657	1314	875	1445
YER146W	223	101	224	148	349	210	328	199	250	184	333	118	191	512	135	132	348	358	250	257	108	183	68	151
YER159C	434	361	408	525	618	488	541	424	408	451	488	343	415	1042	583	647	890	825	767	880	224	351	322	565
YER084W	20	36	21	25	57	64	67	77	40	42	35	31	16	40	27	37	67	57	72	88	16	16	13	19
YER183C	145	110	138	130	228	168	220	115	149	174	200	116	106	301	106	93	208	195	173	233	76	111	86	174
YEL009C-A	3	2	4	1	12	4	9	5	7	6	3	3	4	11	1	1	4	6	7	9	6	6	1	4
YEL059C-A	62	62	55	85	116	129	118	97	77	101	75	79	29	150	84	87	118	79	114	140	33	28	54	85
YER172C	1835	933	1902	1280	3477	2571	3031	2206	2047	1472	2408	1089	1438	3614	832	914	3134	3402	2920	4366	887	1253	584	1101
YER092W	159	122	151	167	291	223	266	200	133	189	193	158	126	374	167	169	363	252	256	279	88	127	122	224
YEL008C-A	72	94	85	101	130	116	123	104	88	123	118	109	27	100	63	71	78	86	98	187	24	63	57	117
YEL032W	1931	1703	1791	2093	3013	2211	2656	2163	2141	1911	2355	1352	1315	3240	1499	1585	2578	2404	2344	3124	937	1394	775	1303
YEL010W	0	1	0	2	2	0	0	0	1	0	1	0	0	0	0	0	0	0	0	0	0	0	0	0
YEL040W	6408	3814	6337	4441	9403	7339	8455	6750	7496	2843	7419	2296	4393	10159	3684	4082	8649	8567	8102	10215	3973	5095	1274	2160
YEL059W	2	6	0	3	4	3	1	3	4	7	2	8	2	1	0	5	0	0	4	5	0	2	4	6
YER105C	2577	1608	2581	2178	4622	3724	4288	3247	2781	2606	3300	1962	1827	4161	1471	1585	3892	3573	3839	5194	1202	1758	1121	1859
YEL053C	960	523	958	680	1434	997	1287	920	962	794	1124	532	716	1759	459	550	1525	1291	1254	1555	492	651	382	680
YEL046C	3159	1761	3555	1769	6870	5890	6306	5634	4582	4340	4826	3273	2036	5655	979	1131	5350	5171	5426	6378	2224	2685	1372	2424
YER137C	84	45	129	58	123	134	128	99	95	71	98	41	66	220	51	54	208	136	163	153	49	51	53	75
YER013W	613	418	571	614	1067	826	962	780	659	605	771	410	449	1009	390	404	970	914	902	1192	296	405	262	436
YER147C-A	2	0	0	1	1	0	2	1	0	2	0	2	1	3	0	1	2	1	2	1	1	0	0	1
YEL036C	829	868	787	1144	1249	1043	1138	950	986	942	998	768	618	1574	1050	1044	1375	1145	1338	1742	410	588	472	762
YER094C	755	696	770	934	1336	1089	1174	844	849	1125	800	882	605	1580	782	771	1191	1118	948	1112	397	543	594	1022
YER038C	85	59	92	82	167	112	107	106	95	109	133	68	100	157	69	61	122	129	124	161	41	52	40	67
YEL034W	4750	3549	5165	3909	7679	6145	6966	5612	5460	4666	5134	3700	3461	7461	2489	2834	5961	5255	5184	5985	2836	3528	3008	4423
YER144C	936	1353	944	1841	1690	1619	1667	1461	1182	2064	1219	1598	565	1486	1447	1510	1406	1245	1540	2155	454	668	968	1493
YER069W	1636	2564	1657	3288	4889	5838	4311	5251	2255	4488	2704	3501	1339	3448	2192	2575	4763	2941	4633	5545	1039	1178	1739	2583
YEL066W	143	76	164	109	281	237	248	202	160	101	179	74	95	333	106	109	207	170	209	200	98	120	74	107
YER161C	332	196	332	281	480	328	424	274	325	273	372	227	257	582	230	216	498	513	428	562	136	237	140	241
YER131W	3173	1174	3104	1160	4286	2792	4044	2610	3251	1462	3274	1134	2863	5783	823	724	4251	3878	2774	3111	1935	2467	916	1433
YER027C	955	842	946	1016	1481	1194	1318	1044	1072	1034	1229	858	585	1480	707	768	1211	927	1134	1306	444	608	550	913
tH(GUG)E2	2	76	1	100	1	2	1	2	4	380	4	306	6	11	126	149	0	3	1	0	5	6	304	448
YER088C-A	216	198	219	246	530	483	452	432	294	294	278	293	158	490	199	245	484	620	628	913	122	198	156	259
YER002W	299	122	314	192	415	329	414	250	277	214	323	153	254	756	205	166	544	494	392	420	126	163	106	199
YEL062W	495	382	513	548	983	812	900	750	612	620	690	453	335	884	306	325	858	691	727	1037	240	318	220	390
YEL074W	85	114	91	100	109	106	98	93	116	142	121	126	48	101	74	70	113	91	119	174	38	73	81	109
YER142C	89	119	98	180	165	165	169	156	106	187	122	136	43	123	121	88	108	89	96	133	29	24	55	83
YER035W	370	666	366	859	820	739	806	680	507	1045	551	791	182	612	659	692	538	548	595	760	199	296	426	764
YER145C	333	129	242	154	311	328	310	342	268	155	253	114	238	588	110	105	290	255	307	431	95	174	60	98
YER176W	1231	869	1252	1120	2231	1643	1941	1364	1364	1284	1584	783	795	2043	707	716	1792	1654	1545	2178	450	675	431	724
YER071C	83	48	95	85	131	111	137	94	93	107	118	80	85	192	83	68	142	110	107	98	49	61	40	96
YER150W	4576	2384	4987	2383	6604	3941	7086	4067	6625	2984	6045	2582	1700	4467	930	1043	3578	2321	1826	2196	2214	3004	1172	1358
YER177W	5329	4241	5130	5174	8477	6776	7551	5962	6122	6503	6332	5325	3266	7541	3389	3653	6464	5604	5094	5427	2938	3775	3308	5038
YER123W	950	569	914	800	1366	999	1204	939	945	850	1187	651	702	1720	639	625	1368	1162	1140	1425	440	592	418	705
YEL018W	104	65	117	91	138	106	107	85	105	96	105	67	69	219	73	65	170	140	123	174	48	70	38	72
YER116C	206	239	196	304	378	380	281	271	219	283	256	207	139	357	229	249	347	266	369	438	103	139	152	257
YER043C	6708	3031	7657	3522	11391	7140	10485	6549	8662	4804	7534	3648	4107	10116	2581	2717	7913	7269	7378	8957	3621	4927	2427	4544
YEL004W	247	132	258	153	344	283	330	238	256	196	300	162	224	448	152	143	403	339	312	419	124	183	118	194
YER141W	1112	674	1257	903	2244	1967	1993	1768	1518	1075	1604	892	664	1690	632	648	1599	1358	1819	2566	625	704	527	935
YER170W	98	79	102	108	168	138	151	117	118	85	138	89	68	200	92	82	178	118	145	172	55	81	65	86
YER047C	942	852	842	1026	1536	1413	1511	1261	980	1227	1257	895	538	1386	685	712	1447	1231	1311	1915	397	581	523	784
YER132C	3686	10414	3339	12951	5945	5025	5619	4569	3865	10041	4737	6964	2238	5633	10373	10538	5381	4797	5419	6990	1645	2381	4767	7367
YEL068C	314	231	314	274	393	371	390	295	325	256	358	219	219	598	251	241	452	374	399	462	184	281	213	355
YER080W	1677	1948	1630	2454	2494	2066	2353	1858	1664	2039	1928	1499	1320	3008	1815	2146	2421	2229	2230	3519	846	1198	971	1656
YER052C	3347	2161	3786	2415	7352	5812	6464	5144	4317	4288	4834	3533	2253	5731	1268	1479	5720	4406	4685	5109	1902	2487	1723	2948
YER070W	2621	2183	2395	2200	5276	6141	4389	5459	3045	1444	3548	804	1490	4402	1044	1379	4303	4121	3985	5263	1533	1997	381	610
YEL007W	2421	1758	2288	2088	3726	2963	3531	3048	2957	2400	3584	1774	1285	3366	1322	1390	2730	2380	3031	4221	1031	1512	808	1373
tE(UUC)E2	3	2	1	3	0	1	2	4	4	3	5	2	2	4	1	4	2	2	2	0	2	4	2	3
YER068C-A	5	0	1	2	3	1	4	1	2	1	0	2	0	2	0	1	1	0	0	0	0	1	1	1
YER115C	100	59	94	74	150	118	172	112	137	120	137	74	54	162	59	71	138	101	122	180	45	70	43	79
tS(AGA)E	0	0	1	0	0	0	0	1	0	0	0	0	0	0	0	1	1	0	1	0	0	0	0	0
YER076C	106	87	92	93	152	205	182	191	152	152	155	130	74	174	87	100	141	122	172	295	54	87	66	96
YEL021W	104	94	149	108	154	98	105	75	97	92	84	68	116	337	98	98	212	208	126	110	63	86	57	87
YEL026W	2273	1083	2269	1204	3051	2224	2929	2053	2491	1693	2385	1298	1629	3317	963	987	2606	2418	2153	2475	1428	1841	1170	1789
YER040W	813	776	790	860	1517	1417	1218	1200	852	1158	1173	899	638	1410	615	688	1446	1325	1517	2026	511	637	601	946
YEL016C	267	186	249	217	500	458	460	433	279	334	393	232	146	359	154	162	428	358	470	686	118	168	143	199
YER012W	1034	892	1036	1064	1634	1216	1522	1128	1060	1093	1194	810	702	1774	886	900	1432	1057	1089	1090	458	565	598	924
YER190W	110	212	114	268	295	306	237	270	155	266	148	230	123	397	299	399	318	431	480	629	84	110	223	285
YER185W	34	237	37	280	58	64	35	63	42	403	39	312	18	64	162	195	34	29	42	79	18	19	171	309
YER189W	4	7	3	9	8	14	11	9	3	11	4	7	4	8	7	15	11	12	14	23	3	3	7	9
YEL060C	1848	6566	1971	8770	3641	4214	3198	3830	2347	9751	2085	8396	1339	3545	7673	8680	3027	3001	4375	5190	1135	1548	5831	8099
YEL052W	435	327	503	443	806	614	688	570	552	469	557	375	312	866	301	328	585	553	636	933	247	301	214	379
YER149C	317	298	318	349	487	398	465	318	363	398	400	255	203	503	200	240	378	271	337	393	138	149	161	276
YER111C	962	771	938	1002	2231	1919	1851	1735	1066	872	1451	634	611	1617	737	777	1938	1722	1767	2703	451	686	372	516
YER081W	610	1641	652	2490	1610	4593	1281	3242	808	3197	839	2682	460	1079	2105	2210	1645	1299	4942	3850	299	470	1651	2556
YER010C	838	696	802	834	1446	1244	1284	1189	938	969	1074	760	491	1254	505	590	1116	997	1035	1302	470	584	489	788
YER018C	73	130	105	175	169	149	145	111	118	416	121	426	47	169	133	162	154	155	160	221	52	65	182	348
YEL076C	4	7	2	7	8	9	7	7	5	4	3	5	4	9	6	9	8	14	15	18	2	3	3	7
YEL018C-A	4	0	1	2	17	4	13	9	5	3	2	1	2	4	2	2	8	3	5	3	5	2	1	3
YER072W	1087	493	981	587	1691	1058	1715	934	1163	816	1070	672	734	1657	315	304	1296	1269	823	887	557	711	366	636
YER093C	1019	594	949	817	1773	1255	1599	1094	1011	814	1156	641	562	1563	494	570	1457	1420	1318	1919	447	606	379	657
YER178W	3949	3243	4019	3926	6462	5187	5942	4742	4875	4526	5198	3604	2860	6521	3026	3215	4960	4946	4813	5539	2462	3216	2163	3776
YER030W	154	110	217	169	321	238	286	222	210	166	232	131	173	404	179	164	354	290	268	244	70	113	91	133
YER128W	102	91	87	139	199	162	155	146	103	138	143	93	77	258	123	116	248	207	153	207	48	78	76	135
YER003C	782	1141	778	1517	1403	1253	1255	1039	835	1380	975	1079	521	1413	1057	1078	1163	1065	1151	1398	441	569	551	1080
YER163C	267	332	295	443	578	593	454	520	317	466	350	367	200	475	360	340	484	385	508	627	126	201	264	434
YEL005C	172	109	155	206	293	185	237	154	178	192	182	119	123	323	168	157	243	219	194	258	71	133	115	170
YER173W	248	203	240	282	442	397	382	387	254	298	340	207	180	451	198	211	461	399	466	638	108	192	146	218
YEL065W	775	119	468	130	537	923	775	1215	824	276	503	135	343	891	61	90	435	384	440	541	141	393	42	66
YEL055C	1611	661	1671	819	2504	1768	2301	1572	1549	1085	1895	775	1111	2869	469	583	2395	2280	1872	2893	719	996	480	796
YER029C	120	61	117	94	130	126	138	120	97	108	124	84	96	244	84	84	160	171	138	173	56	71	64	94
YER089C	974	751	979	966	2004	1686	1714	1570	1186	1228	1262	1028	690	1894	688	835	1743	1965	1962	2754	543	824	565	933
YER179W	2	4	4	9	9	6	11	7	2	20	5	18	4	11	7	4	9	3	11	8	2	2	9	37
YEL011W	1098	637	1124	944	2216	1589	2071	1467	1432	1029	1567	905	552	1373	435	450	1221	1049	1004	1251	370	667	292	415
YER166W	2205	1995	2302	2451	3875	3434	3364	3035	2543	2432	2732	1868	1651	3961	2093	2101	3678	3357	3987	6017	1259	1652	1218	2071
YER061C	441	435	403	599	782	1001	641	815	480	664	570	478	460	812	402	474	941	793	936	1253	266	334	282	461
YER082C	884	555	896	752	1420	1144	1230	954	889	779	982	564	591	1771	611	632	1366	1332	1353	1734	377	524	363	631
YER118C	516	461	474	576	778	638	685	554	540	696	592	504	393	1034	415	470	771	639	745	988	243	363	320	632
YER152C	145	234	203	292	432	392	341	352	265	324	186	281	154	455	291	330	394	562	478	652	108	149	179	284
YER107C	529	350	542	437	884	666	731	547	525	566	617	411	432	1098	392	406	806	677	725	850	279	386	293	500
YER020W	303	364	306	537	534	412	420	401	359	702	369	557	222	686	428	473	517	433	482	549	152	223	364	607
YER125W	3196	2380	3241	3112	5325	3846	4466	3401	3576	3327	4110	2666	2050	5023	1953	2124	3998	4106	3569	4713	1651	2280	1542	2557
YER122C	1715	1459	1646	1802	2699	2154	2530	1882	1921	1880	2375	1394	1245	3026	1262	1331	2424	1941	2088	2556	831	1202	820	1300
YER038W-A	9	7	8	20	30	10	8	8	8	8	15	8	10	22	10	8	13	23	16	32	9	9	6	10
YER057C	349	276	322	364	541	502	503	413	347	383	377	277	280	818	343	331	594	524	566	523	278	326	259	519
YEL033W	814	723	921	774	1282	1063	1007	959	911	747	794	680	703	1405	555	671	1195	1066	1107	1197	645	732	713	957
YER006W	1273	546	1303	733	1958	1454	1639	1201	1164	1076	1174	673	915	2413	525	565	1712	1563	1592	2006	544	693	524	918
YER007W	84	99	76	134	89	75	76	65	63	103	101	88	80	150	112	96	106	70	82	95	35	47	43	76
YER078W-A	6	10	8	12	15	18	12	18	5	16	13	12	2	10	6	9	12	11	12	19	6	1	6	8
tA(UGC)E	1	0	2	1	2	1	0	0	0	0	0	1	1	6	1	4	4	4	1	5	0	1	1	5
YEL002C	2460	1967	2530	2397	3777	2994	3314	2676	2940	2669	2947	1981	1973	4418	1947	2010	3301	3100	3046	4184	1388	1929	1368	2128
YEL064C	68	73	56	110	95	144	114	124	75	109	92	72	60	132	111	83	131	122	162	224	43	72	69	96
YER103W	942	786	1417	983	2141	975	2084	1023	1686	991	1286	822	367	1383	589	680	1004	801	840	780	341	604	343	605
YER007C-A	534	311	504	355	742	555	694	512	545	410	554	300	308	806	202	219	573	479	373	483	214	305	204	321
snR80	542	381	548	491	687	559	682	575	607	522	522	500	289	582	244	281	387	384	294	333	168	179	191	247
YER093C-A	118	73	173	89	233	197	225	172	163	103	136	82	66	220	55	69	182	103	179	170	76	80	63	98
YER120W	2778	2215	2724	2569	4306	3160	3943	2850	3117	2950	3346	2498	1706	4171	1723	1874	3455	3112	2651	3382	1565	2167	1559	2553
YER033C	1028	1127	1075	1323	2100	1728	1975	1618	1334	1568	1558	1264	630	1550	991	1007	1830	1459	1707	2382	506	772	717	1040
YER054C	225	175	182	230	322	217	306	233	200	168	276	115	98	263	168	194	278	201	265	329	45	116	82	112
tV(AAC)E2	3	3	1	3	5	2	7	0	7	6	4	2	0	4	2	1	4	1	1	1	1	2	1	5
YER164W	1804	1267	1843	1543	2756	1882	2547	1784	1963	1556	2302	1101	1240	2966	1086	1040	2485	2609	1940	3099	846	1184	633	1068
YER139C	116	81	101	97	172	124	159	137	124	134	156	107	111	250	89	72	161	117	121	135	51	75	52	111
snR52	41	433	30	492	37	35	27	25	39	455	46	308	31	52	355	396	16	21	15	14	12	21	193	295
YEL042W	2742	1779	2728	2265	3941	3249	3713	2915	2979	2431	3216	1840	1449	4082	1643	1664	3254	2846	3424	4720	1351	1806	1099	1982
YER190C-A	0	0	0	0	0	0	0	1	0	0	0	0	0	1	0	1	2	0	0	2	0	0	0	0
tS(UGA)E	1	0	1	0	0	0	0	0	0	0	0	0	0	0	1	1	0	0	0	0	0	0	0	0
YER008C	1891	1277	1878	1686	3415	2611	3044	2324	2097	1869	2356	1264	1155	2844	1205	1282	2977	2657	2892	4025	856	1276	688	1304
YER114C	1183	815	1138	969	2061	1618	1590	1375	1272	1206	1382	925	807	2088	819	824	1861	1757	1831	2476	527	774	561	898
YER034W	318	288	269	390	554	476	496	393	346	440	368	294	140	439	184	224	398	337	376	432	115	172	154	273
YEL008W	1	2	0	0	1	1	2	1	3	0	1	2	2	4	3	2	2	2	3	2	0	1	1	4
YER014W	280	276	282	330	555	380	439	336	308	238	362	188	267	686	350	292	683	660	440	730	125	192	108	192
YER143W	321	384	378	520	640	517	561	439	351	487	399	406	236	761	461	458	606	599	578	707	196	255	262	501
YER053C-A	858	492	1121	420	1974	1676	2006	1720	1800	506	1736	462	543	1594	353	490	1917	1191	2028	2142	879	1087	267	350
YER028C	159	97	199	145	450	401	390	341	209	171	243	121	83	318	83	114	354	349	362	447	105	102	73	96
YER048C	753	665	792	886	1300	1020	1144	892	751	823	922	551	642	1591	731	680	1308	1073	1163	1394	364	479	297	595
YER044C	1385	1099	1387	1373	2378	1845	2305	1791	1610	1562	1744	1457	1018	2412	1436	1485	2733	2187	2427	2950	732	1216	1380	2002
YEL039C	99	27	118	29	353	326	388	318	189	49	236	42	54	144	19	25	347	289	250	341	20	72	17	21
YER053C	730	628	846	871	1256	1070	1174	993	977	718	803	651	412	1023	455	451	877	729	683	951	340	460	264	431
tQ(UUG)E1	0	2	0	0	0	0	1	0	0	0	0	0	2	0	0	1	2	0	0	0	0	1	0	0
YEL034C-A	4	1	3	4	4	4	5	3	2	4	2	3	1	6	1	0	5	5	2	2	1	1	2	0
YER155C	10359	9260	9849	11676	12597	10413	11149	9299	10501	10175	11849	7453	7510	16237	8613	9552	11012	9759	10368	13303	4722	6780	4793	7714
snR4	718	744	819	791	1104	852	845	796	773	716	618	658	837	1409	737	850	898	1273	886	786	503	576	460	736
YER050C	479	261	454	386	749	646	765	597	556	400	682	306	344	848	306	311	668	467	680	684	278	332	234	405
YER031C	527	396	540	525	947	689	806	600	585	554	607	378	590	1519	582	539	1072	1117	900	1129	315	493	317	578
YER037W	1698	1367	1997	1853	3194	2160	3142	2099	2302	1487	2281	1230	1370	3327	1286	1424	2506	2168	1564	2047	888	1150	616	886
YEL049W	7	28	17	40	30	49	19	24	13	35	13	29	5	26	32	28	34	24	39	47	9	6	13	33
tQ(UUG)E2	0	0	2	1	0	1	1	1	0	0	0	2	0	2	1	2	0	0	1	0	0	0	1	1
YEL006W	320	266	299	322	442	368	363	306	343	402	400	324	213	579	213	231	475	354	395	429	205	261	209	319
YER100W	904	640	849	798	1372	1000	1268	918	979	894	1099	653	719	1769	640	702	1415	1138	971	1136	462	667	499	729
YER181C	8	13	18	14	19	17	16	22	14	16	20	11	5	17	6	7	6	16	17	12	12	7	10	12
YER015W	222	273	215	437	462	704	419	549	265	439	273	342	151	281	265	275	350	292	568	589	96	131	210	263
YER129W	1315	1121	1329	1455	2218	1778	2004	1609	1446	1649	1666	1166	965	2260	1140	1196	2165	2062	2021	2923	606	925	672	1137
YER172C-A	0	0	0	0	2	0	0	1	1	1	3	1	0	3	2	1	1	0	2	1	0	0	0	2
tR(UCU)E	0	0	0	0	0	0	0	0	0	0	0	0	1	0	0	0	0	0	0	0	0	0	0	1
YEL072W	200	229	216	247	276	299	312	260	232	332	290	214	135	320	154	152	252	189	221	298	70	100	131	205
YEL075C	3	7	3	10	12	10	6	6	2	9	3	5	5	6	8	15	9	11	12	18	2	4	6	6
YER048W-A	146	161	144	208	263	241	240	206	166	313	169	230	113	265	158	149	215	128	180	238	62	89	134	276
YER051W	180	194	198	242	271	237	262	195	201	202	214	185	139	369	181	203	308	243	296	365	109	124	100	196
YER171W	604	345	598	511	959	822	862	660	593	575	733	390	427	1132	410	382	878	827	862	1207	271	360	242	442
YER078C	434	361	516	458	724	647	645	587	492	396	517	299	290	738	284	305	569	519	644	823	196	265	180	289
YER169W	874	1272	858	1618	1718	1565	1586	1376	1007	1978	1269	1354	552	1528	1212	1289	1574	1551	1606	2201	433	628	925	1475
YEL003W	321	132	334	224	463	289	426	256	370	210	403	137	275	669	162	200	485	430	329	261	171	228	100	152
YEL077W-A	2	4	6	5	6	2	6	5	5	6	3	2	3	4	1	3	4	6	7	13	3	3	3	2
YEL017C-A	2267	921	2334	922	3155	2022	2978	2109	2812	1263	2925	1092	1732	3458	562	675	2984	2335	2236	2255	1821	2262	753	991
YER133W	1018	790	1062	1037	1567	1118	1303	983	1017	749	1081	549	955	2069	776	833	1478	1303	1123	1290	473	720	360	575
YER152W-A	2	2	4	4	4	4	7	1	2	2	2	3	2	1	2	2	1	4	4	3	1	0	1	5
YER060W	654	259	786	265	1203	580	1182	678	948	378	867	256	320	937	146	160	674	610	407	602	291	408	110	212
YER186C	189	123	171	165	251	154	168	150	199	165	244	124	170	421	135	127	224	197	174	230	83	129	72	115
YER188W	125	48	214	76	371	106	342	92	182	97	200	92	74	272	48	64	208	261	97	176	77	80	39	71
YEL045C	179	110	174	111	371	359	355	341	260	263	241	201	74	217	51	83	237	188	227	279	91	96	69	114
YER022W	553	365	591	504	858	567	750	576	550	499	674	327	397	1108	348	374	868	740	592	816	230	366	236	375
YER148W-A	10	4	4	4	12	10	14	8	8	8	10	6	5	17	10	4	10	12	10	10	4	4	2	7
YER157W	344	318	323	410	585	377	507	376	368	368	476	284	322	711	378	371	519	510	422	516	191	245	163	286
YER014C-A	0	0	0	1	0	1	1	0	0	2	2	0	0	0	0	0	1	0	0	1	0	0	0	0
YEL076C-A	13	21	13	28	33	30	24	26	20	21	14	19	11	43	26	36	32	42	55	54	7	12	16	24
YEL038W	164	134	222	167	396	340	438	319	296	239	254	173	77	278	118	112	301	249	274	335	98	111	100	187
YER066W	34	16	25	29	42	23	28	32	34	26	14	15	26	78	29	22	50	53	47	58	12	16	18	24
YER098W	276	257	310	339	514	343	475	328	320	301	347	249	196	463	240	271	449	337	427	602	128	178	128	242
YEL035C	2	2	0	2	4	4	3	4	1	0	3	1	1	3	1	1	4	2	3	5	0	1	2	0
RPR1	3292	2246	3374	2610	5464	3364	4060	3163	3684	2895	3373	2811	2572	4782	1877	2049	3576	4100	2789	3295	2203	2746	1751	2630
YER063W	148	113	128	164	256	176	201	132	164	172	183	133	144	407	158	144	260	227	188	186	87	114	102	197
YER127W	206	144	198	152	355	365	285	290	186	192	238	140	208	499	138	138	347	347	384	475	103	126	102	179
YER154W	830	586	872	762	2070	2057	1933	2017	1286	924	1184	860	582	1697	583	689	1905	2123	2494	3896	608	674	464	766
YER032W	494	779	512	960	810	768	738	724	569	769	775	544	292	792	676	733	756	599	834	1096	238	350	317	510
YER180C-A	17	9	25	12	42	33	35	19	23	9	22	10	16	49	14	9	29	30	25	33	18	17	8	15
YEL071W	2300	1780	2428	2204	4457	3335	3781	3170	2656	3792	2997	2657	2337	4949	1281	1474	4732	3844	2682	2990	1738	2288	1447	2384
tK(CUU)E2	0	1	0	0	0	0	0	0	0	0	0	0	0	3	0	1	0	0	0	0	0	0	0	0
YEL057C	151	72	195	84	331	168	307	180	192	80	254	61	92	252	52	48	277	152	129	162	64	103	48	79
YEL069C	1	2	1	1	2	3	1	0	2	2	1	1	0	13	1	9	2	3	14	10	2	2	3	15
YEL043W	2241	1525	2021	1735	4388	3776	3751	3188	2497	2300	2854	1657	1402	3565	1287	1180	3325	3160	3503	5420	1134	1456	920	1594
YER096W	28	40	25	66	101	155	97	122	44	86	48	79	18	56	44	48	76	90	164	256	14	22	30	64
YER017C	986	865	1072	1079	1922	1988	1780	1754	1187	1175	1203	963	658	1661	853	857	1619	1706	2142	3113	596	672	627	1044
YEL019C	210	157	173	158	309	250	290	234	177	188	248	154	113	265	105	116	268	190	273	355	77	142	79	125
YER009W	1382	906	1468	1158	2090	1480	1939	1427	1553	1240	1648	932	1052	2356	726	772	1697	1502	1153	1332	825	1176	640	946
YER104W	54	48	60	88	73	59	72	54	59	68	67	58	24	82	54	64	66	54	61	42	18	33	35	57
YER067W	1020	336	1089	426	1479	628	1546	629	1065	478	1240	412	592	1634	229	224	1287	1014	340	428	372	619	244	279
SCR1	15362	14568	16286	16110	22275	18789	19205	17535	17682	17017	15255	16207	13407	22517	14957	15833	17450	20904	17901	20208	11634	13737	11486	16494
YER044C-A	138	176	136	187	189	206	179	220	154	200	177	178	82	171	115	133	187	130	192	293	65	68	93	149
YER101C	104	74	132	150	238	222	204	178	134	132	129	100	80	241	96	90	245	190	223	230	74	108	83	128
YER121W	28	20	36	31	63	42	59	48	35	49	47	34	19	52	26	34	50	41	56	32	14	22	29	40
YER019C-A	1020	668	1021	729	1427	1008	1285	1007	1050	793	1110	657	814	1844	766	790	1458	1387	1185	1289	692	966	540	825
tE(UUC)E1	0	2	1	0	0	0	1	0	2	3	1	0	0	2	2	2	1	1	0	2	0	1	0	1
YEL050C	262	188	302	253	527	505	464	447	312	238	336	186	164	456	177	143	402	345	562	805	142	157	135	222
YER062C	711	916	777	1122	1969	1688	1688	1377	932	1359	953	1288	606	1745	1188	1230	1631	1281	1720	1573	570	507	1096	1859
YER006C-A	1	2	0	2	4	5	5	2	3	3	3	2	2	0	1	4	4	4	2	4	2	3	2	4
YER016W	424	455	419	546	340	208	272	196	335	370	434	318	414	969	621	607	371	353	295	352	220	317	282	366
YEL025C	661	623	603	778	952	848	839	732	672	785	819	612	490	1149	660	656	947	868	972	1167	324	449	377	566
YER024W	224	272	206	432	431	593	355	497	267	721	301	568	166	486	270	286	408	394	405	531	123	192	224	479
YER023W	1012	891	1075	1215	2012	1610	1712	1361	1334	1389	1272	1080	594	1655	741	808	1240	1326	1215	1526	492	724	443	904
YER079W	611	816	660	1002	880	741	856	632	743	800	836	620	368	1131	697	670	714	406	527	507	264	387	348	489
YER136W	2858	2943	2913	3619	4523	3851	4180	3320	3184	4227	3886	3182	2348	5209	2702	2952	4323	3283	3425	3986	1497	2111	2069	3104
YER151C	2553	2159	2554	2600	4362	3610	4236	3211	2753	2887	3144	2159	1638	4353	1985	2093	3882	3824	3973	5492	1240	1669	1314	2102
YEL029C	214	155	242	162	317	261	297	200	219	204	272	138	195	496	182	190	399	320	281	325	110	195	103	191
YER065C	211	281	179	515	544	531	446	532	309	420	260	372	150	367	345	355	249	237	276	289	115	200	191	360
YEL050W-A	0	2	0	0	1	0	0	0	0	0	0	0	0	1	1	0	0	1	1	1	1	0	0	0
YER085C	1	26	2	33	0	2	4	2	0	6	0	5	2	3	18	30	1	0	0	1	0	3	4	6
YER147C	58	51	65	87	122	122	105	113	75	86	62	68	56	197	103	106	126	174	156	178	40	53	54	88
YER064C	1228	636	1138	692	2503	2418	2207	2185	1297	1497	1789	959	746	1940	392	458	2410	2313	2372	3127	733	1036	620	835
YER119C	339	587	428	699	1081	1256	993	1175	673	847	651	791	216	670	579	634	835	976	1252	2116	224	298	350	526
YEL020C-B	1	1	1	0	1	1	3	1	1	1	3	2	0	1	0	0	2	1	0	0	0	2	0	3
YER068W	1464	1299	1407	1486	2335	1926	2160	1703	1509	1801	1873	1242	803	2130	918	1021	1997	1614	1607	2187	614	940	714	1142
YER158C	1006	623	1017	791	1461	1037	1360	940	1274	739	1218	564	467	1219	539	507	818	565	707	798	445	629	315	534
YER138W-A	334	241	353	339	306	190	248	177	333	244	349	184	191	611	231	315	286	260	191	175	95	193	93	149
YER130C	3283	2223	3804	2367	5030	3496	5011	3343	4032	3041	4140	2369	1577	4462	1404	1568	3071	2312	2676	3012	1489	1825	1250	1816
YEL015W	952	686	952	828	1502	1140	1428	983	988	895	1250	656	690	1759	595	614	1513	1266	1283	1608	489	684	442	692
tK(CUU)E1	19	13	24	15	26	21	37	16	18	15	15	16	11	39	9	13	17	20	17	16	4	14	6	18
YER153C	52	49	48	52	132	79	92	88	72	63	54	48	47	114	59	47	94	131	124	172	41	49	30	53
YER137W-A	0	0	0	1	3	3	1	1	3	0	3	0	0	1	0	1	1	1	1	0	0	0	0	0
YER113C	806	604	829	757	1240	1028	1095	940	877	705	974	572	550	1310	588	589	1057	1016	1124	1768	410	580	336	590
YEL030W	106	110	113	141	176	163	148	160	135	176	143	131	91	234	115	123	147	100	166	177	53	71	76	109
YER083C	981	706	1003	842	1745	1341	1529	1190	1306	1089	1330	860	523	1636	600	647	1325	1320	1212	1713	553	795	447	874
YER167W	1509	1164	1432	1526	2814	2410	2437	2201	1622	1878	2052	1338	1146	2707	1170	1187	2839	2404	2703	3182	720	1078	890	1297
YEL032C-A	1	0	0	0	0	0	0	0	0	0	0	0	0	0	0	0	0	0	0	0	0	0	0	0
YEL073C	58	42	55	53	115	91	93	82	107	127	93	97	22	62	32	31	75	60	78	98	31	44	37	60
tV(AAC)E1	0	1	1	0	2	0	4	2	0	1	0	3	1	3	1	3	1	1	2	2	0	1	0	1
YER005W	407	260	440	359	632	440	600	389	469	376	532	291	294	832	228	272	586	516	463	557	219	311	172	294
YER102W	5334	2562	5921	2877	8880	5447	6934	4719	5548	3655	5858	2707	4769	15769	2258	2429	8969	8575	6497	7174	3320	4306	2320	3655
YER046W	67	75	61	96	95	111	82	80	72	109	78	84	42	121	88	101	95	76	82	87	28	50	60	82
YER023C-A	1	2	2	3	2	5	3	1	0	1	2	4	1	0	2	2	0	1	2	2	0	0	3	4
YEL031W	5618	4051	5877	5091	9476	7076	8675	6709	7196	5852	7327	4636	3674	8851	3342	3572	7716	7094	7259	10293	2860	4026	2408	4157
YER075C	1367	711	1176	847	1843	1539	1825	1469	1413	1140	1853	773	739	1870	491	577	1933	1496	1392	1804	650	813	421	683
YER073W	1198	463	1384	507	2991	2537	2608	2114	1599	1157	1720	869	825	2468	279	339	2757	2540	2672	2793	758	889	403	646
YEL027W	4507	2979	4446	3310	6220	4951	5921	5012	5292	3982	5518	3349	3889	7048	2601	3028	6034	5163	5184	5950	3458	4482	2971	3781
YEL024W	846	1003	1088	1286	1710	1852	1506	1632	1214	1510	1272	1402	413	1051	818	880	919	648	1338	1450	482	447	836	1200
YER049W	1540	742	1594	896	2590	1802	2226	1624	1553	1268	1670	934	1141	3090	594	651	2361	2032	1914	2326	728	966	575	980
YER175W-A	11	6	5	14	29	21	15	24	15	12	16	10	8	24	10	13	18	12	19	17	3	9	5	11
YEL037C	581	412	581	475	1092	770	813	622	560	517	618	392	503	1465	501	462	1158	1097	1067	1012	360	510	282	569
YER134C	339	271	336	328	562	380	571	326	388	392	469	302	196	558	171	234	460	348	282	331	176	252	155	274
YER088C	2509	1369	2420	1679	4475	3387	4194	3196	3699	2578	3908	2185	1517	3942	1344	1401	4067	3487	3416	3993	1324	1891	1232	1909
YER175C	164	158	168	263	294	341	272	356	216	338	271	255	121	307	124	132	255	164	238	247	73	106	93	138
tG(GCC)E	0	0	0	0	0	1	0	0	0	0	0	0	0	0	0	0	0	0	1	2	0	0	0	0
YER021W	2017	1783	1987	2444	3285	2589	2816	2289	2088	2518	2448	1873	1524	3526	1673	1822	2832	2349	2368	2994	1002	1359	1156	1798
YER004W	760	346	858	411	1521	1201	1300	1076	1088	539	1041	474	444	1276	228	309	1218	1099	1162	1471	567	720	284	462
YER087C-A	6	6	7	10	22	17	15	20	10	13	10	9	5	11	7	7	14	11	12	18	5	7	3	11
YEL017W	376	264	391	318	673	478	663	467	554	441	644	362	164	499	185	208	464	358	406	507	178	242	160	287
YER106W	4	3	1	4	4	4	4	4	1	6	1	2	3	6	2	5	4	2	7	8	2	2	0	1
YER066C-A	6	12	8	9	20	18	10	22	16	20	11	9	2	20	9	10	14	15	10	19	1	9	10	5
YER117W	3468	1663	3524	1866	4800	3348	4522	3164	3815	2494	3761	1889	2519	5561	1304	1296	3902	3539	2787	2922	1988	2487	1245	2054
YER145C-A	2	4	2	2	1	3	1	3	3	6	0	2	0	4	1	6	3	2	5	5	0	3	4	7
YER076W-A	7	2	8	4	8	3	9	7	8	2	8	1	2	8	0	2	5	4	5	4	3	4	2	2
YER187W	3	1	6	8	8	4	5	3	5	2	8	2	4	9	0	2	4	8	0	8	3	8	0	0
snR14	288	192	245	227	329	254	335	240	257	221	231	211	229	494	158	261	326	330	279	248	160	190	146	215
YER046W-A	4	6	6	3	10	8	3	4	6	8	6	6	2	11	3	4	6	5	4	7	2	4	4	4
YER168C	259	227	274	288	493	352	402	287	311	323	323	252	199	644	253	257	491	438	396	509	137	203	143	262
YER124C	507	110	399	195	622	215	593	174	780	337	562	154	418	861	122	137	1020	651	209	399	200	305	88	145
SRG1	336	244	313	342	598	612	542	496	384	471	393	392	209	554	272	280	504	462	614	605	138	220	232	354
YER095W	80	150	98	240	247	215	200	194	112	328	124	215	78	211	222	236	210	222	260	357	88	98	184	342
YEL028W	49	44	46	46	49	34	51	36	43	50	57	46	34	81	36	36	57	58	77	60	29	35	30	53
YER045C	675	670	734	888	1222	945	1222	784	859	988	768	768	327	954	509	488	882	765	871	1134	232	325	416	642
YER088W-B	0	0	0	2	1	4	3	4	1	1	1	0	3	4	0	1	6	1	4	2	0	0	1	0
YER086W	4625	1373	4713	1350	8386	6921	7541	6667	5848	3366	6129	2867	2775	6781	757	857	6478	5796	6046	8367	2419	3327	1451	2450
YER188C-A	39	32	41	46	67	60	52	66	58	59	69	40	22	81	30	23	58	56	76	103	33	43	22	45
YER148W	666	506	678	651	963	657	790	587	573	615	645	488	629	1578	592	552	1023	941	814	1003	321	514	360	648
YEL022W	2446	1395	2311	1740	4348	3271	3829	3016	2611	2269	3091	1543	1652	4026	1126	1230	3852	3263	3344	4550	1109	1562	932	1402
YEL001C	1004	1022	1029	1318	1256	1046	1218	912	1119	1241	1190	938	654	1840	1033	1018	1101	1005	938	1259	528	789	548	1066
YER056C	1891	652	1926	639	3676	2950	3055	2508	2166	1251	2262	878	1677	3817	394	468	4035	3936	3217	3241	1340	1677	541	938
YER087C-B	1168	897	1127	1148	1815	1405	1860	1418	1406	1404	1538	1045	667	1513	695	742	1341	975	1077	1368	587	836	680	957
YEL013W	1425	1054	1432	1340	2208	1601	1877	1545	1605	1487	1807	1105	819	1990	701	826	1681	1383	1385	1697	635	954	683	1032
YER074W	1270	817	1376	815	2003	1428	1920	1376	1602	1085	1564	727	1340	2935	576	554	2038	1796	1258	1320	856	1113	531	887
tE(UUC)E3	0	0	0	0	0	0	0	0	0	0	0	0	0	1	0	0	0	0	0	0	0	0	0	0
YER133W-A	0	1	1	0	0	0	1	0	2	0	2	0	0	2	0	1	1	0	0	0	0	1	0	2
YER119C-A	4	2	0	9	2	1	1	0	1	5	1	6	0	3	5	6	2	0	3	3	1	0	3	4
YEL063C	2942	1716	2897	2210	5299	4513	5158	4195	3547	3103	4085	2584	1711	4183	1483	1633	4642	4015	4542	6320	1548	2116	1504	2365
YEL051W	1145	750	1070	998	1767	1224	1442	992	1075	881	1116	675	1115	2584	872	884	1867	1691	1358	1450	529	799	483	902
YER190C-B	1	2	1	1	4	4	2	2	1	3	2	4	0	2	0	3	2	1	4	3	1	1	2	3
YEL061C	274	321	286	408	362	358	338	300	257	361	338	235	198	466	334	392	343	316	409	450	137	192	193	276
YER059W	341	238	368	315	509	344	530	326	351	337	444	224	284	679	246	227	617	439	367	497	148	241	140	232
YER091C-A	0	0	0	0	0	0	2	0	0	2	0	0	0	0	1	0	1	0	0	1	0	0	0	1
YER140W	131	86	162	102	265	217	232	159	155	132	189	102	105	385	103	100	265	256	254	305	91	106	86	127
YEL056W	622	472	618	601	1056	768	969	666	676	724	874	491	359	968	334	363	879	716	643	790	253	408	244	380
YER084W-A	0	0	0	2	1	0	0	3	0	0	0	0	0	0	0	0	0	0	2	0	0	0	0	2
YER036C	3161	1275	3089	1444	4763	3154	4161	2728	3350	2093	3449	1413	2305	5884	972	979	4511	4271	3440	4510	1602	2294	893	1671
YEL009C	5316	3957	5169	4630	8278	6822	6903	6001	5941	6386	6157	4984	4585	9149	3672	3976	7735	6942	6969	8168	3260	4283	3697	5439
YER079C-A	0	0	0	1	1	1	0	0	0	0	0	0	0	0	0	0	0	0	0	0	0	0	0	0
YEL053W-A	1	0	1	0	2	2	2	0	0	2	0	0	1	4	1	1	1	2	2	1	0	0	1	1
tM(CAU)E	6	4	0	1	0	4	4	4	1	3	4	4	1	2	1	4	2	2	4	3	1	2	1	2
YEL030C-A	1	2	4	3	3	10	5	3	3	4	4	0	0	1	0	0	3	1	2	2	1	4	2	2
YEL014C	1	0	0	0	0	0	2	0	0	0	0	0	1	0	0	0	0	0	0	0	1	0	1	0
YER156C	828	253	794	324	1530	955	1394	866	934	561	956	428	473	1394	163	190	1166	1147	876	1296	403	601	247	497
YER162C	69	69	49	92	110	96	86	85	74	89	72	78	66	160	84	112	132	130	119	165	35	42	43	82
YER090W	2818	2303	2716	2750	5328	4760	4652	4234	3134	3452	3661	2631	2060	4953	1621	1696	4532	3362	4093	4330	1430	1885	1305	2203
YER074W-A	346	292	396	296	470	386	467	361	391	339	417	295	328	659	318	354	507	458	438	445	278	352	268	381
YER041W	251	176	236	248	421	296	399	308	268	284	377	195	221	484	159	174	370	364	345	457	115	152	99	186
YER165C-A	2	0	0	0	0	0	0	0	0	1	0	1	0	1	0	0	1	1	0	2	0	0	1	1
YER097W	158	145	205	153	112	98	125	107	200	167	270	169	94	270	73	146	108	48	102	112	114	172	111	170
YER112W	346	187	359	217	501	305	466	300	305	231	419	169	389	909	245	278	693	584	466	539	172	289	149	280
YER090C-A	0	1	0	0	0	0	0	0	0	0	0	0	0	0	0	0	1	0	0	1	0	0	1	0
YER067C-A	1	1	2	0	2	1	4	0	2	2	2	0	0	4	1	2	0	2	3	3	0	2	1	2
snR67	219	95	212	94	335	214	331	202	245	163	248	107	127	308	25	43	226	226	168	189	82	104	71	99
tH(GUG)E1	1	0	0	0	0	0	0	0	0	0	1	0	0	1	1	0	0	0	0	1	0	0	0	0
YER174C	358	180	372	216	555	433	562	358	418	312	438	204	241	659	168	153	467	342	346	383	212	200	146	249
YER107W-A	0	0	0	0	1	0	1	0	0	1	0	0	0	0	0	0	0	1	0	0	0	0	0	0
YER026C	563	364	657	469	1139	1098	1045	1042	779	647	822	505	292	838	330	364	652	529	896	1095	394	407	302	521
YER099C	216	137	247	139	422	268	328	210	243	196	264	157	217	610	140	140	380	328	256	310	106	164	101	194
YEL048C	43	25	42	29	76	78	70	56	48	57	72	43	31	66	20	18	56	46	52	50	14	27	19	35
YEL070W	54	38	59	68	150	198	126	165	76	81	84	68	35	106	40	49	125	79	183	186	41	33	38	63
YER025W	3786	1898	3620	2317	5156	3647	4646	3262	3833	2764	4141	1980	2620	5833	1374	1503	4522	3980	3382	4278	1703	2443	1222	1975
YEL075W-A	87	94	101	88	151	121	119	107	124	135	156	112	49	201	57	99	106	117	132	184	58	55	81	91
YER126C	557	270	647	314	808	635	698	551	527	413	586	279	481	1354	272	252	917	814	677	845	276	386	225	405
tI(AAU)E1	0	0	1	1	0	0	0	0	0	1	0	0	0	2	0	0	1	1	0	0	0	0	0	0
YER182W	96	80	133	103	207	156	158	116	114	88	115	79	77	228	86	67	170	167	167	158	49	64	43	71
YER165W	11001	6226	10594	7133	16304	11644	14493	10655	12213	8234	12634	6293	7993	17118	4675	5062	13805	13252	10858	13324	6115	8263	3804	6029
YEL058W	1104	2060	1219	2673	1921	1584	1595	1327	1319	2276	1246	1775	770	2107	2225	2292	1412	1388	1543	1847	608	820	1076	1834
YER060W-A	50	23	46	26	67	32	66	31	59	34	66	26	27	76	16	19	49	52	35	47	18	25	10	28
YER184C	239	548	240	781	275	264	244	252	252	956	232	728	158	388	478	548	241	207	232	334	84	113	386	658
YEL012W	243	401	252	590	408	374	372	393	271	462	314	382	174	380	470	450	409	276	349	385	103	156	299	409
YEL020W-A	346	169	426	219	590	470	531	441	389	210	388	164	323	743	226	206	567	570	602	604	295	294	171	263
YER077C	244	290	241	407	414	451	460	452	281	481	393	359	145	369	242	268	373	356	449	687	100	120	192	282
YER039C	9	19	14	39	16	32	27	29	12	83	32	62	6	23	24	20	8	11	31	35	5	10	30	47
YER042W	371	505	404	620	672	508	655	480	339	736	452	594	159	432	400	456	434	394	452	624	164	196	404	521
YER019W	218	276	210	373	436	283	356	316	389	1583	292	1382	158	571	327	364	362	439	392	505	157	248	715	1368
YER039C-A	6	7	7	14	7	8	8	10	6	26	6	18	2	16	8	18	6	6	15	15	3	6	13	19
YER058W	8	10	10	8	19	20	14	13	9	12	8	10	11	20	9	8	10	16	27	25	4	3	3	12
YER110C	11103	4447	10934	5098	17104	10548	15701	9782	13403	6885	13450	4898	6288	15821	3039	3507	12864	11722	9705	13158	4906	7266	2747	4874
YER135C	2	3	1	4	1	3	1	1	2	3	2	5	1	4	0	2	2	0	1	0	1	2	2	3
YEL023C	99	64	92	112	132	98	118	90	94	105	120	92	82	174	98	108	142	133	149	175	47	69	56	89
YEL077C	205	328	242	383	433	414	382	375	324	529	333	458	177	591	346	474	386	522	581	863	139	209	254	424
tI(AAU)E2	2	3	3	2	1	1	0	0	2	2	3	2	0	3	1	2	1	1	0	2	2	4	0	1
YER001W	2517	492	2847	557	5769	6169	4990	5255	3212	678	3723	456	1680	4447	324	590	4896	3152	5790	5909	1593	1587	286	380
YEL020C	234	240	255	338	431	390	445	317	261	416	335	325	166	388	219	255	331	361	377	499	93	173	168	261
YEL044W	185	168	217	195	416	280	364	216	246	240	246	174	127	503	235	221	383	338	367	396	130	175	141	272
YER180C	155	85	149	107	222	147	166	125	125	114	180	86	95	274	89	95	199	182	173	231	65	86	55	92
YER087W	263	435	283	598	342	292	298	228	283	292	317	209	170	395	492	488	237	205	266	352	111	145	136	210
YER055C	1589	1017	1586	1260	2959	2594	2561	2184	1773	1741	1740	1438	1300	2950	740	843	2634	2528	2339	2711	944	1197	789	1354
tR(ACG)E	1	3	1	9	2	2	0	0	0	6	0	1	0	4	3	5	0	0	1	1	0	1	1	4
YER091C	5862	10188	7853	11648	14641	14798	13780	13318	7254	16224	7125	13419	2230	4648	7420	8244	6664	5109	14576	20974	1642	2268	8025	12066
YER138C	44315	69299	53739	73992	25231	25242	21594	24032	55116	58997	93098	57904	36277	148314	65865	112867	35455	31058	48825	50577	19317	36648	41232	61000
YER137C-A	5754	9154	7123	10999	2964	2938	2115	2592	8874	9636	11193	7782	4901	22262	9276	15759	3816	3763	5569	5801	2867	5308	5470	9208
YER159C-A	470	784	451	1196	985	881	691	700	556	1354	640	1101	585	1516	1286	1755	1476	1190	1728	1656	294	493	1154	1614
YER160C	29593	38730	31308	44038	46807	41655	40633	41026	33074	48933	50377	45954	25319	78829	37635	60189	56526	53389	70095	75010	12994	22105	37158	52040
YHR094C	3445	925	4652	1103	8843	5208	8441	4784	4954	1666	4923	1500	1794	6101	590	625	6124	5071	5217	5607	2486	2027	749	1169
YHL031C	548	514	523	569	834	681	812	583	535	714	681	621	328	950	467	457	823	642	574	751	253	372	415	714
YHL002W	960	1270	979	1513	1432	1106	1348	975	1072	1587	1248	1203	649	1669	1156	1352	1187	1060	1061	1357	482	669	847	1303
YHR219C-A	1	1	1	1	2	3	1	1	1	1	1	3	0	2	1	1	2	0	3	4	1	2	1	1
YHR045W	550	245	546	361	935	642	762	522	565	315	594	253	425	1179	320	358	926	848	827	1098	247	410	173	319
YHR084W	2120	4172	1929	5713	60	57	23	64	1683	3144	2132	2470	1625	3694	4426	5033	10	3	6	6	919	1251	1564	2251
YHR126C	0	0	1	0	2	2	2	0	0	1	0	0	0	0	0	0	1	0	1	0	2	0	0	1
tS(AGA)H	0	0	0	0	0	0	0	0	0	0	1	0	1	2	0	0	0	1	1	0	1	0	1	0
YHR125W	0	1	1	1	1	0	0	0	0	0	0	0	0	2	0	0	1	0	0	0	0	0	0	0
YHR206W	1605	1558	1536	1771	2472	2118	2270	1837	1753	2097	2071	1425	1021	2777	1352	1425	2408	2121	2301	2830	858	1190	1017	1710
YHR097C	1146	3020	1068	3706	928	695	900	700	1121	3348	1308	2578	875	2169	3119	3347	899	721	747	961	544	855	1827	2680
YHR005C-A	404	158	460	168	816	626	840	550	503	284	538	182	311	760	112	95	610	518	584	613	250	285	127	228
YHR193C-A	4	3	2	1	10	5	5	4	5	1	6	0	5	2	0	2	5	3	3	2	4	3	1	1
YHR007C	5462	2716	5567	3146	10144	6409	8757	5484	6334	3885	6552	2958	4409	10700	2670	2793	10339	9191	8080	10055	2411	3610	2097	3361
YHR214C-D	3	4	3	3	3	3	2	2	1	2	1	1	1	4	0	3	3	1	5	5	1	1	3	2
YHR212W-A	1	0	0	0	1	1	2	3	1	0	0	0	0	1	0	0	4	4	2	4	0	0	0	2
YHR184W	20	9	17	18	33	34	24	29	19	16	32	17	13	42	12	16	23	18	44	34	9	9	13	28
YHR132C	1091	759	1150	939	1987	1621	1742	1407	1212	1029	1254	834	782	2137	833	752	1977	1961	1778	2771	602	842	537	924
YHR182C-A	0	1	2	2	1	2	0	0	1	0	1	0	0	0	1	3	1	0	1	0	0	0	0	1
YHR025W	4544	2982	4536	3601	8022	6012	7346	5976	6324	4797	6599	4132	2362	6611	2144	2278	6059	5573	4988	6380	2581	3539	1759	3028
YHR055C	7797	1947	12713	2972	13094	3439	14170	4067	9238	3222	11423	1853	5717	23045	2533	3103	11744	7696	5212	3984	3710	5452	2338	2472
YHR073W	1442	1046	1420	1425	2238	1752	1992	1479	1565	1391	1812	1029	1086	2634	1002	964	2148	1957	1774	2520	739	1009	590	982
YHL015W-A	0	1	2	0	0	0	0	1	0	2	0	1	0	0	0	0	2	2	0	0	0	0	0	0
YHR064C	5679	3103	5697	3634	9227	6691	8034	5937	6398	4226	6472	3160	4020	9537	2406	2440	7719	7276	6007	7285	2937	3986	1824	3001
YHL041W	1	2	3	1	4	4	3	4	4	0	2	0	0	2	1	1	0	1	4	2	1	0	1	2
YHR143W	1623	405	1220	496	2215	850	2255	668	2775	1002	1732	520	1366	2442	440	491	3021	2029	828	1388	868	1124	367	514
YHR052W-A	6	6	6	8	7	7	9	15	4	13	2	7	6	24	10	14	10	9	44	10	3	3	11	7
YHL047C	157	124	152	157	273	235	257	227	191	171	196	126	137	353	116	149	288	253	312	385	83	144	62	135
YHR175W-A	224	192	212	250	427	304	462	316	318	296	339	216	91	186	125	116	271	121	228	286	86	129	115	188
YHR003C	343	212	384	264	536	398	476	357	320	272	420	196	324	863	193	209	605	532	505	617	200	308	157	303
YHL032C	280	274	300	370	458	420	383	340	360	411	375	346	228	647	360	356	394	456	476	673	156	219	206	306
YHR154W	229	260	236	350	445	436	372	346	236	266	286	146	143	438	267	330	485	406	564	686	108	149	114	211
YHR031C	141	135	141	152	222	186	178	168	152	169	153	118	89	279	128	149	168	185	238	271	52	79	60	127
YHL042W	62	89	61	123	116	88	96	107	74	104	80	77	44	98	66	58	80	45	59	77	35	38	31	64
YHR022C-A	0	0	0	1	1	0	4	0	3	2	4	3	1	4	0	1	1	1	3	1	1	1	4	0
YHR180C-B	0	0	0	0	0	1	0	0	0	0	0	0	0	0	0	0	0	0	0	0	0	0	0	1
YHR106W	121	190	149	282	311	321	256	260	178	284	179	254	121	280	194	191	234	245	280	333	86	98	124	200
YHR186C	1845	1556	1712	2106	3275	2910	3099	2609	2117	2506	2449	1819	1207	3082	1370	1470	2843	2712	2896	4038	887	1187	1045	1624
YHL029C	1458	977	1270	1180	2232	1891	2040	1738	1541	1751	1988	1211	994	2323	889	940	2151	1942	1966	2523	799	1058	792	1336
YHR048W	103	14	83	27	213	149	150	78	122	32	120	52	80	274	16	35	276	242	205	210	70	95	26	55
YHR039C-A	607	390	658	494	1070	642	864	596	707	540	764	385	680	1660	469	442	1177	887	689	810	338	514	326	573
YHR073W-A	156	112	164	147	256	164	191	154	154	153	172	106	118	275	107	106	238	203	214	288	88	116	80	112
YHR035W	100	83	99	129	192	164	198	148	122	154	146	91	75	188	66	93	179	147	144	260	50	78	71	99
YHR165C	4821	3233	5081	4050	10043	8342	9199	7332	5595	5025	5960	3679	3586	8284	2935	3251	8711	9219	9013	13056	2500	3384	2411	3751
YHL006C	40	57	40	58	68	58	56	41	44	50	48	51	28	53	24	33	42	40	52	66	22	33	20	36
YHL025W	191	145	179	211	291	217	247	188	193	228	221	152	165	456	191	208	283	282	296	352	111	152	103	184
YHR172W	92	154	71	204	131	119	112	94	59	175	104	112	39	113	133	202	109	86	123	198	39	41	81	133
YHR002W	76	86	116	113	179	130	150	115	97	108	99	75	57	142	87	85	146	124	129	158	37	57	60	85
YHR016C	386	429	407	612	821	629	631	583	452	570	488	470	264	608	386	400	560	463	557	635	176	250	222	420
RUF5-2	21	20	21	35	24	34	30	52	24	41	21	34	27	53	44	57	48	24	154	61	12	15	26	39
YHR079C	1317	1022	1254	1194	2136	1680	2070	1609	1445	1403	1725	1121	889	2007	848	913	1942	1898	1863	2609	616	885	674	1036
YHR169W	237	126	213	154	332	336	371	285	208	232	262	154	145	464	120	114	310	330	397	503	108	122	87	214
YHR054C	307	253	357	247	487	410	493	461	340	382	481	293	202	719	243	297	583	242	931	535	125	158	232	322
YHR065C	685	392	740	518	1049	813	896	704	719	627	780	492	513	1492	400	388	1080	1026	828	1122	305	442	281	498
YHR088W	184	87	248	126	278	251	284	163	205	134	186	109	131	469	108	116	356	311	276	362	83	88	75	125
tH(GUG)H	0	0	0	0	0	0	0	0	0	0	0	0	0	0	0	0	0	0	0	0	0	0	0	0
YHR093W	0	1	0	2	3	1	0	2	2	0	2	0	1	4	1	6	6	3	7	7	1	0	2	6
YHL036W	261	249	298	285	470	550	523	451	470	452	337	332	165	324	103	148	588	419	415	486	88	179	149	214
YHR100C	387	226	352	258	538	442	588	405	389	310	464	250	198	524	155	174	392	342	404	501	180	216	198	256
YHR105W	128	109	125	148	243	196	183	168	162	155	166	111	80	231	94	88	243	181	226	271	60	92	76	110
YHR056C	771	591	854	705	1213	1001	1193	967	843	959	1186	640	504	1481	513	599	1175	779	1426	1215	348	478	476	706
YHR135C	2012	1822	1931	2235	3342	2751	3051	2452	2306	2584	2586	1980	1432	3712	1815	1991	3195	3086	2966	4143	985	1443	1201	1917
YHR180W	48	44	68	63	113	120	98	90	69	67	72	39	28	120	41	43	90	60	97	107	34	36	29	66
YHR086W	456	475	449	557	712	533	649	474	559	654	656	516	282	754	410	443	527	496	517	710	258	340	281	521
YHR146W	366	372	394	544	549	368	449	299	364	374	423	280	252	803	356	402	513	428	354	355	166	214	160	276
YHR195W	386	328	422	410	652	512	597	437	436	470	516	412	378	938	422	405	789	614	576	860	205	293	290	471
YHR119W	609	536	646	679	1079	921	864	786	725	659	873	494	503	1246	562	531	1030	1002	1061	1396	356	450	312	468
YHR033W	308	222	350	283	865	802	709	739	544	438	500	370	202	591	235	231	567	721	942	1454	202	254	225	323
YHR024C	896	567	981	825	1663	1536	1426	1397	1080	843	1117	699	527	1441	517	550	1172	1056	1541	1677	500	518	376	670
YHL043W	2	0	0	0	0	1	2	1	2	2	0	0	1	3	0	0	1	0	0	1	2	1	0	0
YHL039W	871	435	928	562	1455	1115	1347	1025	1091	840	1090	548	505	1446	302	349	1089	940	922	1260	364	511	305	492
YHR059W	53	41	58	38	88	73	82	66	44	41	53	52	38	115	49	42	55	58	64	68	26	29	32	48
YHL048C-A	0	0	0	0	0	0	0	0	0	1	0	1	0	0	0	0	0	0	1	0	0	0	0	1
YHR026W	1241	757	1388	824	2090	1547	1976	1460	1676	1089	1758	944	807	2146	620	679	1666	1672	1449	2116	714	1062	556	892
YHR160C	5	6	3	13	6	17	8	7	4	13	4	6	3	12	6	8	9	3	11	14	4	4	1	5
YHR085W	332	119	287	122	506	457	455	344	286	240	353	135	261	698	122	120	553	541	509	568	143	218	143	247
YHR113W	531	612	556	893	984	914	890	732	661	884	674	725	417	957	692	730	792	780	805	1011	350	432	442	743
YHR175W	263	222	309	305	514	332	466	328	341	330	317	218	200	517	272	277	519	372	466	553	180	258	233	363
YHR148W	346	124	359	144	508	419	496	345	357	289	433	200	160	497	96	87	421	387	319	450	117	185	113	221
YHR208W	3383	1968	3245	2477	6182	5441	5146	4715	3769	3175	3955	2516	2465	6082	1778	2030	6237	5202	6336	6954	1952	2665	1642	2791
YHR001W	239	172	290	279	446	354	364	303	282	308	302	260	191	596	232	207	416	372	362	464	124	180	140	222
YHR131C	602	477	556	594	779	541	665	488	544	579	686	389	458	1247	568	578	763	845	636	912	274	417	266	463
YHR049C-A	2	1	6	1	11	18	6	7	5	3	6	1	2	6	0	6	10	4	11	8	4	3	0	0
YHR086W-A	0	1	0	0	1	1	2	1	0	2	0	2	0	1	0	1	4	0	0	0	0	0	0	0
YHR141C	3504	1657	3515	1771	4840	2926	4562	3038	3664	2138	4047	1597	2466	6459	1212	1350	4247	3682	3442	3716	1799	2590	1461	1977
YHR170W	1311	577	1352	712	1864	1292	1628	1105	1282	880	1326	632	1000	2511	510	498	1696	1636	1425	1872	515	744	442	758
YHL021C	1354	951	1428	1335	2487	1831	2305	1679	1706	1986	1804	2013	620	1588	601	644	1300	1142	998	1379	426	647	830	1350
YHR078W	969	505	917	691	1531	1236	1380	1094	1124	952	1378	687	688	1578	485	459	1518	1179	1288	1705	426	687	406	612
YHR007C-A	98	159	118	218	333	494	324	482	163	285	165	234	44	100	102	115	144	124	380	598	44	42	84	135
YHL044W	192	93	232	124	389	289	397	271	260	135	264	114	109	257	92	73	294	217	264	331	101	120	47	97
YHR214W-A	373	266	416	290	354	257	327	302	642	525	662	441	146	668	165	243	192	207	242	376	174	254	236	330
YHR161C	962	922	981	1205	1825	1632	1511	1423	1094	1367	1362	1014	809	2009	1009	1038	1932	1499	1977	2319	519	747	652	1078
YHR074W	1908	1751	2054	2295	3354	2697	3005	2576	2346	2358	2575	1901	1241	3049	1372	1469	2535	2402	2378	3026	967	1316	899	1583
YHR164C	543	691	629	896	1057	918	957	849	686	779	713	567	379	958	634	715	837	892	1018	1531	242	350	372	550
YHL006W-A	2	0	0	0	1	2	1	1	0	2	1	3	0	0	0	0	0	3	1	0	1	0	1	0
YHR204W	836	538	735	725	1216	992	1163	954	878	786	1074	611	636	1432	573	574	1239	990	1158	1430	487	655	384	584
YHL002C-A	2	0	4	2	7	6	5	5	1	0	4	1	0	6	0	0	6	2	5	3	0	0	0	1
YHL030W-A	2	0	1	0	3	1	2	0	0	0	1	0	0	0	0	0	0	0	2	1	0	0	0	0
tF(GAA)H2	2	1	0	0	1	0	1	2	0	0	1	0	3	3	0	1	2	2	0	3	1	0	1	1
YHR163W	890	568	944	749	1746	1286	1469	1094	950	802	1072	725	575	1619	512	463	1359	1198	1194	1406	557	668	533	806
YHL046C	18	16	22	14	41	18	35	18	32	19	21	20	10	61	18	25	35	44	34	47	10	15	14	15
YHR056W-A	12	10	17	9	50	48	38	51	22	23	25	20	5	24	5	5	24	15	37	51	7	10	7	8
YHL004W	928	661	979	808	1797	1818	1763	1667	1258	884	1365	720	510	1493	650	613	1342	1232	1877	2260	723	698	459	798
YHL009C	348	233	338	261	525	380	461	327	366	294	432	239	218	584	174	196	473	413	361	454	140	232	114	193
YHR138C	210	462	233	635	324	337	369	348	263	697	235	541	126	444	572	662	250	204	309	258	117	132	403	629
YHR166C	77	82	88	113	180	161	180	123	105	109	134	87	76	196	93	77	161	210	164	212	36	63	43	96
YHR151C	528	394	522	445	765	588	700	500	671	700	747	539	356	844	348	385	687	602	665	850	318	437	384	573
YHL014C	148	138	153	157	291	271	289	238	197	191	221	152	106	274	157	157	234	233	301	397	97	97	93	155
YHR021C	2923	1401	2970	1562	3789	2959	3828	2791	3179	1956	3143	1477	2608	5035	1287	1396	3775	3793	3112	3091	2195	2664	1377	1878
YHR198C	292	238	321	332	501	441	479	368	357	353	399	254	175	450	226	200	407	332	378	492	172	174	180	275
YHL034C	2312	2428	2411	3102	3618	3164	3264	2833	2448	3297	2866	2626	1972	4182	2489	2528	3446	3104	3077	3733	1310	1647	1727	2815
YHR124W	22	26	23	47	27	30	23	28	22	43	16	24	7	24	19	26	17	10	19	13	4	6	6	22
YHR011W	100	54	97	98	179	126	157	120	102	106	115	89	70	181	76	84	175	161	132	216	48	62	38	80
YHR096C	146	64	186	88	483	249	471	211	237	122	219	120	68	368	57	65	258	219	262	218	80	68	62	97
YHR185C	1	1	2	3	2	0	1	2	1	2	2	1	0	0	0	1	2	0	1	0	1	1	1	0
YHR190W	1548	1658	1762	2062	3307	2809	2913	2572	1962	2370	2068	1850	1104	2939	1690	1801	2678	2490	2824	3627	794	1132	1075	1991
YHR075C	55	69	66	102	126	86	111	106	62	110	80	84	44	127	100	96	115	144	116	152	27	48	40	62
YHR117W	998	628	998	812	1875	1656	1730	1459	1252	937	1328	664	682	1802	499	562	1484	1343	1569	2200	514	662	401	582
YHR109W	213	120	277	185	460	374	386	322	284	207	290	174	158	352	130	122	328	275	335	437	129	154	88	142
YHR207C	132	97	107	121	221	119	202	103	157	107	170	84	90	250	67	55	202	154	121	125	37	78	33	69
YHR132W-A	193	99	221	158	280	186	300	164	192	175	252	152	131	402	144	124	279	182	174	183	72	130	117	201
YHR015W	35	18	45	44	111	103	102	101	42	37	67	36	30	82	33	24	122	56	129	117	17	30	14	28
YHL015W	7464	4585	7444	4808	10199	7356	9582	7164	8237	5818	8208	4567	7458	13389	3885	4002	11025	9367	7702	8624	5782	7174	4190	5682
YHR090C	59	45	58	61	105	86	98	60	59	82	81	60	65	163	68	74	101	97	113	105	35	47	32	77
YHR189W	53	49	57	86	73	48	54	44	44	38	49	45	49	154	107	112	95	89	108	148	43	66	46	71
YHR001W-A	365	418	472	586	716	788	706	760	531	767	536	634	263	650	614	568	550	414	764	736	305	276	610	793
YHR070C-A	1	1	3	0	2	3	2	0	4	1	0	0	0	1	0	0	0	0	1	2	0	2	0	0
YHR108W	2168	1690	2180	2124	3385	2502	2984	2170	2393	2535	2711	1848	1460	3826	1512	1616	2944	2628	2466	3065	1140	1671	1204	2006
YHR006W	763	1178	706	1508	1142	1109	1083	1016	778	1534	960	1180	491	1177	1008	1148	1095	940	1093	1456	334	440	687	1041
YHR147C	85	48	101	64	143	132	129	113	93	59	83	48	60	155	42	44	139	127	142	132	51	49	27	41
YHR180W-A	0	0	0	0	0	0	0	0	0	4	0	2	0	1	1	2	0	0	1	0	0	0	0	1
YHR092C	1563	1411	1574	2006	1783	992	1461	883	1782	959	1702	959	858	1780	1589	1705	1078	814	1184	1160	808	762	620	773
YHR080C	1037	868	1097	1178	2114	2361	1907	2179	1225	1396	1442	1085	759	1673	976	973	1834	1749	2488	3532	534	675	654	1041
YHL045W	1	1	1	0	8	2	6	3	2	2	6	2	4	4	1	2	0	2	3	4	0	1	0	2
YHR022C	31	50	45	54	99	44	87	41	30	10	52	16	19	57	58	54	57	31	54	58	18	16	13	22
YHL027W	960	1032	869	1392	1624	1415	1318	1107	1008	1494	1099	1253	631	1710	1056	1115	1472	1301	1410	1525	487	663	735	1272
YHL003C	643	360	652	398	936	730	851	638	682	467	786	382	535	1164	334	358	975	870	848	1170	353	513	263	492
YHR070W	850	489	837	601	1427	1188	1124	988	890	804	888	603	544	1612	479	550	1337	1251	1334	1747	462	690	429	753
YHR150W	185	218	160	303	242	258	211	217	169	273	203	199	121	262	204	184	236	184	229	287	62	91	107	183
YHR133C	1053	670	1086	830	1631	1043	1466	998	1174	801	1314	647	678	1755	545	576	1342	1162	1078	1466	490	744	414	689
YHR215W	929	179	1170	176	1733	623	1568	623	886	168	548	158	797	2177	121	167	1577	1517	658	780	414	508	88	159
YHL020C	255	222	249	240	436	378	350	316	272	322	308	226	211	617	262	225	508	494	539	703	170	235	182	305
YHR101C	290	214	262	330	494	475	475	401	284	339	420	254	191	485	246	248	451	380	449	642	143	159	167	249
YHR046C	522	206	534	220	932	476	882	419	571	289	668	227	326	893	113	123	698	598	340	371	229	270	90	166
YHR095W	4	5	4	5	7	9	9	5	3	10	6	2	0	10	6	10	11	7	20	20	2	4	12	21
YHR182W	453	283	480	352	668	611	633	550	505	564	680	367	284	758	237	224	665	531	545	851	217	310	219	366
YHR098C	3511	3340	3495	4245	4885	3486	4454	3243	3900	3634	4312	2933	2456	5668	3175	3358	3993	3674	3545	4519	1658	2423	1672	2766
YHR145C	11	19	11	33	10	10	8	6	16	14	13	10	10	25	20	25	6	8	14	11	3	5	10	15
YHR120W	217	147	212	204	329	255	264	223	230	213	275	141	170	402	132	146	359	324	269	405	110	152	84	149
YHL030W	2657	2472	2988	3261	6490	5875	5674	5440	3849	3654	4184	2852	1839	4411	2102	2301	4625	4457	5596	7005	1566	1918	1469	2414
tV(CAC)H	13	5	6	6	13	9	11	15	8	11	15	13	4	9	5	4	5	6	6	10	1	5	1	7
YHR051W	722	658	880	870	1364	1434	1216	1256	814	1102	968	816	489	1234	674	664	983	742	1082	1195	390	472	605	876
YHR130C	36	34	34	32	54	44	43	27	36	50	40	25	25	57	24	32	31	32	25	41	16	24	16	27
YHR149C	812	471	690	564	1148	1182	1081	1133	843	589	1238	409	449	1296	429	493	1123	1033	1287	1831	402	485	237	465
YHR127W	167	155	136	187	243	229	210	167	132	176	176	130	95	308	157	173	272	256	223	306	79	140	102	197
YHR194W	223	277	273	369	544	556	479	482	334	416	353	358	162	457	274	300	452	480	515	883	110	179	170	264
YHR213W-A	0	0	0	0	0	1	1	0	0	0	0	0	0	0	0	0	0	1	1	2	0	0	0	0
YHR032C-A	0	0	0	0	0	1	0	0	0	0	0	0	0	0	1	0	1	0	0	0	0	1	0	0
YHR203C	15115	6820	14750	7283	24476	14544	23513	13737	16715	10334	19764	7020	8477	25660	4170	5084	20100	15112	14310	16214	7037	9885	5449	7727
YHR168W	62	37	75	64	158	116	115	131	74	63	66	60	48	136	50	53	102	122	119	219	24	42	37	60
YHR167W	92	57	80	67	108	79	99	55	64	65	78	54	78	230	69	57	137	167	104	132	38	63	47	74
YHR050W	338	325	325	471	555	488	524	461	405	504	428	405	245	622	371	424	455	464	637	796	149	267	239	404
YHR112C	788	1107	738	1414	1187	1030	1010	878	789	1209	894	968	433	1160	930	1108	798	734	808	1073	339	461	509	815
YHR027C	3610	3243	3757	4163	6312	5021	5394	4578	4025	4219	4223	3303	2751	6379	2960	3186	5366	4789	4810	5855	1857	2549	1928	3117
YHR214C-E	2	1	0	2	1	0	3	2	2	2	0	6	1	3	2	3	4	0	2	2	2	1	1	4
YHR214W	100	74	123	82	90	76	93	82	155	144	158	104	56	218	47	76	55	60	70	134	46	82	84	104
YHR188C	2517	2703	2640	3513	4078	3504	3705	3409	3398	3275	3484	2747	1737	4335	2817	2872	3323	3242	3686	5358	1466	1994	1382	2372
YHL023C	831	593	724	777	1388	1186	1134	968	790	916	1015	640	533	1231	519	518	1201	1125	1152	1572	340	473	347	572
YHR099W	10625	6474	10595	8181	18854	13609	16547	12222	12203	8928	13544	6679	7748	16995	5649	6152	16531	16682	14311	20364	5312	7274	4197	6643
YHR196W	465	253	542	291	722	645	696	526	468	429	570	265	366	950	216	242	625	750	620	786	211	289	153	337
YHR177W	459	475	504	494	1130	842	1057	902	729	742	838	572	240	597	333	380	832	689	867	1325	214	335	283	401
YHR174W	22282	17448	23114	19924	36984	28651	32043	27248	28518	23740	26830	19682	18588	37118	15186	16876	30965	34117	26911	30031	14593	19842	11053	18370
YHR199C-A	29	20	23	35	59	46	36	50	36	43	48	37	19	60	23	32	52	44	59	74	11	11	20	41
YHR034C	92	95	95	132	202	192	226	148	107	138	120	100	83	253	96	152	174	220	227	290	68	86	71	141
YHR179W	4177	1914	3746	2123	6757	2683	5851	2507	4344	1980	4614	1444	3174	7683	1423	1415	6314	5596	2611	2882	1707	3183	811	1399
YHR014W	5	2	5	4	30	14	27	15	10	9	17	6	10	22	4	6	25	13	16	17	6	12	5	8
YHR171W	139	293	171	380	266	219	250	208	182	293	211	216	84	200	199	205	220	152	156	260	59	92	127	165
tF(GAA)H1	0	0	0	0	0	0	0	0	0	1	0	0	0	1	0	0	0	1	1	1	0	0	0	0
YHR121W	307	185	367	288	554	350	421	344	335	236	387	196	324	904	257	295	613	575	453	572	175	247	124	263
YHR116W	46	21	39	34	69	80	76	68	69	32	53	34	23	51	28	26	56	32	39	80	27	21	15	30
YHR087W	387	1149	383	1377	608	394	626	393	507	673	484	554	150	432	876	900	262	202	185	193	105	170	244	412
YHR176W	119	108	139	170	326	323	284	272	186	224	170	172	93	256	124	151	269	208	362	452	86	127	130	236
YHR173C	2	2	1	3	0	4	7	1	3	2	1	2	0	3	1	4	0	1	1	1	0	0	2	3
YHL010C	100	137	111	149	212	160	150	126	130	129	125	93	90	215	151	137	163	189	190	267	50	91	77	121
YHR102W	1605	1383	1619	1731	3099	2735	2751	2427	1847	1789	2220	1368	1072	2866	1244	1356	2911	2771	2803	4027	882	1135	886	1323
YHR063C	818	888	864	1189	1317	1117	1190	986	910	1114	1078	821	702	1768	978	1023	1362	1081	1134	1391	374	557	492	846
YHR050W-A	44	50	56	54	96	89	92	84	56	100	74	54	30	74	50	44	58	48	87	72	15	32	28	50
YHR137C-A	1	0	1	1	1	0	0	1	0	1	1	0	0	0	0	0	0	0	1	1	0	0	0	0
YHL017W	585	365	585	505	970	666	877	625	730	545	795	436	439	1022	322	396	850	717	659	978	304	416	278	463
YHL035C	1708	10313	1692	13691	2165	2847	2328	2925	1763	2811	1769	1724	1099	2355	10725	11268	1657	1409	2344	3200	602	947	853	1319
YHR043C	191	239	224	373	384	371	340	300	233	452	274	280	151	497	351	344	310	287	303	323	107	103	197	410
YHR115C	925	681	955	867	1479	1158	1222	980	1081	1048	1208	821	600	1683	696	736	1293	1290	1248	1848	526	758	458	892
YHL007C	2908	2334	2832	2779	4533	3304	4023	3152	3182	2886	3776	2000	1718	4299	1995	2107	3692	3463	3497	4348	1377	1754	1113	1865
YHR018C	1302	1781	1275	2411	2240	2211	1728	1874	1318	2525	1692	1985	1466	3500	2117	2256	2412	1837	2103	2491	819	1138	1062	1952
YHR076W	249	254	288	332	423	471	421	351	297	289	344	218	202	532	252	246	375	374	458	596	127	180	154	254
YHL019C	311	347	324	542	580	422	467	392	365	496	412	403	156	497	340	329	462	416	368	574	123	188	226	345
YHR061C	33	38	36	52	72	62	69	45	34	40	43	18	23	54	29	36	48	60	77	104	15	34	14	22
tV(AAC)H	0	0	0	0	2	1	0	0	0	0	0	1	0	1	0	0	0	1	0	0	0	0	0	0
snR32	228	250	240	240	390	288	314	271	252	236	176	201	262	483	190	237	261	390	294	249	128	156	125	189
YHR068W	1914	1003	1852	1116	2673	1719	2342	1556	1916	1269	2151	954	1381	3434	724	747	2561	2369	1669	2007	956	1416	568	982
YHR218W-A	1	3	2	2	3	3	4	2	2	3	3	1	7	10	5	7	7	15	8	14	2	4	2	3
YHR037W	644	713	720	1089	1294	1426	1200	1276	744	1237	866	952	505	1176	813	812	1013	997	1468	1766	382	454	486	936
YHR012W	157	186	169	227	278	179	193	167	154	202	168	148	164	444	245	236	275	290	239	272	83	119	136	219
YHR144C	250	185	233	255	303	204	305	204	222	212	296	143	123	349	130	139	262	212	181	212	74	122	109	152
YHR077C	1365	857	1354	1001	2124	1596	1886	1452	1404	1201	1784	842	1085	2298	727	810	2014	1859	1685	2295	554	860	523	821
YHR156C	59	29	69	49	75	66	79	46	59	37	65	31	26	116	30	30	95	103	58	65	27	30	23	33
YHR217C	27	45	46	33	67	58	55	51	49	39	65	40	8	45	20	34	52	56	80	155	13	26	19	36
YHR036W	174	106	130	147	259	193	216	191	166	163	185	111	122	281	112	135	247	261	227	386	69	83	72	121
YHR091C	386	367	372	447	547	571	582	518	399	422	506	324	273	674	333	338	538	493	672	1039	213	261	209	301
YHR052W	935	415	906	467	1214	941	1036	733	818	652	905	397	634	1657	340	300	1167	904	788	923	364	466	301	517
YHR123W	534	380	530	499	831	568	855	592	638	614	703	431	331	888	360	354	765	534	644	718	252	438	251	445
YHR009C	1808	1295	1610	1696	2685	2098	2326	1840	1905	1790	2153	1434	1334	2912	1329	1286	2226	1846	1986	2380	926	1276	796	1356
YHL018W	23	16	15	31	36	16	21	13	23	28	12	21	22	59	30	33	34	30	41	39	18	11	24	36
YHL012W	3	17	8	17	3	1	4	2	7	5	5	6	2	10	20	14	2	1	1	0	1	2	4	4
YHR211W	1058	836	1055	992	2000	1852	1845	1723	1521	1353	1609	1109	589	1633	749	822	1692	1794	2085	3086	486	771	582	886
YHR155W	1474	1119	1321	1497	2622	2227	2342	2021	1627	1868	2031	1382	882	2047	1000	993	2008	1787	2007	3012	640	939	692	1046
RUF5-1	27	25	29	44	30	39	40	67	28	51	26	47	36	91	64	93	62	33	245	85	14	21	43	57
YHR139C	14	12	11	9	32	31	34	16	21	18	17	17	11	25	4	10	16	16	34	26	14	12	11	33
YHR032W-A	134	51	127	89	235	200	186	156	166	120	154	86	72	215	55	55	164	200	176	270	56	74	49	82
tA(AGC)H	1	21	0	36	1	0	0	1	1	47	2	35	0	1	40	46	0	0	0	2	1	0	37	65
YHR210C	53	61	72	62	91	73	72	58	49	49	54	43	44	114	83	74	88	68	92	88	28	30	33	59
YHR072W-A	412	250	468	295	588	475	538	392	458	311	393	284	415	922	267	289	602	638	483	517	280	408	228	386
YHR140W	23	13	21	17	14	24	30	31	15	23	35	24	16	40	13	23	26	20	31	50	11	19	17	41
YHR044C	99	54	119	76	274	149	232	111	140	78	160	62	99	303	54	69	256	190	156	155	54	86	40	86
YHL016C	91	130	90	204	237	255	218	234	132	194	123	189	66	177	172	196	238	182	320	278	54	77	94	162
tP(UGG)H	0	0	0	2	3	4	3	1	2	2	2	3	0	5	2	1	2	1	2	1	0	1	3	2
YHR202W	288	228	255	327	486	531	513	494	335	354	379	297	152	397	220	228	403	377	513	747	102	149	143	255
YHR019C	5491	3233	5608	3772	9720	7291	8243	6578	6331	4625	6221	3471	4030	9676	2310	2472	7972	7952	6928	8177	3116	4346	1675	3143
YHL034W-A	6	11	1	26	0	0	1	0	1	1	2	1	1	6	10	20	3	2	2	1	0	1	2	0
YHR213W-B	0	0	0	1	1	0	2	0	1	2	0	0	0	0	0	1	1	3	1	2	0	0	0	0
YHR104W	1281	1396	1490	1837	2702	2341	2328	1929	1765	1961	1760	1670	776	2056	1239	1263	1618	1474	1798	2122	650	836	890	1425
YHR083W	414	335	432	385	887	684	771	622	472	316	493	242	263	755	257	298	758	734	719	918	248	324	122	242
YHR165W-A	0	0	0	0	1	3	4	1	2	1	2	1	2	2	1	1	2	3	3	0	0	1	0	2
YHL022C	31	1076	39	1641	21	25	23	20	25	391	27	229	17	61	1314	1519	24	19	20	18	12	10	131	258
YHR032W	520	276	539	394	1103	904	863	662	622	522	659	405	410	1132	291	318	883	1017	976	1492	269	417	217	404
YHR008C	1300	1789	1386	2328	2987	4099	2564	3415	1612	2676	1582	2307	820	2490	2122	2199	2323	2144	4385	4535	1120	1118	1626	2947
YHL038C	429	279	474	343	831	701	683	642	479	397	582	265	319	804	271	260	741	728	718	1150	220	296	193	314
YHR071C-A	2	1	0	2	4	2	0	0	0	1	2	1	1	4	2	2	1	2	1	0	1	1	0	1
YHR081W	209	72	184	125	273	212	261	166	181	144	233	94	177	451	115	112	290	271	236	258	86	100	56	130
YHL050W-A	1	0	1	1	2	0	2	1	2	0	3	0	0	3	2	1	0	7	2	5	2	0	0	1
YHL028W	640	489	375	606	487	557	496	480	586	262	892	234	471	884	607	673	416	340	542	878	382	624	111	184
YHR073C-B	0	0	1	0	0	0	1	0	0	0	0	0	0	0	1	0	0	0	1	0	0	0	0	0
YHL033C	4378	2673	4422	2982	5572	4735	5125	4167	4710	4251	4910	3017	3461	7503	2178	2162	4826	3345	4242	3767	2632	3130	2264	3486
YHR066W	504	229	521	286	743	627	566	494	422	368	461	256	328	1115	226	256	739	737	812	895	228	260	208	369
YHR029C	283	190	238	202	408	325	328	282	247	226	338	244	160	509	101	168	417	271	350	230	120	178	105	207
YHR178W	147	168	166	260	266	254	222	197	167	198	181	164	126	312	241	229	294	266	350	454	81	118	119	209
YHR063W-A	1	0	0	0	0	0	2	0	0	0	1	0	0	0	0	0	0	1	0	0	0	0	0	0
YHR040W	95	65	124	83	170	170	157	145	110	95	128	76	93	316	96	97	232	299	296	338	68	89	62	129
YHR192W	386	320	447	415	645	516	543	467	435	391	531	307	266	621	320	296	608	470	553	757	212	279	215	337
YHR017W	445	310	478	424	677	516	693	441	492	435	564	360	286	613	288	274	500	433	415	608	210	290	222	344
YHR004C	449	352	404	476	618	461	644	485	470	489	563	370	297	696	288	276	694	454	462	718	182	303	183	329
YHL040C	733	322	610	410	628	775	755	947	793	482	712	339	448	993	202	312	523	436	573	698	281	446	170	252
YHR191C	7	6	10	9	6	6	8	4	3	4	6	4	10	26	21	10	18	24	7	19	7	8	3	6
YHR201C	215	232	245	349	272	217	204	159	213	256	206	184	222	564	323	323	290	307	216	276	119	163	105	212
YHR103W	999	974	975	1347	1438	1099	1255	980	993	1233	1133	890	708	1900	1032	1140	1372	1219	1331	1721	484	628	637	1055
YHR213W	7	4	8	7	20	20	25	14	7	8	6	7	4	9	5	6	27	17	16	30	4	3	6	6
YHR153C	2	7	4	6	6	6	8	3	6	9	11	2	8	10	4	1	5	2	4	8	2	2	0	1
YHR082C	2535	2877	2689	3595	5280	4311	4741	3877	3143	3653	3342	2730	1692	4059	2394	2744	4319	3800	4459	5879	1273	1754	1610	2512
YHR069C-A	6	3	8	8	26	17	19	15	13	10	7	9	4	16	11	16	18	13	21	40	5	4	5	7
YHR020W	3919	1134	3994	1312	6760	4782	5726	4242	4359	1017	4391	699	2728	6689	667	787	5417	5229	4787	5349	1999	2775	330	584
YHR057C	274	472	323	666	578	472	496	375	340	280	368	262	249	614	728	756	548	539	568	880	186	239	181	300
YHL024W	154	612	146	968	294	490	264	412	205	396	221	376	83	218	695	728	188	165	476	506	83	97	191	250
YHR128W	1528	638	1599	726	2283	1528	2230	1482	1909	1012	1817	854	862	2167	324	396	1845	1788	1189	1575	733	1060	340	594
tQ(UUG)H	0	1	0	0	1	1	2	1	1	0	1	0	1	2	0	0	1	1	1	0	2	1	1	0
YHR047C	2755	1725	2883	2163	4960	3496	4250	3134	3071	2438	3470	1801	1905	4934	1536	1524	4358	3804	3079	4141	1295	1888	840	1661
YHL026C	286	95	328	75	540	543	525	524	437	125	485	114	187	548	50	74	382	317	450	549	203	237	45	81
YHR197W	1066	422	1057	530	1436	1135	1332	963	1072	816	1115	511	573	1598	296	348	1270	1093	1139	1388	395	546	306	561
YHR028C	993	736	996	965	1762	1574	1613	1337	1060	964	1237	745	841	1794	829	820	1717	1758	1829	2480	501	768	408	802
YHR134W	62	56	66	98	100	83	87	69	64	79	71	56	49	116	63	61	78	90	78	83	31	26	20	53
YHR122W	177	90	194	127	390	338	342	295	205	224	260	139	125	434	88	97	328	268	292	335	94	118	85	177
YHR067W	208	243	204	331	300	296	273	250	209	376	260	269	164	395	231	264	267	239	276	371	93	143	148	285
YHL037C	8	8	5	13	22	18	16	22	16	17	6	7	6	7	25	27	9	12	12	18	3	6	2	7
YHR013C	715	549	658	711	938	674	904	567	700	710	784	508	538	1364	554	571	938	779	714	775	337	552	385	646
YHR137W	225	290	230	358	465	323	386	293	325	738	375	546	125	390	252	258	298	289	286	277	91	116	270	504
tT(AGU)H	0	0	0	0	1	0	2	0	0	1	1	1	0	1	0	2	0	0	0	1	0	0	0	0
YHR158C	836	637	833	872	1494	1121	1325	915	894	772	1008	554	658	1667	704	765	1409	1372	1305	1484	474	678	358	620
YHR038W	91	64	106	81	198	171	193	166	130	102	161	47	82	171	67	59	176	129	180	192	57	67	43	59
YHR042W	5064	3256	4856	3648	9442	7260	8921	7201	6798	4781	6899	3831	3151	8096	2863	2821	8588	7374	8092	10985	2425	3917	2065	3222
YHR028W-A	2	2	2	1	1	3	1	3	3	2	2	0	2	2	0	0	2	2	1	3	0	0	0	0
YHL049C	39	57	38	77	100	98	90	81	42	78	48	52	43	101	73	114	95	161	150	224	25	36	58	79
YHR041C	530	289	480	391	868	588	767	589	659	462	684	374	270	836	283	291	617	558	534	642	252	394	209	354
YHR069C	615	538	664	664	855	774	766	628	622	603	726	466	432	1245	536	585	811	674	742	907	288	379	336	579
YHR200W	651	631	644	800	1182	1050	1041	868	674	825	695	658	449	1206	667	696	994	1046	1028	1230	412	506	506	822
YHR053C	11791	2516	19866	4155	18103	4603	17033	5548	12760	3878	16279	2302	6548	31841	3096	4016	16182	9850	6713	5238	4636	6691	2616	3069
YHR218W	78	133	81	152	181	190	167	165	103	160	91	108	68	228	159	224	180	301	311	480	52	72	111	165
YHR021W-A	34	13	28	8	40	35	56	19	32	19	43	18	20	26	1	7	39	15	24	36	17	18	6	15
YHR114W	796	488	848	610	1542	1098	1325	1018	938	790	1012	599	577	1424	488	514	1365	1303	1333	1767	385	549	342	557
YHR039C	1949	1418	2046	1781	3559	3162	3140	2822	2392	2371	2673	1923	1374	3127	1244	1511	3073	3005	3631	5046	1036	1376	1086	1832
YHL019W-A	2	1	3	1	2	4	2	3	0	1	2	0	2	2	2	0	0	1	1	4	1	0	0	0
YHR152W	410	590	416	857	272	244	211	214	344	646	390	548	373	931	903	935	278	254	328	330	199	270	432	780
YHL046W-A	1	0	0	0	1	0	0	0	0	17	0	19	0	0	0	0	1	0	1	0	0	0	7	19
YHL011C	2125	1255	1953	1556	2929	2221	2684	1925	2168	2164	2352	1536	1294	3144	932	890	2198	1895	1752	2221	794	1143	891	1522
YHR129C	73	58	53	89	118	104	88	74	49	64	60	57	65	173	77	76	151	131	148	177	40	47	52	88
YHR199C	431	315	421	353	972	782	884	723	573	633	652	474	216	679	248	244	665	617	629	906	205	328	212	358
YHR159W	145	139	140	172	256	188	227	168	159	153	160	129	83	249	134	117	229	205	192	271	80	97	62	111
YHR193C	1867	1323	1940	1487	2854	2069	2458	1939	2045	1658	1990	1316	1855	4058	1222	1180	2731	2488	1876	2129	1135	1563	908	1598
YHR030C	1656	3661	1998	4528	3403	3329	3259	3066	2141	5124	1899	3944	1089	2859	3668	4132	2762	2344	2956	3886	776	1147	2814	4388
YHL050C	150	149	168	181	277	285	246	228	199	219	186	157	118	370	169	218	234	366	387	571	90	119	116	179
YHR162W	551	409	537	492	1080	893	966	747	679	669	640	576	427	1191	361	428	905	820	809	813	370	444	440	687
YHR089C	625	294	580	333	828	573	670	457	552	342	530	272	559	1356	246	276	823	942	668	808	373	503	269	497
YHL005C	1	1	0	0	0	2	2	0	0	2	0	0	0	0	0	2	2	0	1	1	0	0	2	1
YHR010W	5204	2940	5117	3137	7117	5263	6890	5120	5813	4180	5993	3117	4688	9306	2542	2492	7142	6112	5160	5330	3554	4579	2554	3537
YHR079C-A	0	0	0	0	0	2	0	1	0	0	0	1	0	0	0	1	0	1	1	0	0	1	2	3
YHR212C	3	1	2	2	8	6	8	5	7	4	4	3	2	6	2	7	13	7	10	15	1	2	1	4
YHR005C	1154	1240	1090	1576	579	428	465	396	1063	1544	1289	1136	929	2347	1282	1312	489	469	399	549	578	739	789	1274
YHR187W	360	256	357	303	516	459	472	409	363	330	391	257	196	501	186	182	425	401	385	416	126	157	171	267
YHR183W	5507	3696	5684	4441	9782	7422	8406	6718	6363	5659	6692	5224	3202	8081	2964	3018	6783	6206	6084	6677	3189	3754	3389	4348
YHR205W	2273	1712	2140	2234	4010	3306	3539	2789	2512	4457	2983	3228	1371	3545	1272	1558	3234	3250	3193	4654	1135	1558	2068	3286
YHR139C-A	0	0	1	1	3	3	1	0	0	1	0	1	1	2	1	1	4	0	1	6	0	4	0	0
YHR111W	266	171	270	206	454	331	388	318	307	266	291	190	169	462	144	162	366	394	330	447	104	165	106	221
YHR049W	2099	1525	2069	1837	2817	1972	2602	1676	2363	1550	2578	1230	1250	3483	1257	1382	2110	1757	1484	1983	1098	1459	833	1117
YHR131W-A	1	1	1	0	2	1	0	2	0	4	1	0	1	0	0	0	3	1	0	2	2	1	0	1
YHR072W	1304	1067	1330	1286	2216	1994	1862	1663	1385	1445	1406	1084	842	2190	970	1038	1831	1798	2185	2944	552	808	638	1107
YHR209W	143	479	158	647	340	484	355	401	179	782	159	568	62	214	525	552	236	203	313	322	66	88	416	628
YHR107C	989	784	932	1038	1542	1105	1399	957	1000	1105	1097	811	653	1777	783	788	1394	1311	1101	1474	420	687	436	835
YHR071W	2377	1829	2636	1760	5324	4591	4670	4149	3107	3099	3197	2440	1419	3608	938	1222	4093	3073	4104	4618	1350	1747	1378	2070
snR71	78	41	96	42	214	164	223	154	114	79	126	55	31	97	21	40	107	101	119	160	23	55	26	40
YHR216W	430	232	595	228	686	534	533	368	483	317	394	199	185	755	151	167	423	563	398	789	125	245	94	192
YHL013C	91	68	75	76	113	90	116	83	74	81	87	52	58	178	73	76	142	122	117	143	41	48	43	76
YHR060W	294	340	356	446	367	275	338	279	315	290	375	196	207	505	411	415	429	340	289	305	128	175	157	225
YHR143W-A	157	110	166	186	285	198	267	206	176	184	166	138	157	406	166	146	310	264	292	272	101	141	110	217
YHR142W	462	1048	485	1324	595	621	585	578	546	863	547	692	330	814	1156	1348	486	412	640	751	226	332	421	737
YHR058C	209	1429	212	2109	248	189	173	160	164	216	183	124	191	431	2101	2106	295	250	238	280	107	135	111	210
YHL008C	771	600	882	641	1664	1321	1624	1310	1031	782	1134	631	528	1403	432	494	1394	1424	1424	2429	473	586	380	496
YHR054W-A	3	5	4	7	6	8	7	13	3	13	2	6	3	11	8	14	9	6	33	9	3	3	9	6
YHR118C	144	122	143	150	266	200	206	167	180	176	200	95	90	264	120	134	204	204	181	219	45	82	66	115
tT(UGU)H	0	0	0	0	0	0	0	0	0	4	0	1	0	1	1	2	0	0	1	0	0	0	0	1
YHL048W	710	834	788	1085	1176	936	1010	831	934	1083	926	865	437	1157	726	789	960	871	826	1192	364	555	555	878
YHR157W	35	39	38	24	140	104	132	84	62	54	59	36	32	51	19	22	103	66	98	100	18	30	15	36
YHR110W	243	364	228	446	442	485	441	402	329	491	338	342	190	423	371	376	368	367	483	648	137	214	187	311
YHR023W	1218	1129	1241	1486	2161	1776	1823	1560	1390	1284	1681	880	873	2095	1162	1289	1804	1632	1780	2324	495	765	499	875
YHR062C	222	102	229	157	360	278	316	238	265	221	222	137	168	467	112	131	316	322	318	429	107	117	90	175
YHR219W	82	84	82	92	165	158	133	128	99	112	105	88	76	247	120	153	177	266	267	390	46	77	62	112
YHR136C	343	29	342	31	506	130	502	133	289	69	240	62	270	539	28	29	454	340	117	112	177	166	80	80
YHL001W	1288	622	1400	650	2038	1298	1843	1240	1350	828	1402	612	1408	3344	561	553	2328	2021	1573	1749	989	1373	670	984
YHR181W	792	587	804	693	1174	1061	1258	996	959	866	1146	726	530	1285	522	550	1179	902	989	1298	492	746	565	792
YHR214C-B	28163	32574	28088	39851	46375	39888	40761	39326	29437	44659	40483	37237	21849	65730	32483	50183	57094	50823	65153	71322	11744	19883	33554	44594
YHL009W-B	407	570	405	742	447	371	424	342	385	801	516	634	298	803	524	763	436	373	527	571	167	230	518	624
YHR214C-C	1614	1381	1525	1725	2249	1894	1873	1743	1723	1642	1815	1366	1394	2607	1520	1710	2499	2309	2347	2533	939	1395	1084	1561
YHL009W-A	58	66	58	94	73	52	66	48	63	104	80	84	51	135	66	107	70	64	76	90	25	39	79	103
YIR015W	84	67	116	82	200	150	176	131	110	87	112	84	88	209	62	90	190	201	208	249	57	83	49	80
YIL156W-A	1	0	0	2	2	2	1	2	2	1	0	1	2	6	0	0	2	1	2	2	2	2	0	0
YIL115W-A	0	0	1	0	4	3	2	0	0	0	2	0	1	0	0	0	1	0	1	4	0	0	0	0
YIL086C	6	4	11	6	13	11	8	8	3	2	10	4	2	14	2	3	12	14	11	16	1	6	3	4
YIL156W-B	97	61	86	115	154	122	122	114	114	112	115	96	78	185	94	118	130	129	118	105	61	96	92	125
tT(AGU)I2	2	1	1	2	2	1	4	2	2	3	2	3	0	4	1	1	3	2	1	2	0	2	0	2
YIL146C	300	335	305	470	625	489	538	433	366	498	401	392	180	489	311	366	499	525	582	864	145	192	204	357
YIL010W	212	425	269	550	460	504	441	419	259	570	304	417	145	424	357	348	370	310	406	450	128	165	238	439
YIL117C	1067	2931	1378	3653	1241	1574	1211	1400	1446	4951	1272	4214	616	1797	3068	3302	886	667	1270	1599	515	708	3124	4771
YIL050W	165	215	176	327	283	247	250	188	196	282	212	194	124	288	221	239	239	191	229	309	89	120	144	240
YIL107C	442	688	454	1006	1082	929	1029	856	536	862	683	752	287	750	728	719	835	783	957	1243	181	291	410	634
YIL150C	186	114	179	116	350	247	311	214	200	177	262	91	140	360	96	106	297	332	325	454	87	134	74	125
YIL165C	24	10	18	26	36	30	23	22	12	26	22	20	30	54	22	14	38	42	40	44	12	22	10	22
YIL045W	489	170	511	214	794	373	935	395	589	211	700	160	257	646	123	119	584	450	219	293	146	282	82	126
YIL126W	1369	1015	1322	1301	1926	1445	1747	1241	1160	1325	1548	887	1059	2531	1118	1103	2022	2054	1824	2430	572	823	597	997
YIL158W	96	80	89	74	115	120	143	115	93	116	131	83	47	120	69	68	94	50	105	110	29	31	44	63
YIR018W	128	107	142	153	232	217	213	167	118	188	207	129	90	192	88	99	207	190	200	245	64	85	69	103
YIR039C	226	172	314	260	865	735	797	663	432	368	404	311	178	436	153	172	622	580	702	982	144	206	138	214
YIL082W	1783	15420	1164	21271	50	32	23	43	3433	39593	3580	37935	1432	2689	17339	20665	10	6	7	6	1434	2356	23948	33153
YIL056W	1364	1126	1360	1331	2643	2361	2463	2206	1762	2287	1950	1764	624	1870	805	868	1870	1414	1938	2322	647	906	869	1417
YIL161W	73	52	72	72	99	96	84	84	75	55	85	44	68	209	85	89	150	142	137	128	26	60	42	63
tS(UGA)I	0	1	0	1	3	1	1	6	4	5	2	4	1	2	0	2	0	0	4	1	1	2	1	4
YIL119C	399	179	338	275	418	284	368	231	407	373	581	382	247	506	260	246	638	406	504	454	224	342	310	464
YIL016W	0	2	0	3	0	0	0	0	0	3	0	4	0	0	0	1	1	0	0	0	0	0	1	1
YIL144W	205	270	205	367	362	333	359	290	225	392	297	252	128	304	175	221	220	251	266	354	74	115	130	190
YIL026C	257	321	223	473	538	496	395	354	234	344	352	251	242	649	378	388	590	508	516	623	157	181	168	273
tD(GUC)I1	0	0	0	0	0	0	0	0	0	0	0	0	0	0	0	0	0	0	0	0	0	0	0	0
YIL163C	4	4	3	1	2	7	4	1	1	2	2	1	0	6	0	2	2	4	4	2	0	1	1	2
YIL139C	67	41	59	41	79	57	82	65	52	43	49	23	44	142	52	36	88	73	90	89	15	38	21	30
YIL171W	0	0	0	1	0	0	0	0	0	1	0	1	0	0	0	0	0	0	0	0	0	0	1	0
YIL068C	566	404	540	542	901	654	775	611	606	566	783	419	460	994	400	390	832	678	691	938	276	401	290	460
YIL065C	205	148	201	231	312	302	311	267	235	283	239	205	126	360	200	206	294	244	285	284	97	111	130	247
YIL098C	72	24	63	52	114	70	85	73	59	43	72	26	64	216	75	77	139	113	143	125	54	47	33	59
YIL141W	30	117	34	104	94	136	67	114	44	89	44	75	14	33	69	91	56	47	90	123	13	14	32	51
YIL009W	584	205	498	254	731	373	536	361	526	274	615	226	467	1216	214	230	948	934	588	732	388	491	148	285
YIR021W-A	13	8	13	14	21	15	14	16	12	11	10	8	8	28	8	10	16	20	16	16	4	8	7	10
YIR020C-B	0	0	2	2	3	4	2	2	2	1	0	0	0	1	0	0	2	0	1	0	0	1	0	0
YIL044C	655	571	660	687	1038	804	936	732	766	821	870	646	501	1246	538	492	1073	781	779	919	328	505	372	607
YIR020W-A	2	1	2	0	24	26	15	12	3	6	4	0	0	3	0	1	10	8	10	20	2	1	4	0
YIR004W	266	184	307	248	489	391	401	330	260	273	315	200	261	641	246	254	508	540	501	640	138	218	132	256
YIL092W	144	83	131	115	223	180	217	162	128	133	174	100	131	304	96	96	216	256	242	283	68	90	77	126
tD(GUC)I2	1	0	0	0	0	0	0	0	0	0	1	0	1	1	2	0	1	0	1	0	1	0	0	0
YIL136W	136	133	159	248	301	303	288	250	160	108	169	122	138	338	259	227	264	262	321	382	68	104	71	114
YIR022W	305	164	294	240	523	393	472	304	294	246	298	181	260	681	226	252	530	524	516	648	192	262	153	274
YIL002W-A	496	319	476	363	734	617	720	595	558	520	621	407	372	854	329	337	647	455	506	564	276	343	291	498
YIL066W-A	0	1	1	2	2	2	0	1	2	6	3	5	0	1	1	0	1	0	1	2	1	2	4	4
YIL133C	4431	1678	4612	1918	6260	3938	5935	3654	4843	2816	4872	2060	3729	7914	1446	1392	5952	4991	4011	4447	2853	3818	1802	2905
YIL123W	5264	8249	5092	9723	6470	8884	5851	8352	7275	9796	7844	8548	3681	8548	8040	9043	5263	4234	7893	9157	3734	4458	4864	7141
YIR001C	665	465	608	594	839	644	799	618	618	609	748	501	430	1121	430	456	916	714	680	811	288	399	315	490
YIL153W	246	232	241	294	471	421	416	374	357	380	325	336	128	435	232	246	411	325	442	589	141	161	153	228
YIR002C	449	329	474	477	743	575	646	468	424	301	523	180	298	857	287	348	707	610	618	803	182	265	108	183
YIL108W	1318	3563	1361	4155	2362	2165	2078	1963	1430	3398	1621	2445	814	2184	3018	3510	1994	2006	2081	2649	655	984	1446	2397
YIR023C-A	2	0	2	2	3	3	3	2	2	2	4	6	0	0	0	1	1	4	1	3	0	4	2	0
YIL067C	466	517	467	674	801	662	719	600	522	704	642	548	333	877	525	605	734	650	814	1049	256	380	348	574
YIR019C	676	1717	549	2285	1025	696	931	709	868	925	920	872	352	1092	1936	2160	671	653	837	1475	257	442	503	758
YIL028W	12	16	13	12	29	40	33	34	17	29	15	11	9	33	17	19	25	30	53	62	7	17	10	22
YIL134W	64	29	75	47	133	122	124	84	82	63	77	32	58	157	46	46	114	103	139	136	49	49	27	62
YIL159W	176	179	194	210	388	370	319	311	218	298	253	172	142	400	139	157	336	382	384	630	91	130	120	163
YIL011W	487	70	628	73	1651	783	1630	771	978	231	807	161	124	504	34	42	876	602	522	608	185	324	78	126
YIL110W	321	184	314	228	463	314	412	265	271	277	337	189	349	883	231	235	571	526	437	518	167	240	148	248
YIL131C	124	146	120	233	172	188	130	142	116	261	133	179	83	253	220	216	164	120	237	262	75	76	134	244
YIL128W	1722	1062	1636	1403	2806	2242	2480	2006	1874	1839	2276	1242	1143	2635	853	999	2153	1875	2025	2729	738	1034	657	1163
YIL064W	336	92	389	134	626	416	569	344	397	218	358	174	224	746	119	130	544	541	478	614	176	287	144	240
YIL071C	170	188	197	249	301	212	292	180	185	246	234	184	142	356	226	210	307	229	288	354	86	174	106	207
YIL147C	470	332	472	410	867	730	740	644	563	458	604	363	304	889	324	354	766	784	882	1238	228	312	228	370
YIL149C	1468	715	1479	896	2227	1668	2073	1432	1556	1029	1782	749	978	2260	695	728	2089	2059	1864	2656	593	914	516	803
YIL106W	346	572	290	722	548	472	495	441	378	652	437	460	198	541	458	535	465	383	460	562	159	213	263	496
YIL005W	1662	1263	1655	1653	2601	2152	2448	2028	1732	1717	2136	1300	1240	2738	1256	1282	2671	2384	2487	3787	770	1067	792	1214
YIL169C	5	3	1	2	36	24	28	24	13	2	7	0	2	8	1	5	20	33	26	39	1	2	3	1
YIL004C	79	50	90	79	122	86	120	78	67	88	84	57	57	136	61	74	99	110	107	120	41	57	37	65
YIR014W	26	28	38	53	56	32	52	43	32	44	31	44	25	54	42	43	50	68	68	105	14	16	26	36
tE(CUC)I	0	0	0	0	0	0	0	0	0	0	0	0	0	1	0	0	0	0	0	0	0	0	0	1
YIR033W	1906	657	1640	838	2119	1205	1847	1076	1797	893	2345	594	1843	4070	609	641	3017	2859	1434	1894	1088	1669	395	640
YIL105C	547	505	567	634	991	744	871	701	630	705	709	514	381	1048	452	470	1004	770	729	1002	267	422	290	489
YIL057C	4	1	1	5	4	1	3	2	0	3	2	0	4	2	4	6	6	2	3	3	1	2	4	2
YIL017C	567	1479	665	2437	1168	1164	1111	994	817	9369	992	8212	455	1182	2368	2503	1120	852	1366	1610	446	657	5998	9695
YIL132C	50	34	51	58	89	76	66	70	55	69	79	44	25	56	29	27	71	53	62	79	21	27	41	57
YIL070C	261	179	328	288	516	636	522	543	315	266	376	192	120	294	135	146	259	206	468	544	160	121	102	199
YIL051C	3084	2223	3285	2495	4653	3768	4643	3662	4149	3286	4215	2873	1932	4151	1444	1669	3325	2622	2356	2680	1832	2326	1694	2412
YIL118W	315	200	326	263	495	398	407	355	335	343	351	204	280	753	321	306	630	510	540	523	192	281	213	368
YIL097W	367	319	355	430	501	384	517	338	396	399	416	326	220	502	304	301	411	327	276	369	127	201	163	259
YIR034C	2085	1830	2394	2267	5575	7023	4867	5994	2629	3096	3125	2728	1704	3947	1365	1595	5330	3046	6009	5198	1572	1876	1387	2406
YIL109C	3154	3592	3396	4448	6021	4816	5372	4596	4334	4472	4387	3448	2048	5422	2987	3290	4462	4333	4535	5628	1563	2255	1717	2962
YIL102C-A	91	57	82	80	148	111	131	108	86	125	122	85	38	106	52	63	111	87	101	111	53	53	57	81
YIL105W-A	1	2	1	3	5	2	2	0	2	1	0	2	0	1	1	1	1	0	2	1	0	1	1	2
YIL084C	249	109	216	158	406	270	380	246	263	175	330	129	174	434	96	99	348	296	272	406	112	184	84	122
YIL039W	970	612	957	866	1540	1214	1294	1008	1017	901	1034	661	803	2058	750	814	1501	1513	1502	2193	521	665	467	778
YIR003W	609	609	669	835	1242	966	1050	871	727	798	856	619	439	1245	716	657	1122	1104	954	1434	337	470	380	598
YIR031C	263	196	217	263	469	391	377	287	270	352	314	208	229	548	191	223	502	513	467	567	177	223	159	264
YIL074C	1286	1540	1291	2231	2286	2246	2053	1868	1317	2386	1560	1860	819	1927	1208	1290	1755	1347	1603	2186	500	699	930	1491
YIL022W	590	349	589	541	1243	1084	1064	901	640	570	671	463	386	1076	375	397	1029	1098	1212	1813	291	408	263	458
YIL030C	3005	2018	3242	2535	5302	4017	4784	3636	3356	2825	3685	2284	2002	5217	1952	2223	4613	4602	5040	7521	1697	2179	1494	2489
YIL140W	407	1024	438	1268	1160	1882	935	1598	525	1320	583	946	249	723	967	984	850	682	1543	1998	252	305	540	891
YIL031W	1283	1041	1252	1327	1903	1464	1637	1341	1378	1203	1602	857	800	1997	966	1008	1652	1538	1453	2061	570	758	509	809
YIL014W	516	311	542	448	882	651	721	558	572	548	616	413	378	865	321	323	770	734	759	1042	229	309	217	392
YIL137C	2129	2044	2270	2711	4359	3500	3843	3113	2716	2674	2711	1874	1371	3563	1662	1854	3093	2837	3132	3607	1038	1417	1092	1808
YIR037W	1122	1378	1134	1744	2062	2078	2088	1938	1418	2181	1522	1711	642	1633	1106	1120	1433	1174	1420	1462	604	702	1030	1580
YIL127C	256	78	334	109	372	279	378	230	300	193	339	132	210	617	97	99	438	321	298	336	127	149	96	154
YIL143C	686	469	691	680	1313	1134	1127	890	684	818	778	556	544	1430	580	572	1236	1390	1337	1922	369	545	392	661
YIL079C	307	101	315	130	468	399	399	308	294	193	309	131	269	689	90	110	576	515	524	562	146	174	101	164
YIR008C	354	322	298	446	418	371	403	283	319	407	380	288	177	444	238	237	345	322	247	369	119	168	126	232
YIL040W	635	332	600	443	833	733	914	745	801	515	838	429	350	920	273	348	694	562	647	657	378	401	306	443
YIL129C	3082	2884	2991	3888	6062	5651	5024	4958	3542	3859	4093	3044	2241	5051	2781	3021	5104	5152	5461	7642	1615	2167	1785	2762
YIL100C-A	41	20	20	29	82	60	88	61	49	39	60	30	13	37	16	23	41	26	44	67	9	12	16	20
YIL124W	905	753	920	974	1423	1477	1341	1363	1031	1074	1236	871	649	1656	674	778	1247	1029	1221	1333	523	694	586	1009
YIL042C	142	291	165	371	301	331	288	282	227	350	211	341	122	338	300	368	326	371	397	574	101	139	210	292
YIL115C	3270	2088	3211	2662	5763	4477	4986	4001	3790	3019	4147	2147	2293	5496	1990	1968	5005	4845	4258	5825	1404	2101	1215	2115
YIL035C	696	431	724	556	955	722	948	618	686	591	876	466	462	1104	323	355	908	712	646	832	236	380	229	376
YIL176C	2	3	2	2	6	3	1	3	3	2	3	2	1	15	2	5	4	8	1	11	2	3	2	3
YIL006W	285	228	310	282	564	526	503	556	400	330	443	273	166	398	184	206	399	378	540	685	177	270	186	312
YIL048W	1517	1626	1510	2146	2576	2156	2309	1945	1812	2296	2098	1703	1132	2507	1577	1621	2349	1870	2323	3084	776	1131	1063	1727
YIL066C	34	48	46	74	96	80	86	83	64	78	68	45	33	86	49	48	94	83	89	121	26	34	24	35
YIR029W	25	12	17	24	34	25	30	37	20	27	24	22	10	36	15	19	24	32	34	44	13	10	18	21
YIR018C-A	18	24	17	49	19	10	24	14	18	31	31	25	11	24	35	42	6	8	17	19	10	17	19	27
YIL094C	1293	670	1284	837	2426	2342	2112	1969	1273	1030	1529	792	1125	2480	528	551	2540	1904	2280	2357	707	918	424	732
YIL103W	329	143	328	184	451	370	408	284	266	237	366	168	219	589	146	126	427	365	350	416	120	178	117	220
YIL155C	249	452	311	769	793	992	636	909	431	771	329	823	160	500	706	760	486	562	1148	1731	165	199	441	643
YIL152W	189	214	202	269	318	313	298	295	248	311	272	225	111	307	168	203	258	184	281	337	86	129	140	218
YIL046W-A	0	2	1	1	0	1	0	1	0	0	0	0	0	0	1	1	0	0	1	1	0	0	2	1
YIL002C	764	813	757	1152	1287	1078	1202	980	814	975	1027	699	492	1174	725	769	1089	1030	1054	1454	318	508	388	613
YIR030W-A	4	0	2	3	6	2	3	2	2	3	5	2	0	6	4	2	1	2	6	6	1	0	1	3
YIL047C-A	238	135	214	169	368	239	300	187	279	211	282	144	184	489	144	138	360	337	338	338	154	198	107	183
YIL156W	1045	848	1022	957	1860	1500	1806	1466	1203	1147	1465	856	664	1651	773	881	1627	1381	1764	2200	563	841	559	844
YIR012W	847	494	919	642	1472	1075	1190	846	868	735	797	558	619	1714	461	489	1275	1325	1213	1518	462	575	396	645
YIL112W	526	401	544	526	878	661	736	546	517	455	625	326	394	975	372	391	766	752	619	892	205	299	199	319
YIL025C	0	0	0	1	2	2	2	1	0	0	1	0	0	0	0	0	1	0	1	1	0	1	0	0
YIL175W	0	5	0	3	0	0	0	0	0	40	0	39	0	0	0	2	0	0	0	0	0	0	17	24
YIL100W	1	5	2	6	5	6	5	6	0	6	1	9	0	5	8	8	5	10	5	13	4	1	6	17
YIR026C	505	149	519	222	766	625	688	487	499	361	519	255	349	1027	181	170	765	623	696	923	222	291	178	319
YIR025W	39	38	45	69	74	73	75	58	48	55	58	58	46	138	62	66	92	115	92	132	23	29	34	66
YIR042C	50	82	69	98	112	98	112	88	57	105	92	87	84	184	99	92	117	104	92	150	57	66	71	128
YIL075C	3663	3490	3952	4477	6836	5440	5930	4904	4360	4403	4459	3334	2756	6368	3323	3509	5483	5351	5243	6997	1872	2492	2158	3262
YIL068W-A	0	0	0	2	0	1	0	0	0	3	0	1	0	0	0	1	0	1	1	0	0	0	0	2
YIL063C	138	115	127	148	207	149	165	116	132	130	150	104	142	347	174	169	231	233	197	239	55	92	63	123
YIL018W	6671	3593	6912	3781	9587	6791	8495	6164	7649	4535	7225	3462	5070	11392	2379	2338	8335	7668	5751	6253	4356	5795	2387	3646
YIL027C	234	143	227	174	321	250	329	218	234	199	309	154	150	370	122	120	264	243	189	233	90	158	94	155
YIL085C	816	478	812	664	1250	938	1139	828	828	716	982	516	600	1513	482	522	1258	1216	1111	1634	434	570	281	558
snR68	80	55	71	66	94	77	102	75	92	84	80	72	21	81	29	37	73	52	59	60	26	38	33	60
YIL008W	481	213	512	264	678	482	647	437	453	270	505	207	317	789	194	236	602	517	502	536	199	250	157	264
YIL030W-A	87	56	81	84	116	87	116	85	79	66	104	53	59	152	71	79	111	105	106	145	42	56	35	64
YIL076W	1272	1341	1282	1642	2115	1805	1985	1597	1386	1894	1552	1414	1020	2561	1436	1451	2087	1699	1643	1876	616	833	934	1525
YIR036W-A	3	4	6	4	13	11	14	8	16	5	4	7	0	5	2	0	4	6	6	8	2	1	2	4
YIL029C	56	39	58	39	124	78	91	72	68	62	51	35	32	111	29	41	82	52	66	91	20	28	28	45
YIR023W	1710	1366	1560	1654	2510	2024	2277	1857	1827	1899	2420	1402	1103	2604	1181	1225	2238	1968	2082	2954	730	1032	843	1207
tT(AGU)I1	1	0	1	0	0	0	0	1	0	2	0	0	0	0	0	0	1	0	0	0	0	0	0	0
YIL053W	6722	2366	6859	2424	12704	6838	11338	6232	8197	3849	7897	2846	5600	11536	1397	1608	10967	9524	5442	5478	4647	6110	1808	3126
YIL101C	424	695	356	941	1371	1426	1283	1507	771	1219	810	1058	197	547	543	532	965	752	1215	1787	234	301	413	624
YIL120W	144	83	152	119	251	223	232	169	135	153	202	121	92	242	83	96	198	152	163	194	71	108	61	107
YIL174W	0	0	0	0	0	0	0	0	0	0	0	0	0	0	0	0	0	0	0	0	0	0	0	0
YIL032C	0	0	0	1	0	0	0	1	0	0	1	1	0	1	0	1	1	0	0	0	0	0	0	0
YIL142C-A	0	5	0	9	0	1	0	0	0	1	1	1	1	2	7	6	0	0	2	2	2	1	0	4
YIL164C	12	12	5	22	21	18	14	12	14	13	10	20	12	48	22	24	28	40	36	45	20	14	8	24
YIL096C	179	65	180	75	298	217	286	182	195	146	224	76	112	343	48	82	264	201	238	302	68	84	66	124
YIL160C	4	68	5	131	8	26	7	22	5	31	5	30	4	8	99	118	7	6	19	19	4	6	9	34
YIL134C-A	2	2	6	3	7	16	10	12	7	9	11	2	2	8	3	1	9	10	8	20	0	6	4	8
YIL062C	1300	1547	1351	1902	1992	1674	1929	1508	1428	1888	1603	1630	862	2286	1524	1521	1702	1230	1338	1306	791	991	1205	1773
YIL151C	1092	1086	1121	1396	2111	1701	1937	1467	1331	1237	1548	932	710	1875	962	1141	1745	1634	1664	2436	574	731	523	872
YIL059C	61	39	64	53	99	95	95	59	62	53	70	33	37	115	42	47	70	86	72	88	40	37	28	37
YIR030C	20	9	18	14	28	23	22	26	15	9	17	5	11	45	5	7	41	46	29	26	4	13	3	13
YIL083C	448	494	459	593	693	441	576	354	361	708	465	548	365	1018	518	544	809	735	455	585	191	260	461	771
YIL019W	92	31	103	30	169	104	156	86	96	60	83	25	82	293	44	37	208	181	193	283	41	45	17	34
YIL020C-A	4	1	6	2	6	6	10	9	6	2	3	2	4	12	2	2	4	5	3	5	3	3	1	1
YIL099W	38	36	54	29	192	202	173	160	82	58	55	44	26	79	41	43	148	125	208	282	29	37	30	50
YIL093C	443	268	463	322	721	681	643	656	448	310	556	270	321	859	277	264	680	515	727	849	276	283	182	342
YIR024C	65	59	72	79	110	89	100	72	74	90	75	76	46	112	65	52	84	76	93	115	38	44	54	65
YIL135C	1202	1153	1158	1400	1995	1651	1900	1404	1458	1685	1657	1340	657	1790	1021	981	1638	1349	1320	1672	576	954	687	1140
YIL020C	86	38	110	50	163	118	138	105	99	59	89	34	68	202	28	32	122	156	129	168	43	45	26	50
YIL023C	435	1388	468	1900	945	924	836	836	629	1615	620	1328	318	932	1718	1984	789	800	1080	1509	315	405	957	1405
YIL177W-A	2	2	3	1	9	4	7	4	6	6	5	3	2	4	2	3	6	6	10	12	2	3	1	1
YIL037C	7	42	7	72	14	8	6	6	134	5766	213	4691	8	14	38	40	10	0	7	12	69	144	3058	4868
YIL142W	2760	2052	2777	2373	4385	3446	3802	2872	3118	2970	3336	2303	1986	5205	1815	2006	3827	3526	3291	4183	1438	1882	1558	2510
YIR041W	0	3	0	10	4	13	6	6	2	4	1	4	1	1	5	2	4	6	16	22	2	0	2	2
YIL034C	3424	3942	3120	4859	4361	3547	4132	3235	3720	4765	4376	3770	1866	4155	2929	3163	3166	2554	2434	3068	1668	2277	2271	3405
YIL073C	47	40	56	77	46	40	39	30	39	76	63	56	30	67	38	44	26	26	30	29	19	30	40	47
YIL091C	1128	458	1141	599	1716	1453	1490	1186	1087	894	1414	555	754	1905	443	424	1567	1386	1325	1704	455	590	377	645
YIL078W	5711	3084	5687	3692	8870	6210	7493	5382	5962	4386	6230	3282	3937	8967	2094	2231	7352	6771	5344	6508	2479	3590	1544	2722
YIL052C	4158	2160	4279	2474	5984	4335	5859	4060	4692	3306	5045	2421	3627	7420	1875	1850	5722	4793	3796	4276	2516	3352	1900	2757
YIR017C	107	244	99	258	157	147	159	145	126	236	113	183	66	174	201	259	194	149	177	267	56	90	141	197
YIL125W	2246	1959	2442	2936	4477	4224	3667	3662	2556	2982	2612	2551	1628	4058	2115	2157	3628	3396	4081	4524	1382	1607	1474	2486
YIL154C	327	488	358	589	657	522	619	501	458	581	474	481	209	674	484	472	608	598	572	729	224	299	246	434
PWR1	1	0	1	1	13	10	14	11	2	2	5	3	1	0	2	0	13	16	22	26	3	0	0	0
YIL138C	438	319	464	412	604	529	596	490	492	443	589	360	399	977	404	375	722	599	573	619	204	311	203	350
YIL130W	1527	831	1421	989	2378	1820	2130	1679	1481	1392	2042	993	870	2191	617	646	2257	2055	1819	2440	696	1000	589	892
YIL071W-A	19	22	20	34	35	24	24	12	22	35	23	23	6	17	15	10	22	16	18	26	7	8	12	15
YIL043C	2171	1328	2072	1640	3506	2603	3180	2463	2394	1908	2554	1562	1326	3170	998	1067	2881	2760	2520	3554	1085	1648	783	1334
YIR013C	9	10	13	14	20	11	18	16	8	2	8	4	1	17	7	12	15	10	14	17	2	3	2	5
YIL055C	163	445	167	615	374	358	333	333	234	574	239	389	110	299	441	472	326	296	379	503	67	118	220	359
YIL014C-A	0	0	0	0	0	0	0	0	0	0	0	0	0	1	2	1	0	0	2	1	0	0	1	0
YIL049W	339	463	334	573	367	395	382	331	383	489	479	374	217	509	434	453	342	290	418	526	136	258	276	427
YIL162W	296	129	402	156	834	354	649	297	633	195	709	160	166	535	72	95	480	385	321	511	104	250	81	130
YIL104C	122	56	115	78	184	144	169	128	111	120	151	82	119	312	74	72	217	234	218	250	77	86	50	102
YIL077C	96	92	96	129	202	144	192	128	102	106	98	92	62	156	79	84	142	131	171	194	44	64	50	94
YIR032C	60	47	62	84	94	105	86	87	60	94	72	93	42	105	72	59	79	68	80	98	21	46	57	101
YIL007C	274	258	299	328	485	358	384	349	328	387	337	259	170	544	295	281	450	309	324	430	144	216	268	412
YIL021W	254	163	247	180	385	282	349	233	293	242	325	179	217	529	157	143	407	354	276	295	102	166	104	204
YIR020C	18	32	20	48	20	19	26	12	22	28	30	18	16	34	49	49	18	18	19	27	6	16	10	18
YIL038C	1420	1039	1441	1157	2582	1879	2238	1761	1622	974	1867	677	1018	2350	862	992	2285	2168	2097	2926	708	999	460	646
YIR011C	356	260	326	378	553	448	500	350	362	429	401	304	229	674	277	284	474	404	386	452	129	183	199	290
YIL046W	287	375	320	529	552	544	476	481	372	559	338	404	229	690	453	476	572	583	610	784	191	244	237	398
YIL157C	474	373	560	428	749	710	672	612	552	421	610	360	319	859	376	366	580	494	684	748	298	322	266	506
YIL171W-A	0	0	0	1	1	0	0	0	0	1	0	2	0	0	0	0	0	0	0	0	0	0	1	2
YIL121W	251	66	233	101	540	300	428	240	221	87	304	103	149	301	63	51	388	460	284	484	113	162	58	83
YIL170W	3	5	2	9	4	6	4	4	5	23	4	25	2	10	3	7	8	2	12	6	4	4	26	36
YIR038C	188	374	199	560	471	600	435	474	279	618	280	525	120	371	341	375	310	278	443	501	134	145	240	462
YIR027C	7	41	9	56	26	40	30	33	14	31	23	27	2	17	46	54	14	11	35	20	5	6	11	16
YIL088C	998	686	1040	990	1889	1877	1701	1660	1219	955	1278	830	826	1827	896	868	1834	1668	2326	2761	717	860	552	1020
YIR028W	18	16	9	24	25	27	27	20	23	30	22	15	10	21	16	14	15	25	20	24	5	14	24	22
YIL001W	276	186	288	272	472	259	426	244	287	285	360	217	199	504	171	176	423	287	274	315	136	189	118	183
tK(CUU)I	1	1	0	0	0	0	0	0	0	0	0	1	0	2	0	1	0	0	0	1	0	0	0	0
YIL173W	9	40	14	66	34	45	27	40	12	55	12	43	12	40	61	79	36	35	66	79	4	8	50	61
tE(UUC)I	0	0	0	1	0	1	1	0	1	0	0	1	0	0	0	0	0	1	0	0	0	0	0	2
YIL177C	132	187	150	232	288	261	218	205	174	235	159	208	128	428	241	331	270	423	452	684	94	121	184	261
YIL054W	0	19	3	19	2	0	1	0	3	11	2	8	0	4	20	19	2	0	1	3	1	2	12	4
YIL148W	4778	2400	4994	2730	6770	4824	6144	4547	5286	3373	5048	2609	4075	8688	2204	2381	6444	5766	4908	5040	3469	4390	2506	3542
YIR017W-A	8	14	6	18	18	19	16	15	14	18	14	10	3	6	8	8	8	5	11	15	1	1	2	8
YIL145C	415	250	362	350	563	404	457	358	364	315	390	247	238	716	199	257	547	493	417	543	191	237	155	282
YIR006C	6009	6530	5788	8219	10959	9178	9495	8563	7062	9673	7939	7904	3887	9587	5741	5924	8637	9067	9505	13265	2957	4034	3961	6756
YIL013C	298	257	301	308	580	511	534	497	421	348	476	297	160	459	196	225	413	344	430	632	185	277	139	237
YIL114C	192	155	228	229	311	269	324	226	226	257	263	173	150	416	185	195	284	271	254	248	87	139	96	213
YIR035C	491	236	580	267	974	450	838	441	695	329	587	218	285	1065	190	166	647	670	418	560	331	426	108	222
YIR007W	488	693	484	850	890	860	877	819	633	784	800	660	289	719	476	485	772	573	711	937	183	306	232	396
YIL113W	92	47	77	60	141	70	202	75	116	60	105	57	40	108	56	50	85	49	66	65	22	52	27	27
YIL036W	1435	937	1388	1233	2394	1671	2386	1520	1685	1506	1918	1139	824	2070	708	803	1907	1558	1409	1909	588	894	604	964
YIR010W	354	324	340	368	553	461	460	383	395	377	403	249	264	715	324	361	587	564	596	783	172	248	215	324
YIL033C	1680	1444	1762	1812	2849	2280	2536	2077	1978	1852	2120	1565	839	2377	1061	1105	2014	1815	1703	2299	848	1049	789	1345
YIR009W	66	84	79	86	107	90	86	72	76	75	81	61	53	173	138	109	129	98	116	149	48	58	47	108
YIL041W	1266	1246	1338	1617	2345	2042	1961	1770	1460	1550	1389	1280	812	2363	1198	1296	2045	2056	2009	2509	838	1022	884	1554
YIL087C	397	214	443	299	625	468	617	393	504	275	544	268	172	526	176	174	437	267	271	292	186	271	154	237
ICR1	222	494	240	688	290	198	312	176	284	267	302	208	163	368	547	579	231	269	203	337	108	157	119	212
YIR036C	85	135	93	185	192	198	137	148	82	194	114	136	52	219	207	173	150	153	196	203	59	58	68	218
YIL122W	462	489	495	614	854	711	866	720	610	685	749	568	242	747	420	443	680	597	694	1034	211	305	291	497
tI(AAU)I2	3	126	2	177	0	0	0	1	6	184	3	139	1	6	139	169	0	0	0	2	1	2	91	166
YIL021C-A	0	0	0	0	0	0	0	0	0	0	0	0	0	0	0	0	0	0	0	0	0	0	0	0
YIL090W	465	277	472	398	740	648	705	554	519	428	593	312	296	831	270	300	702	628	784	950	244	336	231	415
YIL012W	2	2	0	6	5	7	4	5	3	2	1	2	1	6	1	1	7	10	10	14	0	3	3	4
YIL024C	104	134	114	227	192	146	164	115	99	163	115	154	74	200	235	258	180	198	189	265	50	72	95	166
YIL111W	80	37	63	59	133	86	139	68	77	79	123	58	76	170	44	49	162	139	80	79	22	70	45	55
YIL095W	923	861	906	992	1484	1121	1389	984	969	1176	1193	910	505	1319	643	706	1186	1000	1052	1375	359	550	469	758
YIL029W-A	0	0	0	0	0	1	1	1	0	0	1	0	0	0	0	0	0	0	0	0	0	0	0	0
YIL089W	19	9	18	19	39	42	27	31	21	20	21	18	11	24	14	11	31	30	30	41	8	11	14	12
YIL166C	100	81	87	120	119	95	127	80	110	117	128	89	67	155	93	77	119	59	102	86	52	65	32	62
YIL060W	9	25	10	25	10	6	7	7	12	11	11	10	14	16	32	32	8	9	12	11	3	5	14	20
tI(AAU)I1	0	0	0	0	0	0	0	0	0	1	0	0	0	0	0	0	0	0	0	0	0	0	0	0
YIL009C-A	356	442	278	502	294	236	317	226	356	472	404	334	217	462	330	421	232	172	200	249	143	182	252	324
YIL061C	210	162	174	218	326	294	354	306	222	246	312	194	128	377	182	166	336	331	301	468	120	134	104	194
YIR040C	0	0	0	0	0	0	0	0	0	0	0	0	0	0	0	0	0	0	0	0	0	0	0	0
YIL102C	0	0	0	0	0	0	0	0	0	0	0	0	0	0	0	0	0	0	0	0	0	0	0	0
YIL069C	4873	2261	4765	2331	6404	4500	6259	4265	5329	3389	5539	2521	3862	7394	1594	1532	5723	4638	3976	4516	3124	4095	2189	2988
YIR016W	91	110	80	139	203	175	172	155	145	116	142	113	79	227	132	130	208	234	219	310	52	88	62	116
YIR021W	222	253	216	344	297	303	272	246	191	191	243	169	143	382	321	274	269	227	283	420	110	127	126	205
YIL172C	4	2	2	4	8	3	5	1	3	6	3	3	2	7	1	4	6	8	6	10	1	2	0	3
YIL072W	87	82	103	126	164	139	146	101	121	133	137	80	48	126	74	57	91	64	76	98	31	54	50	62
YIL058W	3	8	2	15	2	1	1	4	2	1	1	2	0	5	10	15	3	0	4	2	1	3	1	2
YIL047C	1628	939	1521	1133	2434	1693	2055	1452	1899	1524	1992	1074	1128	3139	891	930	2128	2041	2039	2017	929	1260	692	1081
YIL015W	0	0	0	1	1	0	0	0	1	0	0	2	2	1	0	2	0	1	0	0	0	0	1	0
YIR005W	125	77	136	100	247	186	251	172	153	138	200	98	90	241	80	98	275	184	152	156	50	89	54	98
YIL116W	1234	1212	1170	1605	2683	3240	2257	2670	1442	2095	1734	1830	967	2122	1030	1060	2401	1584	2499	2363	627	808	899	1377
YIL003W	240	152	239	196	382	301	364	293	291	283	347	214	170	429	138	128	310	250	224	282	107	148	116	181
YIL082W-A	16048	139904	10549	181748	1958	1778	1573	1662	31265	352744	32274	347715	12998	25001	168799	199097	1568	1423	1723	2185	13590	22435	261461	330915
YCR031C	7670	3655	7476	3971	10578	7737	9850	7414	8333	5188	8118	4026	6363	11747	2846	3231	9263	8572	7081	7842	5911	7068	3753	4977
YCL011C	640	361	614	520	1166	761	949	632	649	505	594	376	547	1402	388	456	1107	1163	1024	1156	328	477	248	455
YCL040W	3570	3486	3852	4793	7082	5509	6084	5270	5430	5074	5626	5110	2156	5079	3291	3486	4127	3389	4103	3762	2172	2556	2422	3815
YCR052W	563	541	552	590	1136	933	1019	770	664	738	713	536	416	1176	455	466	1015	1019	884	1325	312	435	330	535
YCR100C	90	132	113	163	160	188	138	146	119	156	125	111	66	196	93	106	156	173	185	251	30	66	49	96
YCR107W	127	111	152	122	252	212	219	176	160	142	184	103	98	240	82	94	258	199	256	246	68	97	51	99
YCL002C	378	225	365	270	435	333	424	304	403	302	433	242	217	619	208	211	387	346	314	385	193	236	177	286
YCL024W	304	318	289	455	670	648	550	539	332	296	377	211	212	606	420	464	706	783	738	1264	161	241	139	234
YCR060W	202	157	204	153	348	330	282	256	240	208	232	124	186	490	153	163	371	271	303	274	148	171	118	194
YCR071C	44	29	42	41	58	52	55	64	39	36	53	33	13	54	19	24	45	43	40	54	23	24	17	28
YCR007C	187	386	216	492	195	218	229	196	195	863	191	563	152	368	378	452	179	140	158	191	75	131	450	802
YCL012C	74	100	58	131	153	174	158	154	89	174	82	134	54	134	109	140	150	150	220	284	69	58	154	232
YCR081C-A	0	1	1	0	3	2	2	0	1	2	2	0	0	1	2	0	1	0	2	2	0	0	0	0
YCR036W	360	554	415	769	777	790	668	632	377	804	470	621	230	697	659	629	573	479	633	759	173	210	415	666
YCR063W	360	204	301	258	574	522	486	442	365	396	408	283	251	668	216	243	578	503	550	726	219	300	228	417
YCL042W	254	234	269	309	497	375	430	342	368	342	365	332	138	327	220	225	285	216	269	260	147	174	141	244
YCR097W-A	2	1	3	3	2	3	1	1	2	1	3	0	0	5	0	2	0	3	6	3	0	0	0	0
YCR025C	24	12	35	19	70	49	59	47	42	30	36	25	18	50	20	12	61	60	60	133	15	20	19	29
tK(CUU)C	0	0	0	0	0	0	0	0	0	0	0	0	0	0	0	0	0	0	0	0	0	0	0	0
YCR069W	1589	1616	1617	2017	2911	2284	2798	2021	2128	1961	2393	1582	1046	2554	1379	1530	2418	2175	2127	3250	912	1291	902	1461
YCR041W	20	11	18	19	26	19	30	17	22	12	20	16	12	33	11	13	17	17	18	13	7	15	8	22
YCR102W-A	9	14	9	25	4	5	4	4	10	14	5	18	11	21	16	16	7	5	6	7	5	8	3	6
YCR020C-A	170	124	158	131	249	232	262	194	140	194	156	131	116	362	158	174	290	286	284	272	102	120	131	223
YCL075W	1	0	0	1	0	1	1	0	1	1	0	1	0	2	1	1	1	1	1	2	0	0	1	1
YCR092C	324	246	369	337	638	509	583	472	385	406	431	270	239	570	206	241	567	552	551	785	135	237	170	271
YCR005C	308	378	411	569	623	608	522	544	417	1013	368	708	252	888	283	306	721	514	348	280	227	335	361	606
YCR038W-A	0	0	0	2	2	5	0	2	2	4	1	1	1	2	0	3	4	0	2	1	2	2	2	2
YCL034W	110	204	114	305	257	220	195	170	143	280	132	210	113	375	279	236	220	279	232	303	80	111	114	246
YCL026C-B	98	87	160	116	463	614	551	631	253	181	242	133	34	124	48	58	263	154	354	377	83	76	47	84
YCR020W-B	103	66	114	109	170	130	155	106	126	111	148	86	88	222	95	79	140	133	122	138	51	72	59	93
YCR094W	283	223	267	297	481	338	395	308	287	324	294	192	200	472	261	201	397	420	414	602	123	161	147	214
YCL028W	1002	459	1064	646	1861	1594	1778	1461	1201	964	1395	791	715	2121	512	546	1831	1772	1682	2152	711	944	521	861
YCL029C	418	252	379	328	707	544	575	488	438	351	535	253	339	845	255	247	734	639	687	843	187	284	170	296
YCL074W	2	3	0	1	0	0	0	0	1	1	0	1	0	2	1	4	1	2	0	3	0	0	2	3
tQ(UUG)C	4	1	3	3	1	2	0	0	2	1	5	4	0	4	0	3	1	1	1	1	1	0	1	0
YCR086W	111	112	117	152	183	152	168	145	125	194	158	133	83	215	138	127	151	108	150	154	49	76	60	156
YCR006C	60	79	67	78	68	87	85	58	73	87	85	72	48	119	60	66	61	56	97	89	27	51	32	61
YCR083W	285	235	291	344	516	546	536	462	362	424	362	352	175	496	235	260	437	343	458	578	181	214	245	394
YCL039W	601	917	660	1294	1456	1374	1314	1278	1004	1263	961	1088	357	1037	899	962	1153	1224	1426	1986	343	500	541	827
YCL037C	8256	4088	7863	4424	14750	11307	13706	10609	9647	7387	11362	5429	5056	11971	2940	3115	12910	10350	11130	12655	4457	6327	3397	5338
tE(UUC)C	1	2	1	0	0	1	0	0	0	0	1	1	0	0	0	2	0	0	1	1	0	0	0	0
YCL004W	224	189	241	301	387	339	380	294	290	366	345	268	156	384	186	192	325	284	312	370	122	195	153	260
YCL076W	0	0	0	1	0	0	0	0	0	0	0	0	0	1	0	0	0	1	0	0	0	0	0	0
YCR011C	1005	623	967	862	1859	1553	1680	1414	1092	837	1267	695	758	1566	599	640	1557	1538	1595	2314	462	652	349	581
YCL054W-A	3	1	2	4	4	7	2	4	2	4	1	3	0	2	4	5	2	2	7	2	0	1	1	3
YCR020C	66	72	75	96	143	116	130	98	78	118	79	78	38	120	56	68	98	82	112	124	26	34	51	82
YCL065W	8	5	9	7	14	7	12	8	8	4	10	6	6	16	6	5	9	10	8	7	3	8	5	11
YCL057W	1306	1400	1478	1841	2882	2653	2498	2395	1653	1854	1754	1503	854	2203	1220	1316	2233	2060	2504	3233	683	871	727	1233
YCL069W	1	2	0	2	2	1	2	2	0	4	2	2	1	3	1	4	0	1	2	2	0	0	2	5
YCR045W-A	80	69	82	88	138	122	107	91	100	95	98	78	44	128	60	58	142	149	139	240	38	58	43	61
YCL048W	9	13	8	23	16	29	20	26	17	13	10	18	6	19	26	32	27	19	27	20	5	7	24	22
YCR002C	771	803	754	1057	1204	972	1083	828	842	992	951	740	480	1229	664	705	969	804	774	993	346	512	460	750
YCR035C	254	150	244	194	376	319	346	236	250	290	288	217	207	540	163	176	391	386	306	358	122	170	137	269
YCR066W	313	166	336	247	507	351	445	318	335	270	409	196	193	487	133	154	421	341	296	422	123	190	106	183
YCR032W	844	652	849	938	1556	1271	1397	1069	992	1015	1117	735	669	1546	703	768	1333	1418	1278	1782	416	591	469	728
YCL059C	733	237	856	305	1084	683	894	658	732	361	769	259	496	1543	245	243	1018	946	788	997	270	400	195	330
YCR079W	341	406	340	512	561	439	530	419	413	581	517	435	204	530	340	403	496	428	441	646	193	271	284	426
YCR021C	2736	965	3619	965	4792	2476	4906	2507	3965	1271	3166	1051	1569	4681	248	366	3193	2990	1560	2187	1602	2187	359	514
YCL026C-A	4	0	0	2	5	2	5	7	2	3	10	5	2	8	1	4	6	2	5	2	0	1	0	0
YCL046W	2	0	1	0	1	0	0	0	0	0	2	2	0	2	0	0	1	1	1	0	0	0	0	0
YCR104W	9	14	7	22	7	4	6	3	9	6	7	6	6	16	14	16	2	9	5	10	0	7	2	3
YCL001W	1064	702	1061	830	1411	1164	1481	1152	1193	894	1402	676	819	1871	659	705	1585	1250	1254	1566	673	955	686	955
YCR054C	383	358	382	492	573	538	542	455	440	524	512	319	242	644	289	297	453	434	466	592	182	213	177	312
YCR046C	320	193	358	301	706	631	632	541	462	278	458	272	169	507	191	185	440	410	585	691	236	265	129	230
YCR064C	0	0	2	1	2	0	1	0	1	1	2	2	0	3	1	2	1	2	1	0	0	1	1	0
YCL001W-B	1	0	4	3	2	2	0	1	1	1	0	2	1	0	2	1	3	0	1	1	1	1	4	2
YCR017C	3795	1939	3815	2434	6117	4239	5727	3838	4491	2851	4813	2253	2448	5733	1609	1682	5310	5084	4423	6580	1710	2703	1244	2109
YCR097W	295	191	304	271	317	236	332	212	337	289	379	187	218	457	200	251	310	289	201	181	95	179	134	187
YCL041C	209	257	223	322	406	346	300	320	269	360	277	298	139	387	286	285	305	315	367	490	140	179	170	288
YCR043C	243	130	228	190	353	250	363	199	214	186	257	139	210	489	198	151	391	297	301	357	140	194	138	264
YCR095W-A	7	12	15	21	25	18	18	10	18	32	26	12	14	38	12	13	22	26	27	33	9	11	7	13
YCL009C	3798	3615	3744	4524	7658	7333	6636	7163	5461	5524	5150	5434	2933	7222	3560	4262	6820	7204	7700	9255	2576	3168	2687	4037
tP(AGG)C	3	11	2	2	8	4	3	4	4	1	4	1	6	10	6	8	6	17	4	7	2	4	1	4
YCR014C	77	80	77	89	149	128	116	106	82	88	102	54	69	193	101	104	172	178	160	196	47	60	60	84
YCL036W	173	72	167	83	260	351	213	305	178	179	174	129	125	280	93	77	315	319	425	535	110	108	83	161
YCR051W	106	56	100	60	198	160	162	143	111	94	78	70	62	260	51	58	182	224	172	240	49	65	35	102
YCL045C	2691	1988	2603	2398	4369	3459	4103	3410	3145	2774	3471	2162	1891	4518	1758	1932	4022	3805	3730	5363	1422	2077	1377	2145
YCL005W	534	747	491	955	744	663	776	556	577	1393	750	1029	284	763	573	612	635	463	526	676	256	338	690	1012
snR43	565	484	551	602	765	708	724	665	618	635	562	592	201	464	190	258	280	334	265	266	129	162	208	262
YCR088W	2875	4126	2866	5242	5958	5440	5492	5242	3835	6197	4359	4800	2032	5017	3806	3964	4782	4710	5077	6687	1632	2226	2384	3977
YCR037C	532	746	563	940	1159	1014	967	907	563	896	737	772	331	899	736	793	936	900	1197	1692	289	385	465	849
YCR077C	1662	1130	1667	1532	2716	1901	2349	1696	1873	1721	1853	1348	1100	2753	1067	1212	2311	2367	2014	2795	827	1237	785	1244
YCR009C	1328	1732	1241	2140	1640	1258	1536	1147	1390	3413	1532	2696	1064	2342	1873	1794	1489	1259	1086	1321	660	940	2040	3035
YCR098C	43	32	36	48	93	77	81	67	54	40	66	38	24	80	34	19	71	50	61	76	18	28	18	35
YCR047W-A	3	6	7	2	7	9	7	6	8	7	10	5	3	6	7	6	8	4	11	6	0	6	6	3
YCR073W-A	164	224	206	297	472	367	422	366	263	384	259	329	154	385	240	287	362	450	384	530	126	143	153	232
YCR039C	120	109	126	159	156	90	129	91	116	108	160	88	90	341	136	174	185	139	141	134	39	67	88	98
YCL032W	309	256	345	332	536	410	490	375	338	385	468	294	212	626	255	240	517	458	383	540	131	160	172	244
YCR049C	2	0	0	0	2	0	0	4	2	0	0	0	1	1	1	0	3	3	3	2	0	0	0	1
YCR076C	90	97	97	119	140	140	151	134	90	129	110	92	37	140	83	72	101	95	94	124	39	57	34	82
YCL057C-A	128	128	150	161	265	264	216	210	168	178	135	156	100	306	158	190	187	196	263	292	130	125	139	265
YCR053W	5099	3083	5119	3721	8572	6401	7716	5881	5920	4607	6498	3487	3466	8390	2160	2272	6956	6216	5592	6263	2675	3909	1882	3341
YCL008C	608	590	598	722	1163	1149	1050	1082	752	945	860	797	455	1350	702	677	1260	1350	1388	1873	456	549	446	734
YCR072C	463	244	419	300	709	661	623	618	423	518	516	378	226	633	183	195	623	592	699	890	189	309	238	414
YCR057C	1180	618	1237	809	1927	1540	1579	1202	1134	1072	1218	744	858	2423	570	631	1750	1936	1746	2385	645	810	449	949
YCL044C	738	741	760	840	1632	1486	1598	1432	1126	1126	1143	917	340	1053	510	535	1104	985	1280	1903	409	502	421	669
YCL033C	530	629	542	788	1143	1135	1054	1068	662	988	749	793	243	710	419	500	686	596	690	811	248	342	491	682
YCL030C	2800	1942	2472	2775	6933	7199	4924	6195	3053	3658	3508	3621	3236	5928	1702	1965	7452	6074	7311	6443	1987	2414	1783	2860
YCL068C	99	63	98	92	171	129	135	125	122	88	126	109	56	222	73	103	142	126	188	191	51	65	87	87
YCL035C	267	383	287	483	439	441	395	402	306	579	332	493	205	435	404	415	352	338	283	272	138	153	277	460
YCR008W	2697	1633	2588	1829	4131	3493	4037	3276	3275	2832	3639	2156	1522	3569	1123	1212	3423	2634	3167	3721	1317	1802	1176	1900
tS(CGA)C	2	3	1	2	1	0	2	2	1	2	3	6	0	4	0	2	0	3	0	1	0	2	0	2
YCR091W	574	432	608	695	947	620	865	532	646	448	753	396	363	904	473	450	797	766	732	969	223	416	247	361
YCR108C	0	0	0	0	1	2	1	0	0	2	2	1	0	2	0	1	1	4	4	11	0	0	1	0
YCR042C	1464	1081	1437	1341	2340	1740	1998	1538	1598	1242	1799	867	1075	2684	907	1086	2025	1862	1784	2236	660	889	536	869
snR65	10	6	14	6	24	9	15	9	11	9	16	4	7	20	3	5	16	12	15	7	2	4	3	5
YCL055W	0	1	0	2	285	198	243	190	379	3122	480	2460	0	0	1	2	278	253	239	299	228	342	2242	3303
YCR003W	238	173	304	220	402	358	374	341	292	239	366	193	131	334	135	137	270	208	300	312	107	115	98	152
YCR022C	26	30	42	42	122	97	100	120	61	52	69	32	22	53	40	28	78	69	109	183	19	37	24	38
YCR089W	18167	111497	14117	131145	3163	3054	2732	3043	11641	155096	14770	142126	11894	22394	113996	122115	2146	1896	2590	3621	5553	7483	100420	138841
tG(GCC)C	0	0	0	0	0	0	0	0	0	0	0	0	0	0	0	0	0	0	0	0	0	0	0	0
YCL016C	140	127	151	171	262	214	216	175	157	161	173	120	123	356	149	129	265	246	204	294	61	119	80	176
YCL031C	981	514	951	609	1319	916	1172	736	958	709	1132	495	654	1758	483	434	1324	1031	918	957	393	595	335	555
YCL048W-A	14	4	17	9	78	61	82	74	18	11	26	12	10	12	7	14	58	21	46	29	3	10	12	19
YCR018C	375	323	355	347	477	344	371	282	430	400	444	349	254	573	219	269	561	455	278	302	220	275	202	308
YCL022C	0	0	1	1	0	0	0	0	0	0	0	0	2	0	0	0	0	0	0	0	0	0	0	0
YCR087C-A	132	44	159	56	271	151	211	118	144	93	134	67	117	311	53	51	191	229	216	285	79	94	58	102
tT(AGU)C	5	7	4	7	8	3	7	5	8	2	16	6	2	11	3	3	4	4	3	7	2	2	2	4
YCL023C	0	0	0	0	0	0	1	1	0	0	2	0	0	1	0	0	0	0	1	0	0	0	0	0
YCL010C	187	146	156	183	237	178	179	152	145	147	164	130	138	321	137	155	292	288	256	363	112	139	101	153
YCR001W	0	1	0	0	0	0	0	0	0	0	1	1	0	0	1	1	0	0	0	0	0	0	1	0
tM(CAU)C	0	0	0	0	0	0	0	0	0	0	0	0	0	0	0	0	0	0	0	0	0	0	0	1
YCL018W	1669	853	1588	1112	3796	3390	3319	2927	2388	1870	2524	1630	1446	3226	1007	949	5154	4135	4344	4490	1456	1900	978	1722
YCR073C	279	778	284	1114	560	627	542	536	312	671	310	577	179	488	902	1013	596	606	658	964	102	152	355	552
YCR048W	435	161	421	187	1150	711	1009	671	736	326	675	277	318	946	163	196	1051	1231	882	1201	240	344	134	263
YCL005W-A	84	91	102	98	159	105	108	93	100	64	59	57	51	196	43	47	126	143	75	88	50	56	25	54
YCR033W	1733	1262	1595	1553	2895	2270	2699	2086	1932	1596	2270	1270	1092	2654	975	1126	2477	2351	2252	3494	697	1064	793	1165
YCL007C	2	6	4	12	17	9	10	8	6	3	2	2	2	7	2	8	18	8	10	15	2	3	3	5
YCR019W	250	189	240	242	460	341	426	301	310	275	319	235	189	450	185	186	337	305	290	404	120	160	131	227
YCR102C	21	17	7	33	31	26	18	28	22	18	25	16	7	36	16	12	24	34	31	40	13	15	3	10
YCR075W-A	87	97	83	112	121	109	130	101	101	142	107	91	48	148	98	100	146	108	117	119	57	63	66	95
YCL058W-A	14	10	20	8	22	17	16	18	11	14	24	8	15	51	8	11	32	24	29	22	6	13	11	17
YCL047C	173	139	195	156	315	230	240	164	201	182	207	117	95	325	111	98	234	176	136	145	81	100	55	124
YCR106W	176	149	236	173	452	388	380	347	288	280	298	191	177	423	159	156	460	425	483	536	121	184	106	185
YCR040W	5	2	5	3	8	4	7	4	4	3	3	4	5	13	3	4	9	8	6	4	2	4	5	4
YCR061W	1159	765	1213	930	3195	2929	2979	2951	1977	1390	2081	1363	558	1547	714	662	2204	2189	3262	5108	573	789	544	886
YCR045C	5	2	6	1	4	11	17	6	4	7	6	4	2	7	1	0	6	7	13	5	0	2	2	1
YCR085W	1	2	2	3	2	2	2	1	2	1	3	2	2	3	1	2	4	1	2	3	0	0	1	4
YCR024C-B	4577	2840	4342	3037	5813	4910	5450	4897	5474	3138	5783	2683	4725	8334	2899	3246	6458	5586	5541	5269	4009	4777	2275	3013
YCR101C	76	113	78	136	145	163	149	115	98	114	103	80	55	160	84	100	121	104	111	187	42	59	59	98
YCL049C	206	197	230	316	494	483	426	385	259	295	241	232	130	399	279	325	401	483	572	756	122	172	218	314
YCR015C	57	58	62	60	135	99	86	72	67	74	62	54	66	160	67	58	134	110	117	138	46	44	38	55
snR33	325	272	303	303	406	368	422	346	325	310	302	309	249	498	196	222	329	395	262	227	146	180	140	191
YCR038C	428	329	421	406	694	566	635	524	522	471	595	386	262	662	254	292	581	450	519	629	192	290	220	309
YCL063W	276	194	263	250	343	325	367	276	273	381	338	234	151	476	215	254	384	365	413	497	147	194	179	284
YCR024C	608	680	655	926	1098	1039	1082	897	731	1041	885	798	315	854	550	569	859	682	924	1214	286	353	449	715
YCR065W	777	749	665	920	1100	921	977	860	791	944	971	687	540	1271	659	744	984	1014	1084	1467	364	593	385	684
YCR087W	12	18	13	17	25	19	26	20	16	22	24	17	12	25	10	11	16	21	15	19	6	9	8	17
YCR034W	2401	1137	2480	1260	3614	2726	3782	2680	3095	1939	3214	1448	1432	3704	873	1104	3117	2578	2833	3714	1387	2071	1020	1712
YCL052C	660	539	652	762	959	686	931	625	691	751	838	567	418	929	380	472	725	635	555	717	230	358	327	514
YCR004C	455	635	488	857	964	1020	808	817	550	1001	607	760	273	834	647	691	712	642	939	1026	246	344	489	894
YCR059C	162	98	177	165	362	277	294	266	212	162	169	146	178	465	165	201	369	481	425	506	124	163	94	155
tL(CAA)C	17	7	11	17	14	14	28	10	9	9	9	18	4	23	6	10	12	10	8	9	5	10	6	2
YCR096C	84	78	100	126	113	66	97	67	88	88	128	73	76	269	116	146	149	107	117	108	31	50	80	84
YCR028C-A	771	507	808	623	1189	801	1154	824	899	752	930	551	607	1267	452	433	1006	755	686	741	408	583	377	632
tN(GUU)C	4	6	4	3	2	5	5	8	2	7	4	4	0	3	1	1	4	1	6	2	2	1	2	3
YCL021W-A	765	624	846	802	501	462	369	378	1118	866	1025	667	716	1498	648	636	577	508	623	640	450	665	382	637
YCL064C	1244	204	1280	189	1759	640	1676	636	1415	268	1377	161	896	2673	116	103	1752	1818	601	988	513	880	135	193
YCR028C	515	334	531	400	823	679	766	584	598	532	664	385	340	917	321	330	705	695	750	1061	276	416	275	462
YCR082W	442	387	490	566	711	634	646	582	474	394	516	284	314	861	472	500	642	582	616	682	241	301	223	373
YCL061C	240	279	257	392	488	433	393	356	265	343	355	249	192	492	251	284	471	457	440	582	112	186	115	223
YCL073C	8	4	6	15	10	4	9	14	9	6	10	5	4	22	7	9	19	13	19	24	2	7	3	5
YCR013C	2	2	2	3	2	3	5	2	2	6	2	7	5	7	4	3	2	1	6	4	0	1	1	4
YCR090C	370	95	418	122	599	437	573	393	440	88	508	74	308	800	77	92	602	422	459	431	217	307	44	71
YCR084C	3596	2788	3403	3300	6801	5074	6329	4948	5039	4442	5319	3565	2095	5300	2128	2427	5559	5577	5368	7874	1784	2679	1868	2887
YCR050C	2	0	0	0	0	1	2	0	0	1	0	0	0	2	1	2	1	0	2	3	0	0	0	0
YCR099C	52	75	65	84	94	101	86	87	56	81	72	68	50	116	53	77	80	89	114	128	36	44	26	64
YCL066W	3	3	2	3	5	3	4	3	3	4	2	5	3	7	3	2	6	6	3	3	1	3	3	3
snR189	878	707	834	850	1127	1006	1098	969	942	878	877	866	527	1111	508	652	836	844	798	774	436	481	498	619
YCR095C	162	111	189	132	243	172	264	139	201	165	190	101	144	357	101	100	278	209	149	188	72	102	70	111
YCR068W	466	569	503	669	874	905	765	729	626	796	669	680	275	903	587	587	809	845	968	1482	287	406	391	631
YCL017C	1091	1006	1122	1331	1999	1882	1876	1723	1325	1617	1327	1328	627	1676	805	898	1444	1412	1610	2434	602	725	699	1185
YCL058C	56	56	68	67	116	122	105	103	80	96	58	75	38	96	61	72	85	68	104	110	52	52	61	107
YCL014W	713	829	819	1160	1442	1292	1231	1074	909	955	893	626	436	1277	977	1076	1122	1124	1585	2147	354	451	351	726
YCL050C	3084	2298	2857	2398	4231	2611	3954	2344	3204	2522	3807	1961	1824	4285	1613	1738	3661	2749	2122	2448	1174	1864	1273	1871
YCR067C	3156	2156	3277	2664	6056	4960	5868	4853	4174	3437	4620	2585	1741	4325	1668	1826	4497	3733	4555	6800	1559	2154	1458	2275
YCR047C	233	89	204	100	359	327	312	228	210	132	198	127	143	483	84	111	422	412	404	507	128	174	89	165
YCR044C	817	638	804	769	1064	812	946	746	982	747	966	626	588	1373	642	689	891	756	761	964	488	628	474	646
YCR026C	1010	804	997	1051	1764	1500	1564	1384	1074	972	1157	778	812	1989	863	967	1852	1793	1894	2709	507	727	539	915
YCR093W	6032	5364	5878	6777	11205	9485	9839	8561	6768	7507	7672	5065	4120	9589	4560	4771	9322	8841	9167	13141	2880	3890	3015	4803
YCR012W	12273	10373	12665	12554	18727	14690	16122	13560	14030	12856	13753	11594	10254	18656	9514	10289	14756	15267	12236	12252	8331	10683	6960	11123
YCR075C	47	64	47	87	97	93	96	97	60	62	63	69	34	98	63	57	94	65	89	108	41	47	46	72
YCL043C	7648	9712	7691	11497	12715	11981	11675	11518	10505	12973	10418	11393	5034	10786	8340	8577	9434	8742	10386	13584	4605	5655	5703	8667
YCL025C	349	130	356	170	960	757	851	636	515	326	504	335	301	763	150	157	1330	1323	1205	1227	295	419	188	391
YCL067C	80	72	91	107	105	65	88	59	79	78	115	63	68	216	90	103	128	94	95	92	32	47	48	71
YCR023C	1080	704	998	979	1866	1631	1690	1462	1135	1025	1379	822	810	1911	744	765	1750	1432	1852	2468	552	745	457	774
YCR010C	3	11	5	10	24	16	19	17	15	21	11	12	4	6	9	10	5	6	5	7	1	2	7	6
YCL056C	117	283	126	401	184	104	150	108	90	252	114	172	98	194	352	370	167	107	125	137	35	56	127	217
YCR081W	1552	1088	1444	1290	2448	2066	2283	1918	1622	1570	2135	1107	942	2282	864	904	2210	1967	1958	2892	696	916	650	941
YCR018C-A	15	2	2	8	3	6	0	2	2	0	0	1	6	4	9	4	12	2	20	6	2	0	4	2
YCR030C	1884	1599	1877	1974	3520	2625	3432	2628	2562	2775	2891	2197	1010	2759	1514	1402	2673	2334	2528	3615	928	1387	1131	1858
YCL027W	1670	5418	1509	6790	321	227	192	212	983	6917	1199	5894	1494	3338	6666	6934	161	180	165	293	478	692	4222	6605
YCL051W	448	243	411	385	700	515	664	438	492	388	569	282	346	826	302	294	555	595	546	728	242	340	186	330
YCL038C	283	289	332	363	475	412	394	328	308	325	341	256	234	654	421	414	420	532	539	704	200	260	182	351
YCR027C	247	176	228	197	302	224	263	198	233	272	238	183	201	464	151	163	338	268	247	280	156	201	136	264
YCL001W-A	1	0	1	2	1	3	3	4	1	3	1	1	0	0	0	1	3	1	2	2	1	1	0	3
YCR016W	285	97	276	161	381	286	358	252	246	191	275	123	234	631	139	125	409	380	300	370	119	162	98	190
YCL054W	934	403	888	561	1322	1040	1227	832	880	779	986	445	747	1989	477	487	1453	1441	1306	1729	425	572	292	619
YCR105W	4	4	3	3	6	6	6	5	1	6	2	6	2	5	5	8	6	1	4	5	2	1	3	8
YCR024C-A	3020	1902	3064	2106	3761	3167	3408	3035	3403	1976	3600	1749	3025	5217	1936	2130	4246	3668	3613	3447	2672	3307	1585	2025
YCL020W	5678	11824	5325	14645	5187	4186	5271	4788	5926	7227	6690	5234	3543	9813	9829	13621	4814	4373	4849	5834	2017	3014	4263	5369
YCL019W	26194	52422	23856	68607	23685	18415	23232	20656	26729	32435	30568	22307	16310	47877	48048	68807	24579	20698	25177	28652	8743	13764	20106	25139
RUF22	0	0	0	1	0	0	0	0	0	1	0	0	0	0	0	0	0	0	0	0	0	0	0	0
YFL031C-A	0	0	0	0	0	0	0	0	0	0	0	0	0	0	0	0	0	0	0	0	0	0	0	0
YFL026W	13379	11627	12525	14274	5520	3227	4734	3117	13003	13939	14040	12176	11924	20591	12203	12763	4484	3940	2801	3322	7893	10438	9358	13719
YFR027W	18	11	21	40	27	52	29	29	12	38	24	26	17	51	36	26	46	42	32	55	10	18	25	32
YFR052W	914	868	921	1159	1549	1167	1321	1058	1080	1240	1098	871	593	1666	804	908	1261	1148	1018	1322	425	503	610	933
YFL064C	25	35	27	38	68	59	60	50	32	52	35	41	22	58	36	73	48	94	90	150	15	20	44	44
YFL015C	0	0	0	1	6	5	1	8	0	0	0	1	1	0	1	0	4	5	6	6	0	0	0	0
YFL011W	2	4	2	13	5	4	4	4	4	9	1	7	0	4	13	10	3	4	6	3	1	2	1	8
YFR017C	262	175	264	245	638	447	626	431	388	236	427	220	92	363	124	132	341	270	311	370	82	152	84	154
YFL018C	1692	1528	1748	2016	2887	2716	2571	2304	1818	1937	2122	1574	1126	2854	1334	1291	2415	2051	2282	2440	809	1073	756	1292
YFL032W	172	166	178	256	328	263	313	269	268	361	287	279	109	251	152	155	206	204	192	277	82	122	119	185
YFR036W	119	60	115	68	264	242	317	207	176	142	170	92	50	168	58	71	212	156	220	242	58	79	86	104
YFR006W	986	764	1022	1041	1722	1550	1481	1128	971	834	1186	656	795	2018	697	726	1636	1442	1353	1680	448	670	333	589
YFR021W	333	259	310	364	586	484	564	402	394	462	413	299	203	595	245	293	488	441	465	555	177	268	184	275
tK(CUU)F	0	0	0	0	0	0	0	0	0	0	0	0	0	0	0	0	0	0	0	2	0	0	0	0
YFL034W	435	377	454	482	765	620	691	558	446	547	539	394	313	820	424	446	803	769	825	1057	217	337	271	439
YFL012W-A	2	1	1	1	0	3	5	4	3	3	0	1	1	3	2	1	3	2	4	3	1	1	5	3
YFL024C	852	689	886	843	1641	1534	1469	1349	962	1097	1244	785	523	1427	691	781	1668	1204	1838	2050	418	635	495	795
YFL013C	540	467	582	591	954	729	829	652	600	542	700	413	420	1206	478	534	990	944	842	1027	301	386	296	497
RUF23	1	0	3	2	1	0	2	1	1	0	0	0	0	1	0	0	1	1	1	0	0	0	0	1
YFL046W	58	42	54	69	84	77	72	72	49	70	56	43	35	170	70	71	97	104	79	89	23	36	26	50
YFR014C	131	164	138	247	232	232	214	182	159	227	165	190	109	308	213	210	185	182	256	289	67	127	106	190
YFL056C	83	50	86	91	145	123	110	106	108	104	94	79	65	178	60	82	148	118	127	168	52	64	51	64
YFL041W-A	7	7	7	11	10	11	9	9	9	6	9	6	8	14	5	4	14	12	9	10	3	12	4	3
YFR055W	773	273	840	258	1272	967	1105	803	999	488	828	390	400	1204	136	134	952	919	715	874	444	589	149	310
YFR013W	715	549	734	826	1180	855	994	750	773	709	878	495	504	1295	494	532	932	842	756	1003	298	428	270	439
YFR049W	391	321	406	449	676	605	640	606	462	567	532	507	228	562	318	315	443	282	402	426	194	214	307	444
YFL050C	287	347	327	458	485	445	434	372	335	422	399	277	234	589	345	402	480	434	514	701	147	255	187	323
YFR044C	2886	2778	3122	3472	5060	4062	4430	3651	3498	3544	3586	2939	1842	4646	2576	2615	3546	3383	3426	4048	1575	2091	1644	2857
YFR032C-B	49	34	50	38	82	72	92	62	54	70	63	48	20	75	26	24	67	58	66	63	24	30	26	56
YFR034W-A	70	55	58	66	100	126	68	100	58	59	63	59	29	118	48	61	90	78	124	122	29	41	42	62
tP(UGG)F	4	2	2	12	3	3	2	3	0	7	2	0	3	1	10	0	4	2	3	4	6	0	4	2
YFR009W	2533	1940	2533	2545	4059	2853	3544	2528	2667	2575	2979	1937	2137	4843	1862	1860	3803	3779	2853	3924	1188	1775	1044	1896
tA(AGC)F	0	0	0	0	0	0	0	0	0	0	0	0	0	1	0	0	0	0	1	0	0	0	0	0
YFL045C	2047	1094	2048	1255	3075	2006	2815	1820	2178	1392	2287	1014	1376	3161	733	724	2500	2042	1463	1923	973	1428	626	1080
YFL068W	0	0	0	0	0	0	1	0	1	0	0	1	0	2	0	1	1	0	1	2	0	0	0	0
YFR018C	171	173	211	225	452	496	436	399	298	263	228	221	155	506	229	276	441	556	675	932	131	177	111	203
YFR034C	76	101	78	116	200	219	148	177	107	142	116	116	71	190	146	138	247	242	344	366	62	82	79	118
YFR029W	402	562	359	691	866	887	709	822	452	776	540	526	257	684	484	520	759	655	844	1219	215	306	339	524
YFL003C	20	22	24	38	42	32	42	24	31	22	44	22	20	42	15	25	40	19	33	34	14	24	5	19
YFR041C	113	87	98	131	150	136	159	112	115	121	117	82	73	202	79	89	137	118	115	125	38	60	36	75
YFL059W	20	21	27	44	73	73	40	60	28	40	14	33	23	82	44	49	62	57	115	95	23	25	32	50
YFL062W	221	344	238	518	604	533	703	480	377	934	427	564	153	548	366	506	349	441	464	576	96	142	316	451
YFR026C	16	9	20	24	35	25	28	18	23	27	16	18	8	29	14	10	15	16	23	20	8	11	12	10
YFL014W	130	102	94	138	664	1337	544	1043	221	415	194	374	38	148	224	265	480	263	2081	1352	66	69	425	518
YFL066C	20	37	30	32	62	60	52	43	38	48	29	29	34	101	52	74	64	152	105	217	19	30	37	62
YFL047W	810	1105	753	1400	666	573	620	518	756	961	806	762	511	1227	1052	1028	581	463	542	672	301	459	440	682
YFR032C-A	1395	627	1366	622	2088	1386	1915	1476	1688	973	1713	716	1033	2354	381	450	1710	1535	1206	1369	754	1056	481	767
YFR056C	0	1	0	2	1	0	1	0	1	3	2	4	0	0	0	0	0	1	0	1	0	0	0	0
RUF20	9	8	6	4	16	1	14	7	4	0	9	2	6	18	5	3	12	11	10	7	5	7	1	3
YFL044C	416	386	417	425	571	406	495	370	471	532	499	394	276	679	306	347	460	371	386	501	211	250	256	383
YFR011C	294	215	349	275	440	441	420	404	340	300	390	249	200	464	217	185	340	211	385	412	142	156	150	248
YFR022W	658	599	816	835	1043	608	1100	600	1031	595	890	491	319	1046	550	552	572	520	535	774	276	378	193	378
YFR047C	396	308	402	434	693	559	555	447	435	414	504	370	295	703	346	369	614	501	597	540	227	339	237	437
tF(GAA)F	0	0	0	1	0	0	1	0	0	0	0	0	0	0	0	0	0	0	0	0	0	0	0	0
YFL051C	4	5	22	6	47	15	30	12	8	6	11	3	4	14	2	8	22	19	24	30	9	6	4	8
YFL054C	166	194	222	338	398	379	338	318	232	264	216	272	141	366	262	277	278	349	464	654	85	116	132	222
YFR036W-A	4	0	2	1	8	5	6	2	3	1	4	2	4	6	2	2	4	3	7	6	2	1	2	2
YFR024C-A	859	740	914	974	1633	1401	1393	1244	1081	894	1064	819	579	1467	615	731	1369	1214	1344	1677	444	628	445	720
YFR045W	217	195	227	290	424	329	355	302	225	242	265	203	115	311	159	150	247	252	229	360	102	143	112	193
YFR002W	1531	924	1446	1217	2110	1512	1934	1404	1456	1315	1774	913	1073	2435	867	810	1926	1628	1511	1837	693	900	522	923
YFL012W	0	1	0	0	5	5	4	9	4	2	2	0	2	2	2	2	3	3	4	0	0	0	0	1
YFL033C	2176	1845	2095	2185	4754	4479	4320	4128	2665	2649	3217	2022	1465	3418	1649	1732	4158	3670	4554	6409	1127	1562	1281	1957
YFL021W	1249	1509	1189	2006	3500	2962	3352	3078	1946	2872	2058	2474	784	1995	1242	1413	3118	2748	2989	3985	663	980	1167	1803
YFL008W	644	696	581	986	1175	977	1016	872	633	757	806	548	426	1186	752	798	1042	991	1053	1396	298	419	321	551
YFL019C	2260	86	51	2586	1663	1601	54	106	3206	3145	23	38	1796	14	1768	4	1804	12	1759	19	1130	42	1238	42
YFR005C	383	304	370	393	513	357	456	314	316	341	454	251	267	656	324	324	544	427	411	524	220	242	170	321
YFL022C	2446	1536	2483	2062	4226	2904	3704	2473	2679	2255	2891	1553	1609	4332	1278	1301	3418	3404	2667	3555	1115	1757	811	1614
YFL028C	300	230	325	308	520	419	443	350	271	297	297	248	289	714	254	251	627	529	520	550	177	234	206	334
YFL052W	78	106	72	172	145	127	103	91	76	113	75	140	38	114	132	147	105	124	120	235	21	58	76	119
YFR008W	38	46	42	59	87	60	74	38	38	66	51	48	52	110	68	66	90	90	64	82	27	44	30	47
YFL002C	434	275	478	346	635	528	614	424	480	408	478	268	311	869	246	212	632	661	476	705	212	311	173	309
YFL055W	264	515	274	713	452	516	433	417	295	509	323	415	155	405	620	659	311	256	385	518	118	174	187	283
YFL034C-B	388	619	432	764	582	498	578	441	432	589	471	418	231	718	598	659	534	502	437	542	213	298	265	448
YFR023W	4	39	4	63	12	7	4	8	3	10	8	7	4	11	53	46	11	1	14	7	4	3	2	5
YFR001W	425	231	522	302	497	356	439	288	398	294	392	222	383	991	306	317	684	651	457	516	168	247	184	341
YFL023W	264	140	301	201	549	526	449	435	293	265	315	142	173	531	144	125	472	451	513	668	99	155	96	154
YFL020C	1253	72	52	1436	970	969	68	90	1821	1579	39	38	1017	31	1191	18	1006	48	1191	49	778	53	873	54
tY(GUA)F2	0	0	0	0	0	0	1	0	0	1	0	1	0	0	0	0	0	2	0	0	0	0	0	1
YFL067W	0	0	0	0	0	0	0	0	0	0	1	0	0	2	1	0	1	0	0	0	1	1	0	0
YFR031C-A	7250	3771	7160	4094	10234	7342	9503	6584	7918	5588	8187	4134	5133	11513	2761	2796	8847	8203	6680	7305	4615	6002	2974	4744
YFL010C	1302	1730	1310	2272	2498	2380	2176	1955	1526	2295	1503	1987	1019	2990	2159	2264	2414	2457	2447	2714	967	1281	1445	2560
tN(GUU)F	1	2	2	6	1	0	2	2	0	2	2	0	1	2	4	3	1	2	1	0	1	2	1	3
YFL053W	7	5	21	9	34	17	48	18	33	11	22	11	7	17	3	10	17	12	18	16	8	13	7	5
YFR030W	1603	3797	1500	5227	3428	3872	2876	3336	1676	5461	2531	4833	846	1940	3947	3763	1747	2025	3796	5900	716	958	2437	4205
YFR003C	228	338	260	441	363	260	333	226	280	363	373	255	209	556	398	423	292	240	239	275	136	184	216	329
YFL039C	16863	16447	17293	19170	23194	18523	21030	17997	20276	21279	20597	18391	12991	25027	15380	17036	18197	17244	16796	18064	11871	15197	13356	20062
YFL029C	191	195	179	217	251	225	260	206	172	222	227	159	91	255	142	154	235	194	170	228	75	99	97	118
YFL030W	41	80	49	104	103	234	95	184	59	144	49	150	37	85	129	121	97	64	181	151	44	43	74	125
YFL058W	53	74	66	118	217	301	196	238	104	144	100	87	38	137	66	86	151	126	248	283	30	43	74	125
YFL016C	482	439	554	656	1165	1092	1016	942	627	585	642	493	321	898	470	464	864	920	1041	1373	304	357	277	420
YFR040W	1246	719	1325	1010	2070	1288	1868	1165	1353	923	1591	743	819	2015	665	655	1800	1666	1297	1793	557	731	440	643
YFL041W	716	589	763	880	1269	1338	1250	1107	866	894	883	702	429	1194	590	634	938	905	1460	2004	471	491	396	719
tS(GCU)F	2	2	0	2	2	3	3	2	2	0	3	4	1	5	1	2	1	2	0	0	0	1	2	2
tG(GCC)F1	0	0	0	0	0	0	0	0	0	0	0	0	0	0	0	0	0	1	0	0	0	0	0	0
YFL036W	1412	798	1604	1042	2805	2538	2399	2149	1677	1207	1743	967	1051	2454	862	861	2032	2084	2883	4033	877	913	591	1092
YFR053C	5170	2843	5434	3662	8350	5088	7202	4552	6123	3042	6549	3162	3326	6874	2203	2167	5732	4878	3434	3838	2572	3169	1659	2465
YFL048C	1166	1347	1270	1763	1919	1459	1648	1268	1310	1495	1306	1165	996	2369	1748	1813	1884	1681	1875	2563	591	853	927	1422
YFL015W-A	1	1	1	0	0	1	1	1	0	0	0	1	0	1	0	1	2	0	1	0	0	0	0	1
YFR057W	0	3	1	0	5	1	1	1	1	1	0	0	0	2	1	0	0	9	4	9	0	1	0	0
YFR046C	120	104	94	104	176	160	150	110	108	121	146	78	118	241	104	122	221	171	205	251	67	86	64	101
YFL037W	1619	2168	1690	2813	2627	2030	2228	1765	1985	2707	2086	2056	1248	3034	2206	2452	2016	2078	1923	2457	868	1279	1086	2147
YFL061W	16	21	24	35	37	38	33	28	21	30	30	32	6	30	30	34	27	44	35	49	4	6	24	32
YFL017C	57	46	56	62	89	83	92	67	58	55	63	34	43	147	48	43	100	80	67	69	29	41	24	58
YFR012W	9	17	14	14	26	29	24	32	15	13	20	17	10	27	10	11	29	16	31	40	13	8	8	13
YFL034C-A	870	384	830	429	909	820	888	701	814	697	951	520	626	1616	310	330	1014	663	868	702	456	658	391	590
YFR010W	1198	1261	1203	1718	1832	1559	1568	1292	1262	1491	1367	1180	955	2214	1280	1317	1670	1465	1352	1802	586	782	767	1292
YFL040W	2	0	2	1	4	3	5	4	4	3	1	1	3	5	2	2	2	1	4	6	0	0	0	1
YFR020W	84	110	100	140	147	121	128	96	134	145	283	147	86	222	95	114	139	118	137	180	61	92	86	119
YFR038W	399	380	425	485	665	653	648	579	493	539	562	355	307	739	349	381	697	632	645	909	199	319	218	360
YFR012W-A	7	11	8	14	16	14	6	22	8	10	13	9	6	10	13	13	12	10	12	12	5	7	6	5
YFL031W	4239	4208	4522	5131	7249	6106	6570	5693	6003	7008	5561	6133	2904	6951	4369	4806	5910	6224	5920	7547	2592	3670	3446	5372
YFL017W-A	120	61	98	76	190	143	172	138	121	122	138	91	57	190	53	78	133	129	114	126	41	70	75	106
YFL005W	603	468	643	632	1016	782	880	690	679	696	720	517	549	1447	540	638	992	838	745	903	313	469	412	727
YFR019W	1234	1876	1254	2274	2927	2834	2599	2539	1528	2387	1829	1724	822	2194	1520	1827	2358	2439	2859	3949	623	891	1124	1623
YFL042C	370	334	379	460	673	499	582	424	483	435	490	339	282	697	339	374	589	559	445	623	210	269	178	324
YFR042W	224	221	250	278	405	414	394	373	343	365	349	272	136	408	239	298	344	281	379	528	163	228	259	303
YFR050C	1362	1407	1403	1774	2370	1793	1997	1522	1475	1740	1574	1331	1018	2456	1277	1377	1750	1721	1492	1796	660	941	888	1373
YFR007W	292	219	318	324	487	480	526	395	364	331	408	263	167	408	176	176	349	290	370	468	125	171	133	249
YFL065C	40	53	42	71	101	100	89	82	42	74	49	59	44	114	69	124	105	180	154	280	27	29	65	78
YFL038C	1460	1158	1474	1527	2407	2001	2208	1778	1573	1626	1740	1197	1236	2936	1309	1404	2439	2128	2005	2271	877	1162	939	1541
YFR015C	404	162	317	317	723	450	650	388	388	270	470	248	260	601	221	206	593	555	408	567	135	263	129	171
tG(GCC)F2	0	0	0	0	0	0	1	0	0	0	0	0	0	0	0	0	0	0	0	0	0	0	0	0
YFR009W-A	315	240	316	310	514	344	480	308	367	321	417	225	293	640	220	222	515	456	374	510	156	225	130	244
YFL060C	17	20	24	30	40	44	35	47	24	36	25	20	28	69	29	34	52	36	63	59	19	23	22	44
YFR043C	229	199	227	249	462	363	448	281	269	250	321	170	157	458	186	169	394	303	314	399	100	153	111	206
YFL049W	386	421	410	599	667	549	570	486	397	578	444	407	307	781	496	498	620	548	598	831	168	258	253	436
YFR052C-A	363	168	392	236	638	349	520	305	418	170	426	180	253	528	146	128	406	374	244	256	160	208	101	161
RUF21	0	0	2	0	4	2	2	4	2	2	4	2	0	0	2	1	2	1	3	1	2	2	0	0
YFR028C	510	643	497	863	655	584	530	481	506	645	554	478	375	1090	668	707	726	697	641	851	262	353	304	591
YFR010W-A	1	0	2	0	0	4	2	3	1	1	1	1	0	1	2	0	2	1	6	2	2	0	0	4
YFR051C	2096	1950	2134	2427	4117	3064	3579	3011	2733	2694	2585	2070	1280	3444	1650	1836	3363	3060	2952	4025	1065	1461	1142	1922
YFR016C	545	526	549	732	1000	859	856	815	564	592	730	476	422	1049	533	559	999	947	954	1434	219	299	233	397
YFR032C	5	1	12	4	31	23	27	18	11	8	13	6	9	18	7	5	30	9	39	21	7	6	6	7
YFL001W	584	399	595	472	951	668	834	589	573	621	703	444	379	1067	355	346	850	692	662	821	265	423	330	461
YFR037C	312	233	316	341	540	347	436	247	327	332	357	242	327	783	310	344	573	589	474	578	155	241	190	294
YFL013W-A	1	0	0	0	10	12	7	12	3	2	2	1	1	0	0	0	8	2	7	3	0	0	1	2
YFL063W	0	0	1	0	5	6	2	2	2	3	2	1	0	0	1	0	4	4	4	4	0	0	3	1
YFR025C	160	143	171	191	314	301	313	261	186	250	237	162	146	507	184	182	308	289	332	317	103	135	121	209
YFL025C	373	402	368	534	812	756	753	714	369	520	516	406	302	690	429	402	746	783	901	1456	201	282	252	386
YFR054C	14	7	14	9	36	27	32	26	24	19	29	14	6	24	8	16	20	21	26	39	14	8	12	14
YFR033C	476	525	600	846	1019	1129	911	972	566	875	612	738	456	1194	977	888	940	793	1336	1388	364	344	592	989
YFR031C	315	274	273	432	514	429	483	410	342	428	402	310	233	579	335	312	529	490	497	662	146	210	187	272
YFL021C-A	3	4	8	12	12	6	6	6	10	9	4	8	4	12	6	8	12	8	4	18	9	6	8	12
YFL010W-A	2	3	0	1	1	1	3	2	2	2	0	2	0	0	0	0	2	1	0	1	0	0	1	1
YFR039C	121	142	130	198	218	168	182	136	124	204	132	150	88	230	152	150	181	167	168	245	47	91	82	154
YFL027C	428	452	358	667	356	259	311	204	419	624	485	439	361	920	535	572	359	326	252	327	188	263	291	492
YFL007W	4311	3825	4462	5085	8462	7103	7465	6321	5123	5591	5266	4148	2879	7001	3272	3466	6769	6482	7384	10093	2101	2603	2398	3972
YFL004W	2195	913	2108	1180	3535	1930	3194	1871	2172	1321	2360	977	1754	4182	744	828	3299	2953	2116	2516	999	1454	534	988
YFR048W	379	260	350	350	603	479	547	430	390	380	487	285	272	705	220	270	537	493	495	690	194	244	136	283
YFR035C	0	0	1	0	2	1	2	0	0	0	0	1	0	1	1	0	0	0	1	0	0	0	2	0
tY(GUA)F1	0	0	0	0	0	0	0	1	0	0	0	0	0	0	0	0	0	0	0	0	1	0	0	0
YFL009W	792	680	783	897	1235	1048	1016	912	925	861	1113	636	589	1531	610	636	1163	1031	1053	1364	431	650	402	649
YFR004W	908	898	992	1176	1333	969	1154	867	990	1058	1046	815	671	1595	929	948	1186	996	953	1033	481	598	643	949
YFL002W-B	9237	22398	8283	27993	7798	6391	7110	6908	9398	11980	10344	8659	5291	17533	19065	28352	7725	6175	8247	9154	2933	4792	8265	10060
YFL002W-A	26481	59429	23639	76706	22261	17602	21774	19851	26761	33887	30486	23473	15842	50252	53506	79272	23460	19364	25114	28211	8412	13834	22479	27643
YAL037W	168	206	202	269	190	89	210	86	196	135	220	136	108	318	165	204	137	88	106	92	90	101	76	120
YAL016W	1724	1322	1676	1774	2858	2184	2720	1890	1975	2095	2159	1518	1057	2747	1022	1079	2072	1831	1565	1939	689	1048	733	1234
YAL003W	3883	2116	3952	2292	6600	4698	5468	4160	4610	3152	4039	2359	3072	7476	1386	1456	5266	5360	3866	4562	2264	2848	1458	2455
YAL053W	1656	2542	1811	3400	3927	4309	3881	3944	2404	5114	2290	4240	941	2281	2400	2672	2792	2476	3957	5501	797	1154	2726	4322
YAL031W-A	3	0	2	2	2	3	3	0	0	1	1	0	0	2	0	0	0	1	2	0	0	1	1	1
YAL019W	1981	1108	1984	1388	3240	2660	2902	2180	2106	1622	2332	1146	1353	3309	929	1030	2831	2899	2617	3650	864	1148	744	1103
YAL024C	548	612	582	790	987	924	924	801	568	890	770	654	374	992	580	636	862	895	1085	1583	230	362	347	640
YAL034W-A	14	18	15	24	44	26	31	27	27	23	23	18	27	44	22	24	41	34	26	34	6	12	6	19
YAL064W-B	29	49	26	75	60	54	57	35	41	56	34	44	30	71	80	83	58	67	80	114	14	24	37	50
YAL018C	4	2	1	8	6	7	1	8	2	6	6	7	2	4	4	6	7	4	9	4	0	3	3	4
YAL037C-A	0	2	2	1	0	0	0	0	0	1	0	0	0	1	4	2	0	0	0	0	0	0	0	0
YAL056C-A	0	0	0	2	0	4	3	0	0	2	1	1	0	1	0	0	1	2	0	2	0	0	0	4
tL(CAA)A	3	4	5	5	6	7	3	2	2	1	3	5	2	4	3	3	2	4	1	3	0	3	3	4
YAL048C	478	413	467	541	816	635	744	554	578	610	632	427	297	799	343	409	687	641	642	844	241	348	223	389
YAL025C	617	225	644	317	861	760	788	613	601	520	733	269	644	1630	348	339	1220	1065	1029	1237	397	522	347	571
YAR064W	0	0	0	0	1	0	2	0	0	0	0	0	1	0	2	1	0	2	0	3	0	0	0	0
YAL031C	686	817	662	1094	947	744	912	692	687	899	903	694	496	1205	808	792	820	767	743	1064	252	464	366	657
YAR075W	14	6	15	6	25	22	12	13	12	10	10	4	5	29	5	9	10	32	20	36	2	8	5	10
YAL063C-A	11	19	7	24	16	22	21	19	9	11	10	9	6	9	11	7	15	7	10	12	9	5	2	6
tP(UGG)A	0	0	1	0	1	0	1	0	0	0	1	0	0	0	0	2	0	0	0	0	0	1	0	0
tA(UGC)A	0	0	0	0	1	0	2	0	0	0	0	1	0	1	0	0	2	1	1	4	0	0	1	1
YAL023C	3038	2163	3074	2790	5275	3941	4794	3634	3770	2698	3924	2300	1986	5206	2206	2056	4340	4390	4330	6382	1500	2306	1159	2299
YAL062W	17	31	33	25	65	72	43	50	31	27	27	24	19	52	19	32	50	49	49	66	22	21	15	22
YAR061W	4	2	3	6	19	20	25	17	4	4	5	4	0	4	2	4	29	21	19	36	2	0	2	3
YAL026C	2550	2109	2546	2703	3961	3049	3634	2789	2685	2614	3036	1943	1665	3877	1827	1965	3376	3020	3145	4659	1088	1595	1064	1801
YAL014C	512	516	487	608	842	718	777	582	697	688	707	558	254	684	336	351	626	504	516	656	226	344	241	386
YAL034C-B	1	0	1	1	2	0	0	1	0	1	0	0	0	1	0	0	2	0	1	0	2	0	0	2
YAR035W	106	69	88	125	273	329	228	355	209	175	145	166	49	163	100	124	148	166	288	310	60	84	75	122
YAL010C	560	451	549	539	833	656	806	607	599	616	714	423	304	814	264	305	758	560	505	705	201	335	208	328
YAL042W	1210	890	1417	1133	2422	1916	2126	1801	1694	1308	1657	1032	954	2433	839	926	2143	2020	2100	2929	759	1105	578	981
YAL038W	40966	30654	39214	34188	58884	48093	52632	45387	46565	40282	47034	35115	35713	60239	27031	29307	51578	52601	43822	49163	28926	36782	23645	34087
YAR003W	261	210	236	279	383	313	348	229	246	319	332	242	188	488	255	256	380	309	334	398	115	164	161	221
YAL045C	2	1	1	2	2	1	5	1	1	0	1	0	0	3	1	4	1	0	3	1	0	2	2	0
YAR007C	538	660	548	981	1162	953	975	787	578	925	746	655	344	1055	580	615	1001	771	818	1002	244	362	364	570
YAL030W	169	177	180	221	325	313	316	266	171	259	203	185	117	308	139	165	278	276	265	360	89	119	130	228
YAR027W	908	871	961	1135	1508	1136	1541	1126	1131	1280	1104	962	544	1378	879	944	1203	956	946	1237	416	582	636	936
YAL055W	12	8	17	27	12	21	15	10	10	14	17	13	15	46	45	34	28	35	24	24	11	13	11	29
YAL060W	1079	425	1233	565	2411	1495	1903	1249	1374	663	1459	553	701	1679	383	414	1709	1555	1441	1745	547	740	297	475
YAL017W	1131	1048	1258	1443	2455	2167	2238	1947	1505	1585	1588	1248	843	1881	1050	1131	1870	1816	2245	2933	636	857	687	1201
YAR018C	45	72	47	64	72	85	70	72	52	83	67	45	38	85	64	72	102	66	93	133	24	38	45	74
YAL069W	1	0	1	0	2	2	6	1	0	0	2	1	0	1	0	2	1	0	2	6	0	0	0	0
YAL063C	193	129	215	151	430	324	331	248	297	245	283	186	100	318	107	144	262	325	336	441	91	119	116	163
YAL046C	42	38	52	44	98	100	80	57	48	56	42	32	42	124	49	44	95	90	130	133	28	47	42	92
YAR020C	26	27	35	35	63	46	41	37	44	36	46	30	20	48	24	30	46	47	48	55	16	26	14	29
snR18	168	94	170	112	272	208	242	186	187	156	179	104	124	254	60	94	255	205	200	214	87	119	86	162
YAR050W	238	206	270	225	870	656	625	595	438	411	433	293	187	489	198	260	679	985	783	1489	162	242	182	272
YAL016C-B	0	0	0	0	0	2	1	0	0	1	1	1	0	0	0	1	0	0	0	0	0	0	1	1
YAR019C	790	718	778	860	1442	1080	1377	1125	1027	980	1148	791	393	1098	524	523	1087	930	963	1390	353	529	431	610
YAR029W	32	12	42	22	73	32	68	30	49	12	66	16	22	84	13	16	77	83	45	85	19	31	4	19
YAR002W	1560	1299	1418	1532	1990	1404	1801	1252	1516	1468	1923	1104	954	2440	1133	1073	1723	1332	1331	1657	597	902	649	964
YAL039C	217	296	270	401	665	746	632	644	319	848	272	670	132	420	355	340	440	477	815	942	154	122	376	760
YAR030C	13	8	13	12	30	26	23	26	13	10	15	8	8	17	10	12	17	17	22	49	7	13	9	12
YAR047C	0	0	0	0	0	0	0	0	0	0	1	1	0	1	0	1	0	1	0	1	0	0	0	0
YAL022C	559	480	637	557	1149	1041	1039	969	828	711	872	530	361	1070	412	476	894	875	1073	1481	336	479	314	551
YAL011W	124	84	146	107	215	163	183	154	136	120	164	98	96	282	109	107	250	228	246	285	72	76	78	116
YAL001C	266	277	291	376	470	356	428	299	277	363	340	258	224	536	305	319	443	390	380	491	133	208	132	269
YAL056W	488	296	486	460	819	649	694	523	519	430	556	340	431	1069	360	362	796	825	692	1109	242	367	240	339
YAL066W	0	1	2	0	2	3	3	3	1	1	1	1	1	0	2	0	0	1	3	4	0	0	3	0
YAL013W	316	244	343	337	668	510	610	429	445	405	457	316	207	596	227	231	593	585	508	693	188	262	163	277
YAL047W-A	1	0	0	0	2	2	3	2	2	1	1	0	0	1	0	0	1	1	0	1	0	0	1	1
YAL016C-A	6	12	7	12	8	8	8	13	11	17	17	8	3	7	5	12	2	4	5	6	4	2	4	7
YAL064W	6	5	7	2	11	10	12	6	5	9	9	5	1	7	1	2	9	8	3	8	2	1	6	7
YAR071W	909	156	1171	168	1775	610	1582	604	800	166	503	151	754	2132	133	155	1571	1494	659	758	424	476	80	152
YAR033W	212	134	190	192	312	211	250	176	214	207	229	166	149	438	148	176	275	235	218	232	110	170	163	261
YAR069C	3	3	2	3	4	2	1	2	2	1	3	1	1	4	2	2	2	0	4	4	0	0	1	2
YAR019W-A	3	1	1	4	3	7	6	5	1	3	3	5	0	8	4	5	6	5	8	3	4	3	0	2
YAR070C	2	0	1	1	1	0	2	2	2	1	2	3	1	3	2	3	2	0	1	2	1	1	0	1
YAL054C	371	674	336	862	714	816	641	763	486	1188	545	1053	158	416	673	792	464	334	526	623	192	281	484	732
YAL067C	22	57	29	63	96	133	115	147	31	81	29	78	7	11	27	25	67	67	143	345	7	13	22	37
YAL059W	153	48	152	70	215	162	174	142	151	94	121	79	163	446	70	63	249	273	216	296	83	102	72	134
YAL005C	7879	7871	8795	10132	16660	12439	13692	10902	9967	9629	9538	8444	6117	15539	7789	8654	12651	13158	12697	13886	4792	5615	4632	8038
YAL068W-A	0	0	0	0	0	2	2	0	0	0	0	0	0	0	0	0	1	0	0	2	0	0	0	0
YAL035W	5490	2800	5686	3522	9021	6183	7736	5410	6141	4289	6656	3009	4034	10077	2344	2521	7749	7296	6342	8604	2669	3479	1934	3181
YAL008W	81	101	111	164	189	198	194	124	111	144	126	123	81	221	142	117	199	137	179	198	60	95	95	150
YAL020C	71	60	79	87	120	115	113	92	102	79	89	73	64	181	62	71	109	116	117	158	22	54	43	76
YAL032C	180	167	184	251	357	316	272	251	202	222	236	194	133	336	207	232	278	256	317	483	69	101	101	164
YAL015C	54	39	60	62	140	93	101	83	64	75	69	68	42	155	62	59	124	128	146	156	37	57	45	84
YAL028W	369	606	350	686	593	274	562	284	580	479	494	477	248	610	515	618	453	368	258	361	172	295	231	352
YAL042C-A	1	2	1	6	7	8	5	7	0	7	2	8	1	5	4	4	2	3	9	3	0	0	1	5
YAL065C	48	46	57	41	83	71	55	52	57	65	52	49	20	88	31	43	55	53	65	62	19	29	34	47
YAL009W	149	103	134	157	239	204	226	161	169	186	177	110	126	344	134	135	316	287	235	358	93	114	109	200
YAR014C	578	614	570	906	764	689	622	518	482	616	608	467	639	1636	1029	968	957	973	989	1269	344	471	468	756
YAL037C-B	10	5	9	12	9	9	9	9	7	8	3	5	11	28	11	17	10	18	15	9	2	7	8	12
YAR053W	0	0	1	0	0	0	0	0	0	1	0	0	0	0	0	2	0	2	0	2	0	0	0	1
YAL036C	505	240	564	286	825	606	671	517	477	361	524	259	343	1001	180	202	745	762	682	853	224	346	168	301
YAL059C-A	1	1	1	0	2	4	4	3	6	2	1	4	2	2	0	1	3	1	1	3	0	0	1	2
YAL002W	762	865	775	1138	1533	1441	1442	1312	1000	1335	1176	1024	509	1186	715	805	1282	1098	1327	1847	413	581	573	852
YAL021C	3315	2255	3278	2743	5571	3881	5016	3458	3906	3050	4149	2405	2014	5472	1876	1903	4786	4551	3987	5961	1772	2491	1481	2427
tS(AGA)A	1	0	1	1	0	1	0	0	1	1	0	0	0	5	0	1	0	1	0	1	0	0	2	2
YAL061W	275	64	424	81	957	301	1016	354	556	129	469	92	91	420	40	27	355	211	175	296	126	152	22	57
YAR023C	76	42	78	70	109	82	107	74	84	75	70	57	44	90	34	39	94	69	64	75	18	47	27	41
YAL034C	1057	678	981	821	1658	1132	1755	1097	1365	989	1430	698	486	1258	438	483	1155	885	889	1132	391	633	379	607
YAL026C-A	148	124	133	135	213	156	221	149	158	198	192	119	93	201	72	95	169	151	139	186	47	90	61	74
YAR002C-A	634	556	700	723	1027	944	1028	828	722	700	838	601	478	1127	534	550	939	883	822	1049	458	587	460	681
YAL004W	0	0	1	1	2	0	2	1	0	1	0	0	0	3	0	0	1	3	1	1	0	1	0	0
YAR008W	36	19	22	27	58	41	46	38	19	23	18	10	27	82	23	29	71	64	50	64	18	20	19	35
YAL067W-A	0	0	0	0	0	0	0	0	0	0	0	0	0	0	0	0	0	0	0	0	0	0	0	0
YAL049C	894	1054	923	1342	1486	1346	1329	1168	1015	1381	1115	1057	574	1370	1015	1045	1174	995	1136	1356	461	575	749	1170
YAR060C	3	2	2	2	9	10	8	6	7	2	6	3	2	14	2	16	19	9	20	22	2	3	2	6
YAL047C	249	166	224	204	395	347	379	288	302	281	347	222	142	393	154	173	387	277	323	371	108	129	127	179
YAL029C	2411	1596	2485	1990	4588	3358	3984	2965	2711	2513	3148	1860	1896	4576	1685	1735	4222	4283	3938	5463	1175	1761	1253	2128
YAR031W	74	69	73	84	120	67	111	67	80	228	100	170	78	230	113	142	129	136	100	121	51	85	258	351
YAL027W	87	58	90	96	136	118	144	86	97	78	114	54	60	174	68	50	123	104	93	116	30	60	39	59
YAR073W	43	22	71	18	87	68	48	42	46	43	38	19	22	100	16	30	49	82	68	102	16	32	12	36
YAL033W	131	83	138	78	217	148	211	142	165	110	169	78	92	276	55	66	174	166	118	144	53	98	47	99
YAR015W	579	645	496	1051	1035	1974	738	1247	512	1080	573	811	731	1190	852	866	1694	1240	2076	1698	289	391	683	983
YAL044W-A	539	349	493	476	878	769	867	727	548	587	609	474	269	790	326	314	680	523	570	648	280	336	259	454
YAL041W	1057	969	956	1279	1647	1338	1494	1157	1137	1432	1366	1078	667	1688	810	906	1372	1286	1246	1646	454	663	609	906
YAL019W-A	3	5	4	8	16	21	14	16	10	4	6	4	3	14	2	2	14	8	23	11	4	1	6	2
YAR035C-A	0	0	0	0	0	0	0	0	0	0	0	0	0	0	0	0	0	0	1	0	0	0	0	1
YAL068C	2	1	1	1	3	1	2	1	2	2	1	1	1	5	2	2	2	1	7	2	0	0	1	0
YAR042W	2053	1498	2190	1947	4300	3527	3736	3182	2404	1604	2533	1343	1382	3824	1505	1659	3691	3360	3687	4716	1205	1419	895	1324
YAL051W	1142	799	1140	1052	1991	1489	1897	1353	1309	1265	1612	922	613	1504	587	683	1551	1275	1210	1960	502	631	516	736
YAL043C	1046	884	1021	1108	2075	1735	1752	1568	1324	1492	1478	1053	681	1983	834	878	1785	1761	1825	2448	640	868	680	1107
YAR066W	82	58	94	65	73	61	83	64	126	121	134	89	38	162	36	44	42	47	49	84	36	64	60	84
YAL044C	383	353	325	520	765	836	688	692	457	525	452	440	258	609	415	392	539	474	674	747	227	217	306	484
YAR068W	274	204	341	222	281	240	290	243	512	419	542	358	121	508	135	214	159	176	214	314	139	202	206	308
YAL058W	623	369	579	468	1049	938	893	764	628	562	666	419	356	1044	345	377	898	885	1031	1496	302	409	260	426
YAL012W	7759	8391	8150	9810	15079	12696	14054	12652	11671	12892	11623	11048	3712	10237	6110	6733	9591	9331	9697	12070	4255	5205	4881	7795
YAL064C-A	0	1	0	2	9	5	13	7	2	3	3	5	2	3	3	4	4	7	8	14	0	2	2	0
YAR028W	641	251	688	286	951	543	902	493	754	306	810	260	456	1130	200	213	824	675	504	652	336	460	172	270
HRA1	8	19	5	29	6	8	2	3	9	7	6	10	1	18	8	22	0	4	1	0	2	0	5	6
YAL007C	1014	883	1046	1118	1508	1144	1462	1104	1069	1163	1213	830	673	1559	689	744	1217	991	938	1315	436	658	549	896
YAL040C	491	348	398	513	1488	1374	1338	1186	1056	931	1032	984	353	770	472	455	1068	1125	1297	1810	329	334	382	446
YAR010C	22368	32862	27196	36173	11961	11474	8915	10248	29288	30659	40861	26836	18309	84066	32683	57491	16920	15747	24121	24824	11325	21394	21457	35570
YAR009C	19161	41811	36992	31365	11337	11526	14213	16031	20028	20265	38187	22399	16874	101529	29140	73373	18176	23384	26255	40089	8266	22924	18130	38490
tD(GUC)Q	0	0	0	0	0	0	1	0	0	1	0	2	0	0	0	0	0	0	0	0	0	0	0	0
Q0065	2583	2418	2548	2657	4344	3720	3886	3522	2826	2787	3006	2339	2014	3689	2085	2408	3877	3772	3925	5725	1593	1985	1888	2378
Q0080	2	3	3	2	7	4	2	3	0	1	0	0	2	6	3	1	3	3	4	7	2	3	3	4
Q0160	564	396	652	503	1031	861	927	787	647	457	600	351	438	861	312	346	792	899	924	1482	339	379	290	381
Q0070	3062	2790	3001	3134	5176	4393	4575	4132	3334	3351	3572	2751	2452	4570	2506	2888	4610	4610	4713	6876	1897	2367	2251	2869
Q0142	0	0	0	0	5	4	4	2	0	2	2	2	0	0	0	3	2	2	1	12	2	0	0	0
Q0275	3852	3426	3854	3777	6751	5647	5890	5165	4412	4542	4520	3405	2638	5432	2479	2828	5335	5016	5101	7441	2089	2474	2747	3161
tR(ACG)Q2	0	1	0	0	1	3	4	1	0	2	1	0	0	3	0	0	2	1	0	4	1	0	0	1
tK(UUU)Q	1	3	0	2	2	4	2	2	1	0	0	0	1	4	1	2	3	2	3	10	0	1	1	1
Q0010	6	10	16	16	25	26	20	31	19	17	14	16	7	12	7	7	21	20	24	44	3	5	6	10
Q0255	130	95	135	132	283	222	247	202	149	125	142	135	124	243	145	138	316	284	307	605	106	132	108	128
tN(GUU)Q	0	0	0	0	4	3	1	2	0	1	0	1	0	0	0	0	0	0	0	5	0	0	0	0
Q0020	1682	3500	2171	2906	2831	2388	1169	2658	2004	1846	622	1406	61	148	62	83	347	250	126	211	58	57	38	61
tE(UUC)Q	1	1	1	0	0	1	0	0	1	0	0	0	0	2	0	1	0	2	4	12	0	1	2	3
Q0140	8	6	8	13	16	16	12	20	11	11	3	4	7	22	10	10	18	16	21	55	9	7	6	12
Q0075	63	66	70	59	125	94	100	91	83	73	73	50	50	108	47	36	125	188	151	318	38	41	34	46
Q0250	2864	2361	2729	2696	4433	3590	4170	3413	3130	3254	3154	2441	2679	4670	2498	2864	4209	4186	3986	5537	1995	2378	2433	3151
Q0017	2	4	9	8	13	20	12	20	9	7	6	6	3	7	2	4	11	14	14	33	2	3	4	5
tC(GCA)Q	0	0	0	0	0	2	0	0	0	1	1	0	0	0	1	0	1	2	1	2	0	0	1	0
Q0144	1	1	0	0	0	0	0	0	0	0	0	0	0	0	0	0	0	0	0	0	0	0	0	0
tG(UCC)Q	0	0	0	1	2	0	0	0	0	0	0	0	0	0	0	0	0	0	0	2	0	0	0	0
Q0105	4387	3377	4217	3984	7034	5676	6219	5451	4683	4321	4502	3561	3054	5730	2897	3576	5675	5495	5644	8238	2537	3032	2821	3348
tT(UGU)Q1	0	0	0	0	2	0	0	0	0	0	0	1	0	0	0	0	0	0	0	0	0	0	0	1
tM(CAU)Q2	0	0	0	0	0	0	0	1	0	0	0	0	0	0	0	0	0	0	0	0	0	0	0	0
Q0285	68	68	86	100	170	139	99	124	86	90	46	71	61	151	61	66	111	136	113	191	41	48	33	58
Q0143	1	2	0	1	4	4	4	2	0	0	0	1	0	1	0	1	1	5	0	6	0	1	0	0
Q0055	7718	7073	7394	7703	14137	11543	12720	11538	8706	8426	8033	6804	6592	11535	6676	7761	12873	13891	13741	20997	4707	5850	5439	6641
Q0032	4	1	4	1	13	18	11	13	5	8	7	4	2	6	2	0	14	10	14	38	4	0	3	2
tY(GUA)Q	1	1	0	1	4	1	2	2	2	0	0	0	0	1	0	0	1	1	2	1	0	0	0	0
Q0115	922	707	891	809	1493	1171	1324	1134	976	872	953	732	714	1376	717	849	1346	1347	1364	1979	578	705	626	778
Q0297	68	67	86	100	169	139	99	123	86	90	46	71	61	149	61	65	110	134	108	186	41	48	33	58
Q0130	3405	3237	3540	3494	4914	4340	4561	4341	3846	3684	3720	3359	3360	5415	3301	3606	4728	4713	4760	6092	2600	2877	2949	3531
tL(UAA)Q	0	1	1	0	2	2	2	1	1	2	1	0	2	1	0	0	2	2	2	5	0	0	0	1
tF(GAA)Q	1	0	0	0	0	1	1	0	0	0	0	0	0	0	0	1	0	0	1	1	0	0	0	0
Q0092	0	0	0	0	0	0	0	0	0	0	0	0	0	0	0	0	0	0	0	0	0	0	0	0
tW(UCA)Q	3	2	4	3	3	2	4	2	3	2	4	1	2	4	3	2	4	4	4	6	1	2	2	2
tT(UAG)Q2	0	0	1	0	0	0	0	0	0	0	0	0	0	0	1	0	0	0	2	1	0	0	0	0
tS(UGA)Q2	8	11	5	9	17	23	22	26	6	10	2	10	4	4	3	7	11	21	29	72	0	3	8	5
Q0110	754	592	738	672	1215	941	1073	932	819	730	810	603	573	1103	556	674	1085	1071	1107	1675	467	590	512	636
Q0120	2662	2084	2527	2048	4103	3056	3944	3266	2969	2528	2970	1951	1648	3184	1507	1866	3421	3124	3344	5129	1452	1801	1484	1756
tH(GUG)Q	2	0	0	0	2	4	0	2	1	0	2	0	1	2	1	2	2	3	4	5	0	0	2	1
Q0050	8264	7711	7987	7838	15628	12051	14145	12386	9286	8888	8559	6535	6878	12128	6089	7183	14233	15215	14081	22651	4483	5759	4907	6184
tA(UGC)Q	0	0	1	0	0	1	1	3	1	1	0	0	0	1	1	0	0	0	0	1	0	0	0	0
Q0085	2303	2114	2150	2252	3605	2954	3381	2982	2686	2613	2526	2169	1487	2480	1388	1699	2706	2441	2761	3887	1249	1558	1420	1805
Q0182	28	21	44	28	104	102	93	84	55	42	52	36	17	46	12	24	58	68	78	156	13	20	18	32
tM(CAU)Q1	0	0	0	1	1	1	2	0	2	3	1	0	0	0	1	0	2	0	3	7	2	0	2	0
tS(GCU)Q1	0	0	2	0	4	1	0	1	1	2	0	2	0	2	2	0	4	3	4	4	0	0	1	1
tV(UAC)Q	0	0	0	0	0	0	0	0	0	0	0	0	0	0	0	0	0	1	0	0	0	0	0	0
tQ(UUG)Q	1	1	0	0	1	1	0	0	1	1	0	0	0	3	0	0	1	0	3	2	0	0	0	0
tR(UCU)Q1	2	0	0	2	4	3	11	4	3	2	1	0	1	0	0	0	0	2	0	2	0	0	1	0
Q0060	1274	1118	1250	1260	2337	1793	2006	1780	1429	1336	1444	1077	881	1733	943	1023	1812	1791	1931	3057	704	876	795	1031
Q0045	5284	4738	5321	5560	9340	7645	8027	7182	5971	5978	6126	4847	4526	8575	4562	5291	8444	8558	8664	12863	3400	4254	3962	5266
tP(UGG)Q	1	3	1	5	10	10	1	16	4	5	1	5	1	8	7	9	9	15	29	41	1	3	5	6
tI(GAU)Q	0	0	0	0	0	0	0	0	0	0	0	0	0	0	0	0	0	0	0	0	0	0	0	0
Q0158	2307	4640	3100	3981	4031	3447	2046	3929	2882	2553	1118	1907	317	609	319	369	1094	1020	699	1004	347	380	237	339
